nom,debut,fin,genre,lateralite,set,systeme,coup,type_service,type_coup,zone_jeu,faute,effet_coup,coor_balle_x,coor_balle_y,coor_balle_z,joueur_frappe,joueur_sur,distance_x_jA,distance_y_jA,zone_joueur_jA,distance_x_jB,distance_y_jB,zone_joueur_jB
ALEXIS-LEBRUN,63,112,garcon,coup_droit,1,att/att,serveur_point_contre,lat_droit,,g2,pt_gagne,,,,,ALEXIS-LEBRUN,FAN-ZHENDONG,-71.50042724609375,222.280517578125,g5,119.74786376953125,-119.30368041992188,h3
ALEXIS-LEBRUN,395,430,garcon,coup_droit,1,att/att,ALEXIS-LEBRUN,lat_droit,,d2,,,29.510773849487304,58.7541810353597,2,ALEXIS-LEBRUN,FAN-ZHENDONG,104.35992431640625,-130.687744140625,h3,-79.46612548828125,200.82763671875,h5
FAN-ZHENDONG,431,442,garcon,coup_droit,1,att/att,FAN-ZHENDONG,,defensif,g3,,poussette,43.98161087036133,-111.61393259366353,2,FAN-ZHENDONG,ALEXIS-LEBRUN,49.64654541015625,-215.91891479492188,g5,-6.73089599609375,170.34039306640625,m4
ALEXIS-LEBRUN,443,454,garcon,coup_droit,1,att/att,ALEXIS-LEBRUN,,offensif,d3,,topspin,52.393914794921876,108.46078961690267,2,ALEXIS-LEBRUN,FAN-ZHENDONG,67.1619873046875,-208.63681030273438,g5,-3.294677734375,181.86126708984375,m4
FAN-ZHENDONG,455,472,garcon,coup_droit,1,att/att,serveur_point_pour,,intermediaire,,filet,bloc,,,,FAN-ZHENDONG,ALEXIS-LEBRUN,122.0,-174.51718139648438,h4,-41.39678955078125,231.36041259765625,g6
FAN-ZHENDONG,796,832,garcon,coup_droit,1,att/att,FAN-ZHENDONG,lat_droit,,g3,,,69.92502136230469,-114.39086351394653,2,FAN-ZHENDONG,ALEXIS-LEBRUN,49.6685791015625,-211.86245727539062,g5,-110.31817626953125,147.79010009765625,h4
ALEXIS-LEBRUN,833,841,garcon,revers,1,att/att,ALEXIS-LEBRUN,,offensif,g3,,topspin,-26.652779388427735,102.81534411112467,2,ALEXIS-LEBRUN,FAN-ZHENDONG,101.3731689453125,-209.20376586914062,h5,-2596.93896484375,1777.310546875,i8
FAN-ZHENDONG,842,850,garcon,revers,1,att/att,FAN-ZHENDONG,,offensif,g3,,bloc,30.450967407226564,-102.5556901137034,2,FAN-ZHENDONG,ALEXIS-LEBRUN,103.922119140625,-223.68661499023438,h5,-2596.93896484375,1777.310546875,i8
ALEXIS-LEBRUN,851,867,garcon,revers,1,att/att,serveur_point_pour,,offensif,,out,topspin,,,,ALEXIS-LEBRUN,FAN-ZHENDONG,103.75799560546875,-258.5416259765625,h6,-2596.93896484375,1777.310546875,i8
FAN-ZHENDONG,1089,1111,garcon,coup_droit,1,att/att,FAN-ZHENDONG,lat_droit,,g2,,,44.45914764404297,-53.16686757405599,2,FAN-ZHENDONG,ALEXIS-LEBRUN,-93.8646240234375,144.003173828125,h4,61.43658447265625,-204.80807495117188,g5
ALEXIS-LEBRUN,1112,1123,garcon,revers,1,att/att,ALEXIS-LEBRUN,,defensif,m2,,poussette,3.27977294921875,51.63512217203776,2,ALEXIS-LEBRUN,FAN-ZHENDONG,-48.9080810546875,205.41595458984375,g5,52.737548828125,-192.232421875,g5
FAN-ZHENDONG,1124,1140,garcon,coup_droit,1,att/att,FAN-ZHENDONG,,defensif,m2,,poussette,-10.106818008422852,-51.64416338602702,2,FAN-ZHENDONG,ALEXIS-LEBRUN,-37.88983154296875,213.52899169921875,g5,61.51397705078125,-190.144287109375,g5
ALEXIS-LEBRUN,1141,1159,garcon,coup_droit,1,att/att,serveur_point_pour,,defensif,,filet,poussette,,,,ALEXIS-LEBRUN,FAN-ZHENDONG,-16.671875,218.373046875,m5,82.658935546875,-190.30471801757812,h5
ALEXIS-LEBRUN,1398,1416,garcon,coup_droit,1,att/att,ALEXIS-LEBRUN,lat_droit,,d2,,,45.344604873657225,55.20575714111328,2,ALEXIS-LEBRUN,FAN-ZHENDONG,-38.046875,189.87969970703125,g5,104.3004150390625,-143.32705688476562,h4
FAN-ZHENDONG,1417,1426,garcon,coup_droit,1,att/att,FAN-ZHENDONG,,intermediaire,d3,,flip,-36.49056892395019,-92.19078534444174,2,FAN-ZHENDONG,ALEXIS-LEBRUN,-13.492431640625,177.290771484375,m4,58.5303955078125,-205.5499267578125,g5
ALEXIS-LEBRUN,1427,1438,garcon,coup_droit,1,att/att,ALEXIS-LEBRUN,,offensif,m3,,topspin,-24.113005065917967,95.25554784138997,2,ALEXIS-LEBRUN,FAN-ZHENDONG,39.84149169921875,187.32763671875,d5,76.98797607421875,-217.17800903320312,h5
FAN-ZHENDONG,1439,1452,garcon,revers,1,att/att,FAN-ZHENDONG,,intermediaire,g2,,bloc,70.22741928100587,-74.84259017308553,2,FAN-ZHENDONG,ALEXIS-LEBRUN,40.1373291015625,240.19354248046875,d6,-16.281494140625,-264.6442413330078,m6
ALEXIS-LEBRUN,1453,1473,garcon,revers,1,att/att,serveur_point_contre,,defensif,g1,pt_gagne,coupe,-76,32.03643557230632,2,ALEXIS-LEBRUN,FAN-ZHENDONG,-9.24658203125,309.89691162109375,m7,34.17584228515625,-276.39794921875,g7
ALEXIS-LEBRUN,1746,1783,garcon,coup_droit,1,att/att,ALEXIS-LEBRUN,lat_droit,,m2,,,5.825048446655273,62.84734242757161,2,ALEXIS-LEBRUN,FAN-ZHENDONG,-75.5491943359375,200.07232666015625,g5,129.66168212890625,-116.44076538085938,i3
FAN-ZHENDONG,1784,1798,garcon,revers,1,att/att,serveur_point_contre,,offensif,d3,pt_gagne,flip,-75.86837891712784,-124.56710806687673,2,FAN-ZHENDONG,ALEXIS-LEBRUN,-6.6641845703125,181.06390380859375,m4,64.274169921875,-213.37380981445312,g5
FAN-ZHENDONG,2373,2391,garcon,coup_droit,1,att/att,FAN-ZHENDONG,lat_droit,,g3,,,52.71953506469727,-123.78399456342062,2,FAN-ZHENDONG,ALEXIS-LEBRUN,55.59698486328125,-207.63949584960938,g5,-97.88397216796875,150.8397216796875,h4
ALEXIS-LEBRUN,2392,2411,garcon,revers,1,att/att,serveur_point_pour,,offensif,,filet,topspin,,,,ALEXIS-LEBRUN,FAN-ZHENDONG,79.75634765625,-219.02273559570312,h5,-67.5772705078125,231.35162353515625,g6
FAN-ZHENDONG,2720,2758,garcon,coup_droit,1,att/att,FAN-ZHENDONG,lat_droit,,g2,,,48.84285202026367,-59.574309730529784,2,FAN-ZHENDONG,ALEXIS-LEBRUN,-365.3568115234375,-250.6351318359375,f6,-63.55340576171875,259.309814453125,g6
ALEXIS-LEBRUN,2759,2780,garcon,revers,1,att/att,ALEXIS-LEBRUN,,defensif,g3,,poussette,-26.49754695892334,118.92203165690104,2,ALEXIS-LEBRUN,FAN-ZHENDONG,-300.3260803222656,-268.63050842285156,f6,95.821533203125,286.34136962890625,e7
FAN-ZHENDONG,2781,2791,garcon,revers,1,att/att,FAN-ZHENDONG,,offensif,m2,,topspin,-0.34230499267578124,-76.66341489156088,2,FAN-ZHENDONG,ALEXIS-LEBRUN,-406.8517761230469,-334.69677734375,f8,61.32720947265625,320.5465087890625,d8
ALEXIS-LEBRUN,2792,2804,garcon,coup_droit,1,att/att,ALEXIS-LEBRUN,,offensif,m3,,topspin,3.778517150878906,106.91836547851562,2,ALEXIS-LEBRUN,FAN-ZHENDONG,-577.2994728088379,-415.8064270019531,f8,72.5244140625,279.2596435546875,d7
FAN-ZHENDONG,2805,2813,garcon,revers,1,att/att,FAN-ZHENDONG,,offensif,g3,,bloc,72.17979278564454,-93.01998138427734,2,FAN-ZHENDONG,ALEXIS-LEBRUN,-451.2174835205078,-427.7197380065918,f8,43.689208984375,334.435546875,d8
ALEXIS-LEBRUN,2814,2839,garcon,revers,1,att/att,serveur_point_pour,,intermediaire,,out,bloc,,,,ALEXIS-LEBRUN,FAN-ZHENDONG,-578.5629653930664,-507.51983070373535,f8,109.11541748046875,331.07318115234375,e8
ALEXIS-LEBRUN,3092,3127,garcon,coup_droit,1,att/att,ALEXIS-LEBRUN,lat_droit,,m1,,,22.41202583312988,45.24225222269694,2,ALEXIS-LEBRUN,FAN-ZHENDONG,99.109619140625,-131.61431884765625,h3,-67.8779296875,188.666015625,g5
FAN-ZHENDONG,3128,3160,garcon,coup_droit,1,att/att,serveur_point_pour,,defensif,,out,poussette,,,,FAN-ZHENDONG,ALEXIS-LEBRUN,69.995849609375,-210.53189086914062,g5,-10.18914794921875,159.4481201171875,m4
ALEXIS-LEBRUN,3427,3446,garcon,coup_droit,1,att/att,ALEXIS-LEBRUN,lat_droit,,d2,,,29.417217636108397,47.73684336344401,2,ALEXIS-LEBRUN,FAN-ZHENDONG,119.75341796875,-118.06451416015625,h3,-52.75323486328125,185.903564453125,g5
FAN-ZHENDONG,3447,3462,garcon,coup_droit,1,att/att,FAN-ZHENDONG,,defensif,m2,,poussette,-20.30394878387451,-49.45304520924886,2,FAN-ZHENDONG,ALEXIS-LEBRUN,55.625732421875,-202.2694091796875,g5,-13.56512451171875,165.76568603515625,m4
ALEXIS-LEBRUN,3463,3488,garcon,coup_droit,1,att/att,serveur_point_pour,,intermediaire,,out,flip,,,,ALEXIS-LEBRUN,FAN-ZHENDONG,25.3787841796875,-181.39273071289062,g4,24.45355224609375,202.90240478515625,m5
FAN-ZHENDONG,3899,3929,garcon,coup_droit,1,att/att,FAN-ZHENDONG,lat_droit,,m2,,,7.1313926696777346,-63.16030082702637,2,FAN-ZHENDONG,ALEXIS-LEBRUN,-114.4827880859375,153.15533447265625,h4,37.63641357421875,-206.77645874023438,g5
ALEXIS-LEBRUN,3930,3944,garcon,revers,1,att/att,ALEXIS-LEBRUN,,intermediaire,m3,,flip,,,,ALEXIS-LEBRUN,FAN-ZHENDONG,-34.3060302734375,211.28515625,g5,61.45068359375,-202.14151000976562,g5
FAN-ZHENDONG,3945,3955,garcon,revers,1,att/att,FAN-ZHENDONG,,offensif,m2,,topspin,14.157951354980469,-86.4560295422872,2,FAN-ZHENDONG,ALEXIS-LEBRUN,-41.376953125,234.325439453125,g6,79.8121337890625,-207.93325805664062,h5
ALEXIS-LEBRUN,3956,3968,garcon,revers,1,att/att,ALEXIS-LEBRUN,,intermediaire,m2,,topspin,-6.380239486694336,79.31712443033854,2,ALEXIS-LEBRUN,FAN-ZHENDONG,-12.99749755859375,255.71063232421875,m6,76.77215576171875,-259.749755859375,h6
FAN-ZHENDONG,3969,3980,garcon,coup_droit,1,att/att,FAN-ZHENDONG,,offensif,m2,,topspin,-5.2909198760986325,-74.28618532816569,2,FAN-ZHENDONG,ALEXIS-LEBRUN,-59.54833984375,289.2919921875,g7,73.85198974609375,-283.6852569580078,g7
ALEXIS-LEBRUN,3981,4007,garcon,revers,1,att/att,serveur_point_pour,,intermediaire,,out,bloc,,,,ALEXIS-LEBRUN,FAN-ZHENDONG,-71.27801513671875,253.6329345703125,g6,37.03338623046875,-314.54742431640625,g7
FAN-ZHENDONG,4451,4490,garcon,coup_droit,1,att/att,FAN-ZHENDONG,lat_droit,,m2,,,21.595177459716798,-49.37596842447917,2,FAN-ZHENDONG,ALEXIS-LEBRUN,58.48773193359375,-213.57839965820312,g5,-110.257568359375,155.75506591796875,h4
ALEXIS-LEBRUN,4491,4502,garcon,coup_droit,1,att/att,ALEXIS-LEBRUN,,defensif,d2,,poussette,34.19338264465332,69.46329867045084,2,ALEXIS-LEBRUN,FAN-ZHENDONG,126.9322509765625,-179.49172973632812,i4,-67.80810546875,198.57952880859375,g5
FAN-ZHENDONG,4503,4516,garcon,coup_droit,1,att/att,FAN-ZHENDONG,,defensif,g3,,poussette,30.24075584411621,-127.44716805617014,2,FAN-ZHENDONG,ALEXIS-LEBRUN,82.74005126953125,-174.06460571289062,h4,-20.1732177734375,212.6275634765625,m5
ALEXIS-LEBRUN,4517,4527,garcon,coup_droit,1,att/att,serveur_point_contre,,offensif,g3,pt_gagne,topspin,-64.57958984375,129.42978630065917,2,ALEXIS-LEBRUN,FAN-ZHENDONG,61.37677001953125,-216.14312744140625,g5,63.4736328125,181.19012451171875,d4
ALEXIS-LEBRUN,4977,5010,garcon,revers,1,att/att,ALEXIS-LEBRUN,lat_gauche,,d2,,,56.403263854980466,65.32693456013997,2,ALEXIS-LEBRUN,FAN-ZHENDONG,-63.9088134765625,208.4732666015625,g5,-22.82012939453125,-200.69387817382812,m5
FAN-ZHENDONG,5011,5024,garcon,coup_droit,1,att/att,FAN-ZHENDONG,,defensif,g2,,poussette,57.360975646972655,-86.91233647664389,2,FAN-ZHENDONG,ALEXIS-LEBRUN,17.83294677734375,156.294677734375,m4,-9.17626953125,-222.83331298828125,m5
ALEXIS-LEBRUN,5025,5035,garcon,revers,1,att/att,ALEXIS-LEBRUN,,offensif,d2,,topspin,60.89974594116211,88.92519989013672,2,ALEXIS-LEBRUN,FAN-ZHENDONG,5.01654052734375,183.1234130859375,m5,49.5914306640625,-226.0619659423828,g5
FAN-ZHENDONG,5036,5062,garcon,coup_droit,1,att/att,serveur_point_pour,,intermediaire,,out,bloc,,,,FAN-ZHENDONG,ALEXIS-LEBRUN,-34.097412109375,242.92095947265625,g6,18.59503173828125,-258.42845153808594,m6
ALEXIS-LEBRUN,5362,5394,garcon,coup_droit,1,att/att,ALEXIS-LEBRUN,lat_gauche,,g3,,,-50.8435492515564,103.68258641560872,2,ALEXIS-LEBRUN,FAN-ZHENDONG,124.684326171875,-129.56228637695312,h3,-75.5382080078125,201.60931396484375,g5
FAN-ZHENDONG,5395,5414,garcon,revers,1,att/att,serveur_point_pour,,intermediaire,,filet,topspin,,,,FAN-ZHENDONG,ALEXIS-LEBRUN,74.04339599609375,-246.2008819580078,g6,-41.724365234375,182.40289306640625,g4
FAN-ZHENDONG,5871,5908,garcon,coup_droit,1,att/att,FAN-ZHENDONG,lat_droit,,g3,,,55.03114471435547,-107.30773868560792,2,FAN-ZHENDONG,ALEXIS-LEBRUN,61.3626708984375,-218.81069946289062,g5,-118.69378662109375,156.95843505859375,h4
ALEXIS-LEBRUN,5909,5915,garcon,revers,1,att/att,ALEXIS-LEBRUN,,offensif,m2,,topspin,-19.170800971984864,70.08026135762533,2,ALEXIS-LEBRUN,FAN-ZHENDONG,93.3642578125,-220.36434936523438,h5,-71.75567626953125,186.307373046875,g5
FAN-ZHENDONG,5916,5934,garcon,revers,1,att/att,serveur_point_pour,,intermediaire,,out,bloc,,,,FAN-ZHENDONG,ALEXIS-LEBRUN,101.2254638671875,-240.34397888183594,h6,-48.65948486328125,242.0284423828125,g6
FAN-ZHENDONG,6445,6491,garcon,coup_droit,1,att/att,FAN-ZHENDONG,lat_droit,,m2,,,-0.19961509704589844,-60.933549118041995,2,FAN-ZHENDONG,ALEXIS-LEBRUN,58.48773193359375,-213.57839965820312,g5,-97.9190673828125,146.11871337890625,h4
ALEXIS-LEBRUN,6492,6505,garcon,coup_droit,1,att/att,ALEXIS-LEBRUN,,defensif,m2,,poussette,3.5612533569335936,82.8357593536377,2,ALEXIS-LEBRUN,FAN-ZHENDONG,85.3507080078125,-199.99740600585938,h5,-64.00439453125,194.8038330078125,g5
FAN-ZHENDONG,6506,6517,garcon,coup_droit,1,att/att,FAN-ZHENDONG,,defensif,d2,,poussette,-33.44369354248047,-53.313852628072105,2,FAN-ZHENDONG,ALEXIS-LEBRUN,37.69775390625,-195.81082153320312,g5,-13.3333740234375,202.489501953125,m5
ALEXIS-LEBRUN,6518,6533,garcon,coup_droit,1,att/att,ALEXIS-LEBRUN,,defensif,d1,,poussette,31.684607696533202,43.521843338012694,2,ALEXIS-LEBRUN,FAN-ZHENDONG,49.47381591796875,-247.70968627929688,g6,36.7623291015625,182.5035400390625,d4
FAN-ZHENDONG,6534,6556,garcon,coup_droit,1,att/att,serveur_point_pour,,defensif,,out,poussette,,,,FAN-ZHENDONG,ALEXIS-LEBRUN,28.28192138671875,-221.57473754882812,g5,8.55828857421875,226.76287841796875,m5
ALEXIS-LEBRUN,7127,7151,garcon,coup_droit,1,att/att,ALEXIS-LEBRUN,lat_droit,,g3,,,-31.96032600402832,98.91182174682618,2,ALEXIS-LEBRUN,FAN-ZHENDONG,122.16851806640625,-136.80520629882812,h3,-34.4322509765625,192.1434326171875,g5
FAN-ZHENDONG,7152,7163,garcon,revers,1,att/att,FAN-ZHENDONG,,offensif,m3,,topspin,18.59186210632324,-123.7444196542104,2,FAN-ZHENDONG,ALEXIS-LEBRUN,64.2288818359375,-222.013916015625,g5,24.34942626953125,184.95556640625,m5
ALEXIS-LEBRUN,7164,7171,garcon,revers,1,att/att,ALEXIS-LEBRUN,,offensif,d3,,topspin,30.059572219848633,123.38192838033041,2,ALEXIS-LEBRUN,FAN-ZHENDONG,82.28863525390625,-264.44921875,h6,-37.79656982421875,227.56365966796875,g5
FAN-ZHENDONG,7172,7182,garcon,coup_droit,1,att/att,FAN-ZHENDONG,,intermediaire,g2,,bloc,72.2197868347168,-87.76119585037232,2,FAN-ZHENDONG,ALEXIS-LEBRUN,37.08721923828125,-304.92466735839844,g7,-44.82891845703125,264.19378662109375,g6
ALEXIS-LEBRUN,7183,7194,garcon,revers,1,att/att,ALEXIS-LEBRUN,,intermediaire,d2,,bloc,31.823804092407226,60.004655838012695,2,ALEXIS-LEBRUN,FAN-ZHENDONG,40.06793212890625,-317.5130157470703,g7,-9.3541259765625,292.7335205078125,m7
FAN-ZHENDONG,7195,7209,garcon,coup_droit,1,att/att,FAN-ZHENDONG,,offensif,m3,,topspin,14.096170043945312,-93.49509369532267,2,FAN-ZHENDONG,ALEXIS-LEBRUN,108.67822265625,-316.0552673339844,h7,-37.247802734375,310.18682861328125,g7
ALEXIS-LEBRUN,7210,7226,garcon,revers,1,att/att,ALEXIS-LEBRUN,,intermediaire,g3,,bloc,-53.608706855773924,103.94929351806641,2,ALEXIS-LEBRUN,FAN-ZHENDONG,76.21331787109375,-370.00609588623047,h8,-71.0882568359375,280.3763427734375,g7
FAN-ZHENDONG,7227,7255,garcon,revers,1,att/att,serveur_point_pour,,offensif,,out,topspin,,,,FAN-ZHENDONG,ALEXIS-LEBRUN,63.2374267578125,-411.26641845703125,g8,-40.8814697265625,308.375,g7
ALEXIS-LEBRUN,7574,7591,garcon,coup_droit,1,att/att,ALEXIS-LEBRUN,lat_droit,,m2,,,-4.028048706054688,63.404065195719404,2,ALEXIS-LEBRUN,FAN-ZHENDONG,-13.42425537109375,188.09234619140625,m5,6.21728515625,-162.18157958984375,m4
FAN-ZHENDONG,7592,7607,garcon,coup_droit,1,att/att,FAN-ZHENDONG,,defensif,d2,,poussette,-38.92701320648193,-67.11999543507893,2,FAN-ZHENDONG,ALEXIS-LEBRUN,11.54339599609375,181.875,m4,9.17852783203125,-213.90625,m5
ALEXIS-LEBRUN,7608,7617,garcon,coup_droit,1,att/att,ALEXIS-LEBRUN,,offensif,m2,,topspin,15.709050750732422,90.27028516133626,2,ALEXIS-LEBRUN,FAN-ZHENDONG,11.76507568359375,218.983642578125,m5,61.45068359375,-202.14151000976562,g5
FAN-ZHENDONG,7618,7633,garcon,coup_droit,1,att/att,FAN-ZHENDONG,,intermediaire,g2,,bloc,55.31911926269531,-71.07507362365723,2,FAN-ZHENDONG,ALEXIS-LEBRUN,18.5162353515625,272.3355712890625,m6,12.75006103515625,-159.51858520507812,m4
ALEXIS-LEBRUN,7634,7645,garcon,revers,1,att/att,ALEXIS-LEBRUN,,intermediaire,m3,,bloc,-8.770713806152344,92.43596076965332,2,ALEXIS-LEBRUN,FAN-ZHENDONG,12.4039306640625,325.90118408203125,m8,55.765869140625,-176.101318359375,g4
FAN-ZHENDONG,7646,7673,garcon,coup_droit,1,att/att,FAN-ZHENDONG,,intermediaire,m2,,bloc,-17.93242778778076,-71.14325726826986,2,FAN-ZHENDONG,ALEXIS-LEBRUN,-70.80120849609375,320.83685302734375,g8,61.3275146484375,-225.48046875,g5
ALEXIS-LEBRUN,7674,7693,garcon,coup_droit,1,att/att,serveur_point_contre,,intermediaire,m2,pt_gagne,topspin,-8.983969497680665,69.43955459594727,2,ALEXIS-LEBRUN,FAN-ZHENDONG,-71.13165283203125,274.2652587890625,g7,79.690673828125,-232.07342529296875,h6
FAN-ZHENDONG,7858,7899,garcon,coup_droit,2,att/att,FAN-ZHENDONG,lat_gauche,,m2,,,10.745584869384766,71.01303939819336,2,FAN-ZHENDONG,ALEXIS-LEBRUN,-63.91943359375,206.9547119140625,g5,106.90655517578125,-141.56719970703125,h4
ALEXIS-LEBRUN,7900,7912,garcon,coup_droit,2,att/att,ALEXIS-LEBRUN,,defensif,m3,,poussette,18.604031372070313,-122.34236624240876,2,ALEXIS-LEBRUN,FAN-ZHENDONG,-48.94866943359375,199.43499755859375,g5,58.5517578125,-201.53634643554688,g5
FAN-ZHENDONG,7913,7923,garcon,revers,2,att/att,FAN-ZHENDONG,,offensif,m3,,topspin,1.5313850402832032,129.88548787434897,2,FAN-ZHENDONG,ALEXIS-LEBRUN,-13.46966552734375,180.89166259765625,m4,55.6185302734375,-203.61187744140625,g5
ALEXIS-LEBRUN,7924,7934,garcon,coup_droit,2,att/att,ALEXIS-LEBRUN,,offensif,d2,,topspin,-41.68626194000244,-73.3377114613851,2,ALEXIS-LEBRUN,FAN-ZHENDONG,-41.39678955078125,231.36041259765625,g6,58.60150146484375,-192.1729736328125,g5
FAN-ZHENDONG,7935,7959,garcon,coup_droit,2,att/att,serveur_point_pour,,intermediaire,,out,bloc,,,,FAN-ZHENDONG,ALEXIS-LEBRUN,-23.29345703125,270.10113525390625,m6,43.47271728515625,-249.520751953125,g6
FAN-ZHENDONG,8313,8337,garcon,coup_droit,2,att/att,FAN-ZHENDONG,lat_gauche,,g2,,,-43.06039600372314,61.12897173563639,2,FAN-ZHENDONG,ALEXIS-LEBRUN,-56.42266845703125,196.38397216796875,g5,88.3428955078125,-145.1064453125,h4
ALEXIS-LEBRUN,8338,8345,garcon,revers,2,att/att,ALEXIS-LEBRUN,,intermediaire,d3,,flip,-58.48941049575806,-100.77284197807312,2,ALEXIS-LEBRUN,FAN-ZHENDONG,-71.83172607421875,175.58526611328125,g4,58.56597900390625,-198.86087036132812,g5
FAN-ZHENDONG,8346,8370,garcon,coup_droit,2,att/att,serveur_point_pour,,intermediaire,,filet,bloc,,,,FAN-ZHENDONG,ALEXIS-LEBRUN,-56.40191650390625,199.398193359375,g5,64.274169921875,-213.37380981445312,g5
ALEXIS-LEBRUN,8694,8712,garcon,coup_droit,2,att/att,ALEXIS-LEBRUN,lat_droit,,d1,,,-36.00955314636231,-43.09958031972249,2,ALEXIS-LEBRUN,FAN-ZHENDONG,58.69036865234375,-175.45849609375,g4,-68.238037109375,137.53131103515625,g4
FAN-ZHENDONG,8713,8725,garcon,coup_droit,2,att/att,FAN-ZHENDONG,,defensif,m2,,poussette,8.178985977172852,54.24456634521484,2,FAN-ZHENDONG,ALEXIS-LEBRUN,22.393310546875,-152.11224365234375,m4,-45.270263671875,198.70831298828125,g5
ALEXIS-LEBRUN,8726,8737,garcon,coup_droit,2,att/att,ALEXIS-LEBRUN,,defensif,d2,,poussette,-46.99880237579346,-60.2967009862264,2,ALEXIS-LEBRUN,FAN-ZHENDONG,31.67724609375,-171.75164794921875,g4,-16.86932373046875,187.30950927734375,m5
FAN-ZHENDONG,8738,8750,garcon,coup_droit,2,att/att,FAN-ZHENDONG,,offensif,d3,,topspin,50.24610824584961,114.07686424255371,2,FAN-ZHENDONG,ALEXIS-LEBRUN,34.73052978515625,-177.9788818359375,g4,-6.66864013671875,180.34912109375,m4
ALEXIS-LEBRUN,8751,8759,garcon,coup_droit,2,att/att,ALEXIS-LEBRUN,,offensif,m2,,topspin,-23.077947044372557,-68.6879405339559,2,ALEXIS-LEBRUN,FAN-ZHENDONG,15.985107421875,-157.49972534179688,m4,-9.82965087890625,216.833740234375,m5
FAN-ZHENDONG,8760,8767,garcon,coup_droit,2,att/att,FAN-ZHENDONG,,offensif,d3,,topspin,58.84693069458008,101.07882130940756,2,FAN-ZHENDONG,ALEXIS-LEBRUN,31.76727294921875,-155.89285278320312,g4,40.019775390625,219.19171142578125,d5
ALEXIS-LEBRUN,8768,8782,garcon,coup_droit,2,att/att,ALEXIS-LEBRUN,,intermediaire,g3,,bloc,41.67369766235352,-120.13115248680114,2,ALEXIS-LEBRUN,FAN-ZHENDONG,40.74798583984375,-195.0850830078125,g5,63.8076171875,244.4775390625,d6
FAN-ZHENDONG,8783,8794,garcon,revers,2,att/att,FAN-ZHENDONG,,offensif,m2,,topspin,-16.739285278320313,55.413426335652666,2,FAN-ZHENDONG,ALEXIS-LEBRUN,8.9796142578125,-247.1962127685547,m6,49.36273193359375,277.3310546875,d7
ALEXIS-LEBRUN,8795,8807,garcon,revers,2,att/att,ALEXIS-LEBRUN,,offensif,d2,,topspin,-36.21350250244141,-63.91425793965657,2,ALEXIS-LEBRUN,FAN-ZHENDONG,11.9967041015625,-286.52528381347656,m7,52.55743408203125,319.755859375,d8
FAN-ZHENDONG,8808,8840,garcon,coup_droit,2,att/att,serveur_point_pour,,offensif,,filet,topspin,,,,FAN-ZHENDONG,ALEXIS-LEBRUN,58.13885498046875,-279.2088165283203,g7,-36.80767822265625,376.44757080078125,g8
ALEXIS-LEBRUN,9147,9200,garcon,coup_droit,2,att/att,ALEXIS-LEBRUN,lat_droit,,g2,,,26.23998107910156,-53.20124683380127,2,ALEXIS-LEBRUN,FAN-ZHENDONG,79.73663330078125,-222.93746948242188,h5,-98.0596923828125,127.22869873046875,h3
FAN-ZHENDONG,9201,9213,garcon,revers,2,att/att,FAN-ZHENDONG,,offensif,g3,,flip,-29.22055606842041,108.94762153625489,2,FAN-ZHENDONG,ALEXIS-LEBRUN,64.48638916015625,-172.85836791992188,g4,-93.523193359375,190.21484375,h5
ALEXIS-LEBRUN,9214,9220,garcon,revers,2,att/att,ALEXIS-LEBRUN,,offensif,m3,,topspin,-13.345147323608398,-127.2924657424291,2,ALEXIS-LEBRUN,FAN-ZHENDONG,64.4725341796875,-175.51376342773438,g4,-75.30218505859375,234.6397705078125,g6
FAN-ZHENDONG,9221,9251,garcon,coup_droit,2,att/att,serveur_point_pour,,intermediaire,,out,bloc,,,,FAN-ZHENDONG,ALEXIS-LEBRUN,109.0787353515625,-229.7215576171875,h6,-67.30377197265625,270.18341064453125,g6
FAN-ZHENDONG,9685,9724,garcon,coup_droit,2,att/att,FAN-ZHENDONG,lat_droit,,m2,,,0.9773754119873047,68.8130106608073,2,FAN-ZHENDONG,ALEXIS-LEBRUN,-71.663330078125,199.32293701171875,g5,106.90655517578125,-141.56719970703125,h4
ALEXIS-LEBRUN,9725,9736,garcon,coup_droit,2,att/att,ALEXIS-LEBRUN,,defensif,m2,,poussette,7.207285690307617,-54.654486974080406,2,ALEXIS-LEBRUN,FAN-ZHENDONG,-37.9781494140625,200.2281494140625,g5,74.35858154296875,-184.46646118164062,g5
FAN-ZHENDONG,9737,9751,garcon,revers,2,att/att,FAN-ZHENDONG,,defensif,m3,,poussette,-21.420256042480467,105.2176939646403,2,FAN-ZHENDONG,ALEXIS-LEBRUN,-34.41278076171875,195.08892822265625,g5,64.39947509765625,-189.45773315429688,g5
ALEXIS-LEBRUN,9752,9762,garcon,revers,2,att/att,ALEXIS-LEBRUN,,offensif,g3,,topspin,34.88990097045898,-119.81908797423044,2,ALEXIS-LEBRUN,FAN-ZHENDONG,-30.71087646484375,214.9239501953125,g5,37.82421875,-173.20437622070312,g4
FAN-ZHENDONG,9763,9770,garcon,revers,2,att/att,serveur_point_contre,,offensif,g2,pt_gagne,topspin,-26.94941520690918,72.03699607849121,2,FAN-ZHENDONG,ALEXIS-LEBRUN,1.87298583984375,209.24053955078125,m5,61.43658447265625,-204.80807495117188,g5
FAN-ZHENDONG,10242,10266,garcon,coup_droit,2,att/att,FAN-ZHENDONG,lat_droit,,d2,,,43.09284858703613,52.60681749979655,2,FAN-ZHENDONG,ALEXIS-LEBRUN,-37.89959716796875,212.0513916015625,g5,109.45208740234375,-149.23898315429688,h4
ALEXIS-LEBRUN,10267,10278,garcon,coup_droit,2,att/att,ALEXIS-LEBRUN,,intermediaire,g3,,flip,41.797006607055664,-105.12181180318197,2,ALEXIS-LEBRUN,FAN-ZHENDONG,-9.995849609375,190.30389404296875,m5,70.0980224609375,-190.73715209960938,g5
FAN-ZHENDONG,10279,10301,garcon,revers,2,att/att,serveur_point_pour,,offensif,,out,topspin,,,,FAN-ZHENDONG,ALEXIS-LEBRUN,-16.7315673828125,208.9844970703125,m5,82.67193603515625,-187.70584106445312,h5
ALEXIS-LEBRUN,10737,10754,garcon,coup_droit,2,att/att,ALEXIS-LEBRUN,lat_droit,,m3,,,16.423007583618165,-100.22739241917928,2,ALEXIS-LEBRUN,FAN-ZHENDONG,74.34521484375,-187.09136962890625,g5,-106.18719482421875,142.4681396484375,h4
FAN-ZHENDONG,10755,10763,garcon,revers,2,att/att,FAN-ZHENDONG,,offensif,m3,,topspin,6.1421161651611325,98.18592898050944,2,FAN-ZHENDONG,ALEXIS-LEBRUN,85.48236083984375,-173.44888305664062,h4,-63.9088134765625,208.4732666015625,g5
ALEXIS-LEBRUN,10764,10775,garcon,coup_droit,2,att/att,ALEXIS-LEBRUN,,offensif,g2,,topspin,55.18050994873047,-88.51381158828735,2,ALEXIS-LEBRUN,FAN-ZHENDONG,61.3486328125,-221.47845458984375,g5,-41.3372802734375,240.2548828125,g6
FAN-ZHENDONG,10776,10784,garcon,revers,2,att/att,FAN-ZHENDONG,,intermediaire,d2,,bloc,36.36698455810547,57.02217013041179,2,FAN-ZHENDONG,ALEXIS-LEBRUN,55.37396240234375,-249.28378295898438,g6,-48.578369140625,253.9757080078125,g6
ALEXIS-LEBRUN,10785,10795,garcon,coup_droit,2,att/att,ALEXIS-LEBRUN,,offensif,d2,,topspin,-47.25513610839844,-85.88666388193766,2,ALEXIS-LEBRUN,FAN-ZHENDONG,98.50689697265625,-257.75587463378906,h6,-67.2716064453125,274.74920654296875,g7
FAN-ZHENDONG,10801,10822,garcon,coup_droit,2,att/att,serveur_point_pour,,intermediaire,,filet,bloc,,,,FAN-ZHENDONG,ALEXIS-LEBRUN,49.3009033203125,-279.5274963378906,g7,-67.21807861328125,282.35760498046875,g7
ALEXIS-LEBRUN,11136,11193,garcon,coup_droit,2,att/att,ALEXIS-LEBRUN,lat_droit,,d3,,,-31.163938522338867,-91.58766756057739,2,ALEXIS-LEBRUN,FAN-ZHENDONG,82.42840576171875,-236.46517944335938,h6,-93.98040771484375,128.32513427734375,h3
FAN-ZHENDONG,11194,11206,garcon,coup_droit,2,att/att,FAN-ZHENDONG,,offensif,d3,,topspin,65.53002471923828,135.95987714131672,2,FAN-ZHENDONG,ALEXIS-LEBRUN,64.4794921875,-174.18603515625,g4,-71.74481201171875,187.8388671875,g5
ALEXIS-LEBRUN,11207,11228,garcon,coup_droit,2,att/att,ALEXIS-LEBRUN,,intermediaire,m3,,bloc,-21.05317039489746,-128.48672148386638,2,ALEXIS-LEBRUN,FAN-ZHENDONG,104.12774658203125,-180.00527954101562,h4,5.36285400390625,240.23406982421875,m6
FAN-ZHENDONG,11229,11239,garcon,coup_droit,2,att/att,FAN-ZHENDONG,,offensif,g3,,topspin,-70.57903060913085,102.5134651184082,2,FAN-ZHENDONG,ALEXIS-LEBRUN,43.615478515625,-223.63482666015625,g5,9.161865234375,327.04443359375,m8
ALEXIS-LEBRUN,11240,11282,garcon,revers,2,att/att,serveur_point_pour,,intermediaire,,out,bloc,,,,ALEXIS-LEBRUN,FAN-ZHENDONG,34.486328125,-221.30642700195312,g5,-2596.93896484375,1777.310546875,i8
FAN-ZHENDONG,12271,12300,garcon,coup_droit,2,att/att,FAN-ZHENDONG,lat_droit,,m2,,,-19.060541915893555,81.71112988789876,2,FAN-ZHENDONG,ALEXIS-LEBRUN,-67.71142578125,212.30157470703125,g5,99.015380859375,-151.33566284179688,h4
ALEXIS-LEBRUN,12301,12323,garcon,revers,2,att/att,serveur_point_pour,,offensif,,out,topspin,,,,ALEXIS-LEBRUN,FAN-ZHENDONG,-34.23321533203125,222.323974609375,g5,61.3204345703125,-226.81455993652344,g5
FAN-ZHENDONG,12711,12761,garcon,coup_droit,2,att/att,FAN-ZHENDONG,lat_droit,,g2,,,-34.86189498901367,74.02738711039225,2,FAN-ZHENDONG,ALEXIS-LEBRUN,-89.32794189453125,212.09344482421875,h5,104.3480224609375,-133.21527099609375,h3
ALEXIS-LEBRUN,12762,12774,garcon,revers,2,att/att,ALEXIS-LEBRUN,,defensif,m3,,poussette,23.547362518310546,-95.13197587331136,2,ALEXIS-LEBRUN,FAN-ZHENDONG,-45.2301025390625,204.66632080078125,g5,61.52099609375,-188.81149291992188,g5
FAN-ZHENDONG,12775,12785,garcon,revers,2,att/att,FAN-ZHENDONG,,offensif,m3,,topspin,-16.288308525085448,103.2485907236735,2,FAN-ZHENDONG,ALEXIS-LEBRUN,-41.58038330078125,203.9224853515625,g5,46.7177734375,-205.85589599609375,g5
ALEXIS-LEBRUN,12786,12798,garcon,coup_droit,2,att/att,ALEXIS-LEBRUN,,intermediaire,d3,,topspin,-28.865215682983397,-126.74456207752227,2,ALEXIS-LEBRUN,FAN-ZHENDONG,-83.0718994140625,248.8135986328125,h6,79.831787109375,-204.02008056640625,h5
FAN-ZHENDONG,12799,12807,garcon,coup_droit,2,att/att,FAN-ZHENDONG,,offensif,g2,,topspin,-34.934370613098146,66.63073336283365,2,FAN-ZHENDONG,ALEXIS-LEBRUN,-67.4056396484375,255.721435546875,g6,61.2042236328125,-248.83399963378906,g6
ALEXIS-LEBRUN,12808,12832,garcon,revers,2,att/att,serveur_point_pour,,intermediaire,,filet,bloc,,,,ALEXIS-LEBRUN,FAN-ZHENDONG,-63.066162109375,329.00213623046875,g8,101.171142578125,-251.7897491455078,h6
ALEXIS-LEBRUN,13135,13171,garcon,coup_droit,2,att/att,ALEXIS-LEBRUN,lat_droit,,m2,,,-17.877437782287597,-65.31033722559611,2,ALEXIS-LEBRUN,FAN-ZHENDONG,79.7235107421875,-225.54751586914062,h5,-72.2559814453125,115.79107666015625,g4
FAN-ZHENDONG,13172,13185,garcon,revers,2,att/att,FAN-ZHENDONG,,intermediaire,g3,,flip,-37.11113986968994,117.18444620768229,2,FAN-ZHENDONG,ALEXIS-LEBRUN,43.8331298828125,-184.15921020507812,g5,-60.1146240234375,207.699951171875,g5
ALEXIS-LEBRUN,13186,13203,garcon,revers,2,att/att,serveur_point_pour,,offensif,,out,topspin,,,,ALEXIS-LEBRUN,FAN-ZHENDONG,37.57501220703125,-217.74530029296875,g5,-41.248046875,253.592529296875,g6
ALEXIS-LEBRUN,13508,13523,garcon,coup_droit,2,att/att,ALEXIS-LEBRUN,lat_droit,,g3,,,39.533639144897464,-106.80233874320984,2,ALEXIS-LEBRUN,FAN-ZHENDONG,-63.91943359375,206.9547119140625,g5,37.7437744140625,-187.58871459960938,g5
FAN-ZHENDONG,13524,13532,garcon,revers,2,att/att,FAN-ZHENDONG,,offensif,m2,,topspin,-8.824007797241212,86.68886693318684,2,FAN-ZHENDONG,ALEXIS-LEBRUN,-93.107177734375,246.53106689453125,h6,61.57025146484375,-179.48330688476562,g4
ALEXIS-LEBRUN,13533,13554,garcon,revers,2,att/att,serveur_point_pour,,offensif,,out,topspin,,,,ALEXIS-LEBRUN,FAN-ZHENDONG,-71.0557861328125,284.958984375,g7,64.18017578125,-231.32089233398438,g6
FAN-ZHENDONG,13996,14016,garcon,coup_droit,2,att/att,FAN-ZHENDONG,lat_droit,,m2,,,-9.130696487426757,53.61706428527832,2,FAN-ZHENDONG,ALEXIS-LEBRUN,112.0364990234375,-144.96707153320312,h4,-71.6416015625,202.384765625,g5
ALEXIS-LEBRUN,14017,14030,garcon,coup_droit,2,att/att,ALEXIS-LEBRUN,,defensif,m2,,poussette,-10.455479431152344,-89.24292278289795,2,ALEXIS-LEBRUN,FAN-ZHENDONG,77.03106689453125,-208.66946411132812,h5,-89.57373046875,178.5753173828125,h4
FAN-ZHENDONG,14031,14043,garcon,coup_droit,2,att/att,FAN-ZHENDONG,,offensif,g3,,topspin,-56.219860553741455,120.84578946431478,2,FAN-ZHENDONG,ALEXIS-LEBRUN,77.09075927734375,-196.8916015625,h5,-67.63629150390625,222.9708251953125,g5
ALEXIS-LEBRUN,14044,14057,garcon,revers,2,att/att,ALEXIS-LEBRUN,,intermediaire,m1,,bloc,-15.108661651611328,-43.290395228068036,2,ALEXIS-LEBRUN,FAN-ZHENDONG,117.14080810546875,-139.61599731445312,h4,3.876953125,266.7589111328125,m6
FAN-ZHENDONG,14058,14067,garcon,coup_droit,2,att/att,serveur_point_contre,,offensif,d2,pt_gagne,topspin,56.53042144775391,81.32483139038087,2,FAN-ZHENDONG,ALEXIS-LEBRUN,104.1456298828125,-176.20932006835938,h4,-51.76910400390625,329.79071044921875,g8
FAN-ZHENDONG,14537,14562,garcon,coup_droit,2,att/att,FAN-ZHENDONG,lat_droit,,m2,,,-6.565380477905274,59.24198849995931,2,FAN-ZHENDONG,ALEXIS-LEBRUN,-41.5704345703125,205.4061279296875,g5,109.481201171875,-142.95858764648438,h4
ALEXIS-LEBRUN,14563,14578,garcon,revers,2,att/att,ALEXIS-LEBRUN,,defensif,g2,,poussette,46.3978515625,-88.22398319244385,2,ALEXIS-LEBRUN,FAN-ZHENDONG,-13.27886962890625,211.1251220703125,m5,85.2896728515625,-212.30679321289062,h5
FAN-ZHENDONG,14579,14593,garcon,revers,2,att/att,FAN-ZHENDONG,,intermediaire,m3,,topspin,8.568982315063476,97.95185038248698,2,FAN-ZHENDONG,ALEXIS-LEBRUN,-37.806396484375,226.08660888671875,g5,103.922119140625,-223.68661499023438,h5
ALEXIS-LEBRUN,14594,14620,garcon,coup_droit,2,att/att,serveur_point_pour,,offensif,,filet,topspin,,,,ALEXIS-LEBRUN,FAN-ZHENDONG,-48.51251220703125,263.6800537109375,g6,119.26446533203125,-226.64759826660156,h5
ALEXIS-LEBRUN,14945,14962,garcon,revers,2,att/att,ALEXIS-LEBRUN,lat_gauche,,m2,,,-15.27216033935547,-60.72844072977702,2,ALEXIS-LEBRUN,FAN-ZHENDONG,15.02386474609375,223.81060791015625,m5,34.6995849609375,-183.47802734375,g5
FAN-ZHENDONG,14963,14974,garcon,revers,2,att/att,FAN-ZHENDONG,,intermediaire,m3,,flip,-18.867714500427248,102.05199737548828,2,FAN-ZHENDONG,ALEXIS-LEBRUN,-9.63214111328125,248.358154296875,m6,9.453369140625,-167.91567993164062,m4
ALEXIS-LEBRUN,14975,14984,garcon,revers,2,att/att,ALEXIS-LEBRUN,,offensif,g3,,topspin,43.81476364135742,-132.0349341551463,2,ALEXIS-LEBRUN,FAN-ZHENDONG,-12.87054443359375,275.82855224609375,m7,15.73699951171875,-199.63262939453125,m5
FAN-ZHENDONG,14985,14992,garcon,revers,2,att/att,FAN-ZHENDONG,,offensif,g2,,topspin,-26.87875156402588,79.36865412394205,2,FAN-ZHENDONG,ALEXIS-LEBRUN,-23.0826416015625,302.78131103515625,m7,55.44952392578125,-235.1732635498047,g6
ALEXIS-LEBRUN,14993,15000,garcon,revers,2,att/att,ALEXIS-LEBRUN,,offensif,g2,,topspin,25.931871795654295,-89.28508898417155,2,ALEXIS-LEBRUN,FAN-ZHENDONG,-23.092041015625,301.3294677734375,m7,101.1832275390625,-249.24594116210938,h6
FAN-ZHENDONG,15001,15012,garcon,revers,2,att/att,FAN-ZHENDONG,,intermediaire,m3,,topspin,-8.757392120361327,93.87252082824708,2,FAN-ZHENDONG,ALEXIS-LEBRUN,-70.90948486328125,305.57391357421875,g7,103.65948486328125,-279.47023010253906,h7
ALEXIS-LEBRUN,15013,15022,garcon,coup_droit,2,att/att,ALEXIS-LEBRUN,,offensif,g2,,topspin,33.02890205383301,-69.18625253041586,2,ALEXIS-LEBRUN,FAN-ZHENDONG,-100.9305419921875,291.76458740234375,h7,121.55426025390625,-274.2350616455078,h7
FAN-ZHENDONG,15023,15044,garcon,revers,2,att/att,serveur_point_pour,,intermediaire,,filet,bloc,,,,FAN-ZHENDONG,ALEXIS-LEBRUN,-83.0494384765625,251.908203125,h6,66.70343017578125,-296.81410217285156,g7
ALEXIS-LEBRUN,15314,15362,garcon,coup_droit,2,att/att,ALEXIS-LEBRUN,lat_droit,,d2,,,-28.239114570617676,-61.78087984720866,2,ALEXIS-LEBRUN,FAN-ZHENDONG,79.7103271484375,-228.15774536132812,h5,-106.2591552734375,132.94580078125,h3
FAN-ZHENDONG,15363,15380,garcon,revers,2,att/att,FAN-ZHENDONG,,defensif,d2,,poussette,69.16741027832032,60.582387669881186,2,FAN-ZHENDONG,ALEXIS-LEBRUN,58.70458984375,-172.78488159179688,g4,-63.940673828125,203.9173583984375,g5
ALEXIS-LEBRUN,15381,15418,garcon,coup_droit,2,att/att,serveur_point_pour,,offensif,,filet,flip,,,,ALEXIS-LEBRUN,FAN-ZHENDONG,8.98809814453125,-245.7790069580078,m6,14.854248046875,195.21478271484375,m5
FAN-ZHENDONG,15904,15926,garcon,coup_droit,2,att/att,FAN-ZHENDONG,lat_droit,,m2,,,-8.983969497680665,69.43955459594727,2,FAN-ZHENDONG,ALEXIS-LEBRUN,117.15771484375,-135.88470458984375,h3,-41.5108642578125,214.3067626953125,g5
ALEXIS-LEBRUN,15927,15940,garcon,revers,2,att/att,ALEXIS-LEBRUN,,offensif,m3,,flip,23.511485290527343,-99.31110283533732,2,ALEXIS-LEBRUN,FAN-ZHENDONG,82.63299560546875,-195.5030517578125,h5,-3.145263671875,206.06634521484375,m5
FAN-ZHENDONG,15941,15953,garcon,revers,2,att/att,serveur_point_pour,,intermediaire,,out,topspin,,,,FAN-ZHENDONG,ALEXIS-LEBRUN,101.35504150390625,-213.01547241210938,h5,-67.51287841796875,240.4921875,g6
FAN-ZHENDONG,16478,16515,garcon,coup_droit,2,att/att,FAN-ZHENDONG,lat_droit,,m2,,,15.451300048828125,60.90355110168457,2,FAN-ZHENDONG,ALEXIS-LEBRUN,-67.75439453125,206.20355224609375,g5,106.9183349609375,-139.04730224609375,h4
ALEXIS-LEBRUN,16516,16528,garcon,coup_droit,2,att/att,ALEXIS-LEBRUN,,defensif,m2,,poussette,4.5905311584472654,-74.74695625305176,2,ALEXIS-LEBRUN,FAN-ZHENDONG,-30.8260498046875,197.323974609375,g5,77.13720703125,-187.73361206054688,h5
FAN-ZHENDONG,16529,16542,garcon,revers,2,att/att,FAN-ZHENDONG,,defensif,g3,,poussette,-29.234787368774413,107.4790252685547,2,FAN-ZHENDONG,ALEXIS-LEBRUN,-16.768310546875,203.20574951171875,m5,61.56671142578125,-180.1495361328125,g4
ALEXIS-LEBRUN,16543,16566,garcon,revers,2,att/att,serveur_point_pour,,offensif,,out,topspin,,,,ALEXIS-LEBRUN,FAN-ZHENDONG,11.8905029296875,239.97210693359375,m6,55.6904296875,-190.1895751953125,g5
ALEXIS-LEBRUN,16994,17023,garcon,coup_droit,2,att/att,ALEXIS-LEBRUN,lat_droit,,d2,,,-66.58692345619201,-63.35849329630534,2,ALEXIS-LEBRUN,FAN-ZHENDONG,79.92364501953125,-185.76409912109375,h5,-118.8798828125,132.86029052734375,h3
FAN-ZHENDONG,17024,17037,garcon,coup_droit,2,att/att,FAN-ZHENDONG,,defensif,g3,,poussette,-53.43985557556152,120.52878952026367,2,FAN-ZHENDONG,ALEXIS-LEBRUN,40.98297119140625,-152.77313232421875,g4,-37.9781494140625,200.2281494140625,g5
ALEXIS-LEBRUN,17038,17052,garcon,revers,2,att/att,ALEXIS-LEBRUN,,defensif,d2,,poussette,-36.3155424118042,-74.3281686147054,2,ALEXIS-LEBRUN,FAN-ZHENDONG,34.7227783203125,-179.35360717773438,g4,0.18902587890625,205.35015869140625,m5
FAN-ZHENDONG,17053,17065,garcon,coup_droit,2,att/att,FAN-ZHENDONG,,offensif,d3,,topspin,45.95110397338867,129.43703320821126,2,FAN-ZHENDONG,ALEXIS-LEBRUN,76.968017578125,-221.10568237304688,h5,-33.98590087890625,259.8314208984375,g6
ALEXIS-LEBRUN,17066,17090,garcon,coup_droit,2,att/att,serveur_point_pour,,intermediaire,,filet,topspin,,,,ALEXIS-LEBRUN,FAN-ZHENDONG,85.62030029296875,-145.62551879882812,h4,64.4114990234375,358.912109375,d8
ALEXIS-LEBRUN,17193,17237,garcon,coup_droit,3,att/att,ALEXIS-LEBRUN,lat_droit,,d2,,,40.80648345947266,47.275445302327476,2,ALEXIS-LEBRUN,FAN-ZHENDONG,-59.9886474609375,225.84698486328125,g5,122.254150390625,-117.65469360351562,h3
FAN-ZHENDONG,17238,17263,garcon,coup_droit,3,att/att,serveur_point_pour,,defensif,,out,poussette,,,,FAN-ZHENDONG,ALEXIS-LEBRUN,30.56854248046875,178.236083984375,d4,55.60418701171875,-206.29690551757812,g5
ALEXIS-LEBRUN,17486,17509,garcon,coup_droit,3,att/att,ALEXIS-LEBRUN,lat_gauche,,m1,,,20.011194229125977,39.75921758015951,2,ALEXIS-LEBRUN,FAN-ZHENDONG,15.96856689453125,-160.30709838867188,m4,-6.548583984375,199.64404296875,m5
FAN-ZHENDONG,17510,17536,garcon,revers,3,att/att,serveur_point_pour,,intermediaire,,filet,flip,,,,FAN-ZHENDONG,ALEXIS-LEBRUN,9.2462158203125,-202.58023071289062,m5,81.744873046875,176.2025146484375,e4
FAN-ZHENDONG,17849,17874,garcon,coup_droit,3,att/att,FAN-ZHENDONG,lat_droit,,g3,,,37.30367736816406,-103.00652049382528,2,FAN-ZHENDONG,ALEXIS-LEBRUN,58.5233154296875,-206.88787841796875,g5,-101.9117431640625,160.89019775390625,h4
ALEXIS-LEBRUN,17875,17883,garcon,revers,3,att/att,ALEXIS-LEBRUN,,offensif,g3,,topspin,-26.398815727233888,129.16626714070637,2,ALEXIS-LEBRUN,FAN-ZHENDONG,98.7293701171875,-211.19961547851562,h5,-41.6597900390625,192.0511474609375,g5
FAN-ZHENDONG,17884,17904,garcon,revers,3,att/att,serveur_point_pour,,intermediaire,,out,topspin,,,,FAN-ZHENDONG,ALEXIS-LEBRUN,95.92333984375,-243.27650451660156,h6,-16.447021484375,253.739501953125,m6
FAN-ZHENDONG,18256,18280,garcon,coup_droit,3,att/att,FAN-ZHENDONG,lat_droit,,d2,,,-58.239697742462155,-76.38873357772827,2,FAN-ZHENDONG,ALEXIS-LEBRUN,-93.70831298828125,165.15802001953125,h4,74.23797607421875,-208.09738159179688,g5
ALEXIS-LEBRUN,18281,18293,garcon,coup_droit,3,att/att,ALEXIS-LEBRUN,,defensif,m2,,poussette,-6.446340560913086,72.14930572509766,2,ALEXIS-LEBRUN,FAN-ZHENDONG,5.200439453125,213.45233154296875,m5,52.85015869140625,-171.36441040039062,g4
FAN-ZHENDONG,18294,18307,garcon,coup_droit,3,att/att,FAN-ZHENDONG,,defensif,d2,,poussette,-36.169786643981936,-59.452497227986655,2,FAN-ZHENDONG,ALEXIS-LEBRUN,5.217529296875,216.27239990234375,m5,22.04534912109375,-212.076171875,m5
ALEXIS-LEBRUN,18308,18333,garcon,coup_droit,3,att/att,serveur_point_pour,,intermediaire,,filet,flip,,,,ALEXIS-LEBRUN,FAN-ZHENDONG,8.53289794921875,222.54937744140625,m5,31.5087890625,-201.41876220703125,g5
ALEXIS-LEBRUN,18587,18655,garcon,coup_droit,3,att/att,serveur_point_pour,lat_gauche,,,out,,,,,ALEXIS-LEBRUN,FAN-ZHENDONG,-56.2669677734375,218.98468017578125,g5,124.75537109375,-113.5538330078125,h3
ALEXIS-LEBRUN,18915,18933,garcon,coup_droit,3,att/att,ALEXIS-LEBRUN,lat_droit,,g1,,,-57.02586240768433,42.14083709716797,2,ALEXIS-LEBRUN,FAN-ZHENDONG,-23.76263427734375,197.37542724609375,m5,112.06817626953125,-138.08169555664062,h4
FAN-ZHENDONG,18934,18951,garcon,revers,3,att/att,FAN-ZHENDONG,,intermediaire,g2,,topspin,44.15943145751953,-89.85006904602051,2,FAN-ZHENDONG,ALEXIS-LEBRUN,-45.375732421875,183.0640869140625,g5,79.7103271484375,-228.15774536132812,h5
ALEXIS-LEBRUN,18952,18960,garcon,revers,3,att/att,ALEXIS-LEBRUN,,offensif,d3,,topspin,27.491465759277343,93.36727549235026,2,ALEXIS-LEBRUN,FAN-ZHENDONG,-45.3004150390625,194.23919677734375,g5,133.982666015625,-241.085205078125,i6
FAN-ZHENDONG,18961,18983,garcon,coup_droit,3,att/att,serveur_point_pour,,intermediaire,,out,bloc,,,,FAN-ZHENDONG,ALEXIS-LEBRUN,-41.2232666015625,257.29656982421875,g6,137.643798828125,-228.9798583984375,i6
FAN-ZHENDONG,19788,19812,garcon,coup_droit,3,att/att,FAN-ZHENDONG,lat_droit,,m2,,,-5.21177978515625,-65.65804942448933,2,FAN-ZHENDONG,ALEXIS-LEBRUN,64.2880859375,-210.7156982421875,g5,-97.813720703125,160.2799072265625,h4
ALEXIS-LEBRUN,19813,19832,garcon,revers,3,att/att,ALEXIS-LEBRUN,,defensif,g3,,poussette,-28.964523124694825,135.36744244893393,2,ALEXIS-LEBRUN,FAN-ZHENDONG,58.57305908203125,-197.523193359375,g5,-23.5701904296875,227.21014404296875,m5
FAN-ZHENDONG,19833,19857,garcon,revers,3,att/att,serveur_point_pour,,intermediaire,,out,topspin,,,,FAN-ZHENDONG,ALEXIS-LEBRUN,58.25994873046875,-256.42604064941406,g6,27.82635498046875,243.45513916015625,d6
FAN-ZHENDONG,20287,20316,garcon,coup_droit,3,att/att,FAN-ZHENDONG,lat_droit,,m2,,,-10.281079864501953,-70.43640505472818,2,FAN-ZHENDONG,ALEXIS-LEBRUN,74.29827880859375,-196.28005981445312,g5,-101.90582275390625,161.679931640625,h4
ALEXIS-LEBRUN,20317,20329,garcon,revers,3,att/att,ALEXIS-LEBRUN,,intermediaire,m2,,flip,-13.899635314941406,85.65928344726562,2,ALEXIS-LEBRUN,FAN-ZHENDONG,28.40869140625,-199.40426635742188,g5,-20.1732177734375,212.6275634765625,m5
FAN-ZHENDONG,20330,20342,garcon,revers,3,att/att,FAN-ZHENDONG,,intermediaire,g2,,topspin,50.90421981811524,-76.90654341379802,2,FAN-ZHENDONG,ALEXIS-LEBRUN,52.6358642578125,-211.09097290039062,g5,-23.4388427734375,247.57135009765625,m6
ALEXIS-LEBRUN,20343,20362,garcon,revers,3,att/att,serveur_point_pour,,offensif,,filet,topspin,,,,ALEXIS-LEBRUN,FAN-ZHENDONG,98.54345703125,-250.0988006591797,h6,15.29248046875,269.1004638671875,m6
ALEXIS-LEBRUN,20645,20696,garcon,coup_droit,3,att/att,ALEXIS-LEBRUN,lat_gauche,,d1,,,42.948035049438474,34.98031756083171,2,ALEXIS-LEBRUN,FAN-ZHENDONG,-56.17877197265625,231.78564453125,g6,122.26513671875,-115.18438720703125,h3
FAN-ZHENDONG,20697,20716,garcon,coup_droit,3,att/att,serveur_point_pour,,defensif,,filet,poussette,,,,FAN-ZHENDONG,ALEXIS-LEBRUN,11.50567626953125,175.56988525390625,m4,61.48583984375,-195.47589111328125,g5
ALEXIS-LEBRUN,20988,21026,garcon,coup_droit,3,att/att,ALEXIS-LEBRUN,lat_droit,,g3,,,-34.514313507080075,109.50052922566732,2,ALEXIS-LEBRUN,FAN-ZHENDONG,-67.66851806640625,218.398681640625,g5,114.703857421875,-118.89202880859375,h3
FAN-ZHENDONG,21027,21044,garcon,revers,3,att/att,serveur_point_pour,,offensif,,out,topspin,,,,FAN-ZHENDONG,ALEXIS-LEBRUN,11.5936279296875,190.28021240234375,m5,64.2288818359375,-222.013916015625,g5
FAN-ZHENDONG,21508,21533,garcon,coup_droit,3,att/att,FAN-ZHENDONG,lat_droit,,m2,,,-12.803654861450195,-69.22055775324503,2,FAN-ZHENDONG,ALEXIS-LEBRUN,-97.772705078125,165.78558349609375,h4,74.271484375,-201.53173828125,g5
ALEXIS-LEBRUN,21534,21546,garcon,coup_droit,3,att/att,ALEXIS-LEBRUN,,defensif,m2,,poussette,1.0934436798095704,81.60814018249512,2,ALEXIS-LEBRUN,FAN-ZHENDONG,-13.27886962890625,211.1251220703125,m5,64.51422119140625,-167.54812622070312,g4
FAN-ZHENDONG,21547,21567,garcon,coup_droit,3,att/att,FAN-ZHENDONG,,intermediaire,g3,,topspin,61.53160552978515,-103.71173518498739,2,FAN-ZHENDONG,ALEXIS-LEBRUN,-13.3697509765625,196.7313232421875,m5,37.525146484375,-226.6598358154297,g5
ALEXIS-LEBRUN,21568,21576,garcon,revers,3,att/att,serveur_point_contre,,offensif,d3,pt_gagne,topspin,39.264770126342775,133.0791965484619,2,ALEXIS-LEBRUN,FAN-ZHENDONG,-20.34039306640625,186.520751953125,m5,43.3787841796875,-266.5607452392578,g6
FAN-ZHENDONG,22091,22133,garcon,coup_droit,3,att/att,FAN-ZHENDONG,lat_droit,,m2,,,-12.817179489135743,-70.67069705327351,2,FAN-ZHENDONG,ALEXIS-LEBRUN,64.302001953125,-208.05780029296875,g5,-101.92950439453125,158.520751953125,h4
ALEXIS-LEBRUN,22134,22146,garcon,coup_droit,3,att/att,ALEXIS-LEBRUN,,defensif,g3,,poussette,-47.92850818634033,119.90034675598145,2,ALEXIS-LEBRUN,FAN-ZHENDONG,61.5421142578125,-184.81341552734375,g5,-37.98797607421875,198.74993896484375,g5
FAN-ZHENDONG,22147,22156,garcon,revers,3,att/att,FAN-ZHENDONG,,offensif,m3,,topspin,-18.372826194763185,-117.85617661476135,2,FAN-ZHENDONG,ALEXIS-LEBRUN,37.7552490234375,-185.53347778320312,g5,-16.72235107421875,210.42901611328125,m5
ALEXIS-LEBRUN,22158,22167,garcon,coup_droit,3,att/att,serveur_point_contre,,offensif,d2,pt_gagne,topspin,54.30681610107422,74.82111511230468,2,ALEXIS-LEBRUN,FAN-ZHENDONG,43.5628662109375,-233.16966247558594,g6,8.4356689453125,206.39306640625,m5
ALEXIS-LEBRUN,22709,22737,garcon,coup_droit,3,att/att,ALEXIS-LEBRUN,lat_droit,,d2,,,36.43542671203613,65.21664568583171,2,ALEXIS-LEBRUN,FAN-ZHENDONG,-75.41741943359375,218.51226806640625,g5,140.50909423828125,-115.86865234375,i3
FAN-ZHENDONG,22738,22751,garcon,coup_droit,3,att/att,FAN-ZHENDONG,,defensif,d2,,poussette,-60.896046781539916,-61.38009624481201,2,FAN-ZHENDONG,ALEXIS-LEBRUN,14.77142333984375,181.257568359375,m4,61.43658447265625,-204.80807495117188,g5
ALEXIS-LEBRUN,22752,22766,garcon,coup_droit,3,att/att,ALEXIS-LEBRUN,,intermediaire,m3,,flip,18.47292366027832,134.62146390279133,2,ALEXIS-LEBRUN,FAN-ZHENDONG,30.7684326171875,213.1876220703125,d5,34.55615234375,-208.92202758789062,g5
FAN-ZHENDONG,22767,22777,garcon,coup_droit,3,att/att,FAN-ZHENDONG,,offensif,d2,,topspin,-44.312739562988284,-64.58459688822428,2,FAN-ZHENDONG,ALEXIS-LEBRUN,60.9200439453125,243.9549560546875,d6,-22.688720703125,-180.1751708984375,m4
ALEXIS-LEBRUN,22778,22793,garcon,coup_droit,3,att/att,ALEXIS-LEBRUN,,intermediaire,m2,,bloc,-6.446340560913086,72.14930572509766,2,ALEXIS-LEBRUN,FAN-ZHENDONG,40.1676025390625,245.61138916015625,d6,-30.08441162109375,-234.07400512695312,d6
FAN-ZHENDONG,22794,22806,garcon,coup_droit,3,att/att,FAN-ZHENDONG,,offensif,g3,,topspin,46.320719146728514,-97.71770645777384,2,FAN-ZHENDONG,ALEXIS-LEBRUN,15.32965087890625,275.3670654296875,m7,-41.24945068359375,-292.27491760253906,d7
ALEXIS-LEBRUN,22807,22833,garcon,revers,3,att/att,ALEXIS-LEBRUN,,intermediaire,m3,,bloc,-10.891565322875977,135.84026832580565,2,ALEXIS-LEBRUN,FAN-ZHENDONG,-13.13812255859375,233.424560546875,m6,-60.61541748046875,-412.1745376586914,d8
FAN-ZHENDONG,22834,22846,garcon,coup_droit,3,att/att,FAN-ZHENDONG,,intermediaire,m1,,bloc,4.8838764190673825,-42.052184422810875,2,FAN-ZHENDONG,ALEXIS-LEBRUN,-60.25640869140625,187.27398681640625,g5,-2596.93896484375,1777.310546875,i8
ALEXIS-LEBRUN,22847,22869,garcon,revers,3,att/att,ALEXIS-LEBRUN,,defensif,m3,,poussette,-13.764178848266601,100.10602849324545,2,ALEXIS-LEBRUN,FAN-ZHENDONG,-71.72308349609375,190.901611328125,g5,-2596.93896484375,1777.310546875,i8
FAN-ZHENDONG,22870,22891,garcon,coup_droit,3,att/att,serveur_point_pour,,offensif,,out,topspin,,,,FAN-ZHENDONG,ALEXIS-LEBRUN,-12.93402099609375,265.77093505859375,m6,-2596.93896484375,1777.310546875,i8
ALEXIS-LEBRUN,23176,23177,garcon,coup_droit,3,att/att,ALEXIS-LEBRUN,lat_droit,,g2,,,-54.02364149093628,63.206883112589516,2,ALEXIS-LEBRUN,FAN-ZHENDONG,-34.37396240234375,200.97930908203125,g5,88.05078125,-204.4625244140625,h5
FAN-ZHENDONG,23178,23195,garcon,revers,3,att/att,FAN-ZHENDONG,,defensif,m2,,poussette,-15.353953170776368,-69.45207554499308,2,FAN-ZHENDONG,ALEXIS-LEBRUN,-20.24749755859375,201.02679443359375,m5,82.48040771484375,-226.05784606933594,h5
ALEXIS-LEBRUN,23196,23211,garcon,coup_droit,3,att/att,ALEXIS-LEBRUN,,defensif,m2,,poussette,17.937925338745117,73.32893155415853,2,ALEXIS-LEBRUN,FAN-ZHENDONG,-13.2198486328125,220.4781494140625,m5,82.67840576171875,-186.40646362304688,h5
FAN-ZHENDONG,23212,23226,garcon,coup_droit,3,att/att,FAN-ZHENDONG,,intermediaire,m3,,flip,-0.8749549865722657,-135.38109899361928,2,FAN-ZHENDONG,ALEXIS-LEBRUN,-13.15631103515625,230.5479736328125,m6,34.5406494140625,-211.67376708984375,g5
ALEXIS-LEBRUN,23227,23251,garcon,coup_droit,3,att/att,serveur_point_pour,,offensif,,filet,topspin,,,,ALEXIS-LEBRUN,FAN-ZHENDONG,5.08502197265625,194.4114990234375,m5,69.72991943359375,-262.0472412109375,g6
FAN-ZHENDONG,23603,23629,garcon,coup_droit,3,att/att,FAN-ZHENDONG,lat_droit,,g3,,,50.53548889160156,-122.79085466066996,2,FAN-ZHENDONG,ALEXIS-LEBRUN,-101.95916748046875,154.57135009765625,h4,61.43658447265625,-204.80807495117188,g5
ALEXIS-LEBRUN,23630,23637,garcon,revers,3,att/att,ALEXIS-LEBRUN,,offensif,m2,,topspin,-24.25307846069336,80.64125289916993,2,ALEXIS-LEBRUN,FAN-ZHENDONG,-67.888671875,187.140625,g5,101.42437744140625,-198.40606689453125,h5
FAN-ZHENDONG,23638,23648,garcon,revers,3,att/att,FAN-ZHENDONG,,intermediaire,m3,,bloc,18.762188339233397,-104.12289484341939,2,FAN-ZHENDONG,ALEXIS-LEBRUN,-45.0845947265625,226.25604248046875,g5,85.18682861328125,-233.04751586914062,h6
ALEXIS-LEBRUN,23649,23663,garcon,revers,3,att/att,serveur_point_pour,,offensif,,out,topspin,,,,ALEXIS-LEBRUN,FAN-ZHENDONG,-48.66961669921875,240.53472900390625,g6,119.04608154296875,-275.14637756347656,h7
FAN-ZHENDONG,24032,24061,garcon,coup_droit,3,att/att,FAN-ZHENDONG,lat_droit,,m2,,,-2.6528491973876953,-58.271887143452965,2,FAN-ZHENDONG,ALEXIS-LEBRUN,55.5682373046875,-213.01034545898438,g5,-118.71856689453125,153.74627685546875,h4
ALEXIS-LEBRUN,24062,24074,garcon,coup_droit,3,att/att,ALEXIS-LEBRUN,,defensif,m2,,poussette,-3.805146026611328,87.70693550109863,2,ALEXIS-LEBRUN,FAN-ZHENDONG,70.1695556640625,-176.8870849609375,g4,-27.32373046875,190.77264404296875,g5
FAN-ZHENDONG,24075,24085,garcon,coup_droit,3,att/att,FAN-ZHENDONG,,defensif,d1,,poussette,-44.088637351989746,-42.088819630940755,2,FAN-ZHENDONG,ALEXIS-LEBRUN,49.8485107421875,-178.751220703125,g4,-13.3515625,199.61053466796875,m5
ALEXIS-LEBRUN,24086,24104,garcon,coup_droit,3,att/att,ALEXIS-LEBRUN,,defensif,g3,,poussette,-26.582206344604494,110.13787384033203,2,ALEXIS-LEBRUN,FAN-ZHENDONG,58.494873046875,-212.24020385742188,g5,8.4356689453125,206.39306640625,m5
FAN-ZHENDONG,24105,24129,garcon,revers,3,att/att,serveur_point_pour,,offensif,,out,topspin,,,,FAN-ZHENDONG,ALEXIS-LEBRUN,25.20660400390625,-211.2791748046875,m5,40.004638671875,216.48095703125,d5
FAN-ZHENDONG,24239,24290,garcon,coup_droit,4,att/att,FAN-ZHENDONG,lat_droit,,m2,,,15.54952392578125,72.09498875935873,2,FAN-ZHENDONG,ALEXIS-LEBRUN,-85.40045166015625,201.97198486328125,h5,104.35992431640625,-130.687744140625,h3
ALEXIS-LEBRUN,24291,24303,garcon,coup_droit,4,att/att,ALEXIS-LEBRUN,,offensif,m3,,topspin,-5.832412338256836,-133.3257043659687,2,ALEXIS-LEBRUN,FAN-ZHENDONG,-41.6597900390625,192.0511474609375,g5,64.42730712890625,-184.1451416015625,g5
FAN-ZHENDONG,24304,24314,garcon,coup_droit,4,att/att,serveur_point_contre,,offensif,d3,pt_gagne,topspin,52.37240295410156,105.78420702616374,2,FAN-ZHENDONG,ALEXIS-LEBRUN,-13.433349609375,186.65228271484375,m5,58.54461669921875,-202.8741455078125,g5
FAN-ZHENDONG,24670,24695,garcon,coup_droit,4,att/att,FAN-ZHENDONG,lat_droit,,m2,,,-1.5312545776367188,64.69000803629557,2,FAN-ZHENDONG,ALEXIS-LEBRUN,-63.9725341796875,199.36090087890625,g5,106.90655517578125,-141.56719970703125,h4
ALEXIS-LEBRUN,24696,24709,garcon,coup_droit,4,att/att,ALEXIS-LEBRUN,,intermediaire,g3,,flip,30.450967407226564,-102.5556901137034,2,ALEXIS-LEBRUN,FAN-ZHENDONG,-75.8074951171875,163.9342041015625,g4,64.33685302734375,-201.41384887695312,g5
FAN-ZHENDONG,24710,24723,garcon,revers,4,att/att,FAN-ZHENDONG,,offensif,g3,,topspin,-73.10323050022126,136.6280559539795,2,FAN-ZHENDONG,ALEXIS-LEBRUN,-67.80810546875,198.57952880859375,g5,82.5323486328125,-215.65341186523438,h5
ALEXIS-LEBRUN,24724,24737,garcon,revers,4,att/att,ALEXIS-LEBRUN,,intermediaire,m3,,bloc,-13.345147323608398,-127.2924657424291,2,ALEXIS-LEBRUN,FAN-ZHENDONG,-37.70831298828125,240.85479736328125,g6,64.17315673828125,-232.650634765625,g6
FAN-ZHENDONG,24738,24748,garcon,coup_droit,4,att/att,FAN-ZHENDONG,,offensif,m2,,topspin,-16.41121883392334,90.21183954874674,2,FAN-ZHENDONG,ALEXIS-LEBRUN,-97.0595703125,261.611083984375,h6,82.3731689453125,-247.52613830566406,h6
ALEXIS-LEBRUN,24749,24766,garcon,revers,4,att/att,ALEXIS-LEBRUN,,intermediaire,d2,,bloc,-38.824143409729004,-56.67903079986572,2,ALEXIS-LEBRUN,FAN-ZHENDONG,-96.58123779296875,325.8798828125,h8,140.0343017578125,-228.23391723632812,i5
FAN-ZHENDONG,24767,24778,garcon,coup_droit,4,att/att,serveur_point_contre,,offensif,d2,pt_gagne,topspin,45.30042152404785,49.79839693705241,2,FAN-ZHENDONG,ALEXIS-LEBRUN,-66.57586669921875,373.5369873046875,g8,121.7232666015625,-236.4224853515625,h6
ALEXIS-LEBRUN,25075,25131,garcon,coup_droit,4,att/att,ALEXIS-LEBRUN,lat_droit,,d2,,,-33.55929069519043,-65.17653074264527,2,ALEXIS-LEBRUN,FAN-ZHENDONG,82.43487548828125,-235.1641082763672,h6,-102.0657958984375,140.35003662109375,h4
FAN-ZHENDONG,25132,25143,garcon,coup_droit,4,att/att,FAN-ZHENDONG,,defensif,m2,,poussette,-1.5833019256591796,58.98439229329427,2,FAN-ZHENDONG,ALEXIS-LEBRUN,72.98931884765625,-177.56680297851562,g4,-93.4249267578125,203.5194091796875,h5
ALEXIS-LEBRUN,25144,25156,garcon,coup_droit,4,att/att,ALEXIS-LEBRUN,,defensif,d2,,poussette,-30.934487342834473,-67.9106922785441,2,ALEXIS-LEBRUN,FAN-ZHENDONG,37.8319091796875,-171.834716796875,g4,-63.80267333984375,223.6556396484375,g5
FAN-ZHENDONG,25157,25167,garcon,revers,4,att/att,FAN-ZHENDONG,,offensif,g3,,flip,-45.406433296203616,98.66960779825847,2,FAN-ZHENDONG,ALEXIS-LEBRUN,34.68792724609375,-185.5404052734375,g5,-9.9239501953125,201.778564453125,m5
ALEXIS-LEBRUN,25168,25178,garcon,revers,4,att/att,ALEXIS-LEBRUN,,intermediaire,m2,,bloc,-7.918821716308594,-87.51410853068033,2,ALEXIS-LEBRUN,FAN-ZHENDONG,19.01275634765625,-186.97549438476562,m5,11.74835205078125,216.18426513671875,m5
FAN-ZHENDONG,25179,25187,garcon,revers,4,att/att,FAN-ZHENDONG,,offensif,g2,,topspin,-45.526255989074706,86.707785542806,2,FAN-ZHENDONG,ALEXIS-LEBRUN,-15.79449462890625,-187.47262573242188,m5,-2.70623779296875,277.1666259765625,m7
ALEXIS-LEBRUN,25188,25200,garcon,revers,4,att/att,ALEXIS-LEBRUN,,offensif,g3,,topspin,32.83225860595703,-92.59991769790649,2,ALEXIS-LEBRUN,FAN-ZHENDONG,15.5963134765625,-223.52902221679688,m5,-37.11566162109375,330.07745361328125,g8
FAN-ZHENDONG,25201,25225,garcon,revers,4,att/att,serveur_point_pour,,intermediaire,,filet,topspin,,,,FAN-ZHENDONG,ALEXIS-LEBRUN,37.35235595703125,-257.5343017578125,g6,-40.3277587890625,391.1356201171875,g8
ALEXIS-LEBRUN,25505,25527,garcon,coup_droit,4,att/att,ALEXIS-LEBRUN,lat_gauche,,g3,,,55.10584182739258,-97.90899171829224,2,ALEXIS-LEBRUN,FAN-ZHENDONG,79.79571533203125,-211.19451904296875,h5,-71.918701171875,163.32763671875,g4
FAN-ZHENDONG,25528,25537,garcon,revers,4,att/att,FAN-ZHENDONG,,offensif,m2,,topspin,-16.493192863464355,81.51683959960937,2,FAN-ZHENDONG,ALEXIS-LEBRUN,121.9501953125,-185.652587890625,h5,-30.4949951171875,247.9014892578125,g6
ALEXIS-LEBRUN,25538,25557,garcon,revers,4,att/att,serveur_point_pour,,offensif,,filet,topspin,,,,ALEXIS-LEBRUN,FAN-ZHENDONG,103.82366943359375,-244.59571838378906,h6,-59.51690673828125,293.819580078125,g7
FAN-ZHENDONG,25992,26017,garcon,coup_droit,4,att/att,FAN-ZHENDONG,lat_droit,,g2,,,-62.38075156211853,68.22538401285807,2,FAN-ZHENDONG,ALEXIS-LEBRUN,122.12432861328125,-146.69320678710938,h4,-63.7548828125,230.4857177734375,g6
ALEXIS-LEBRUN,26018,26032,garcon,revers,4,att/att,ALEXIS-LEBRUN,,offensif,g3,,topspin,48.307244873046876,-125.85569881598154,2,ALEXIS-LEBRUN,FAN-ZHENDONG,116.86126708984375,-201.23611450195312,h5,-48.826904296875,217.375,g5
FAN-ZHENDONG,26033,26040,garcon,coup_droit,4,att/att,FAN-ZHENDONG,,offensif,m3,,topspin,18.47292366027832,134.62146390279133,2,FAN-ZHENDONG,ALEXIS-LEBRUN,163.22174072265625,-201.6656494140625,i5,-89.2022705078125,229.2305908203125,h6
ALEXIS-LEBRUN,26041,26067,garcon,coup_droit,4,att/att,serveur_point_pour,,intermediaire,,filet,bloc,,,,ALEXIS-LEBRUN,FAN-ZHENDONG,233.2557373046875,-175.268798828125,i4,-100.95416259765625,288.61639404296875,h7
FAN-ZHENDONG,26495,26517,garcon,coup_droit,4,att/att,FAN-ZHENDONG,lat_droit,,g3,,,-61.7977837562561,124.5253719329834,2,FAN-ZHENDONG,ALEXIS-LEBRUN,104.273681640625,-149.01614379882812,h4,-75.39544677734375,221.584716796875,g5
ALEXIS-LEBRUN,26518,26525,garcon,revers,4,att/att,ALEXIS-LEBRUN,,offensif,d2,,topspin,-49.95856494903565,-81.64483200709024,2,ALEXIS-LEBRUN,FAN-ZHENDONG,82.63299560546875,-195.5030517578125,h5,-34.27691650390625,215.7010498046875,g5
FAN-ZHENDONG,26526,26539,garcon,coup_droit,4,att/att,serveur_point_contre,,intermediaire,g3,pt_gagne,topspin,-53.50124187469483,114.50117416381836,2,FAN-ZHENDONG,ALEXIS-LEBRUN,103.89825439453125,-228.75440979003906,h6,-59.93096923828125,234.16143798828125,g6
ALEXIS-LEBRUN,26943,26962,garcon,coup_droit,4,att/att,ALEXIS-LEBRUN,lat_droit,,d1,,,-35.96586990356445,-38.641565004984535,2,ALEXIS-LEBRUN,FAN-ZHENDONG,40.80487060546875,-184.84393310546875,g5,11.497314453125,174.1685791015625,m4
FAN-ZHENDONG,26963,26977,garcon,coup_droit,4,att/att,FAN-ZHENDONG,,defensif,m2,,poussette,5.888496780395508,69.9191047668457,2,FAN-ZHENDONG,ALEXIS-LEBRUN,34.8389892578125,-158.73831176757812,g4,-9.78472900390625,224.000732421875,m5
ALEXIS-LEBRUN,26978,26992,garcon,coup_droit,4,att/att,ALEXIS-LEBRUN,,intermediaire,d2,,flip,-38.92701320648193,-67.11999543507893,2,ALEXIS-LEBRUN,FAN-ZHENDONG,34.6336669921875,-195.16635131835938,g5,-41.56048583984375,206.88970947265625,g5
FAN-ZHENDONG,26993,27003,garcon,coup_droit,4,att/att,serveur_point_contre,,offensif,g2,pt_gagne,topspin,-32.060847473144534,88.5960578918457,2,FAN-ZHENDONG,ALEXIS-LEBRUN,46.62493896484375,-222.8167724609375,g5,-6.6641845703125,181.06390380859375,m4
ALEXIS-LEBRUN,27258,27292,garcon,coup_droit,4,att/att,ALEXIS-LEBRUN,lat_droit,,d2,,,-25.587939643859862,-58.627560488382976,2,ALEXIS-LEBRUN,FAN-ZHENDONG,61.45068359375,-202.14151000976562,g5,-106.2711181640625,131.3585205078125,h3
FAN-ZHENDONG,27293,27307,garcon,revers,4,att/att,FAN-ZHENDONG,,intermediaire,g3,,flip,-31.90290069580078,104.80462023417155,2,FAN-ZHENDONG,ALEXIS-LEBRUN,37.8931884765625,-160.87933349609375,g4,-56.27734375,217.4783935546875,g5
ALEXIS-LEBRUN,27308,27332,garcon,revers,4,att/att,serveur_point_pour,,offensif,,out,topspin,,,,ALEXIS-LEBRUN,FAN-ZHENDONG,61.3697509765625,-217.47689819335938,g5,-41.1737060546875,264.70361328125,g6
FAN-ZHENDONG,27645,27688,garcon,coup_droit,4,att/att,FAN-ZHENDONG,lat_droit,,g3,,,-53.43985557556152,120.52878952026367,2,FAN-ZHENDONG,ALEXIS-LEBRUN,-75.48333740234375,209.29345703125,g5,101.7313232421875,-133.685302734375,h3
ALEXIS-LEBRUN,27689,27703,garcon,revers,4,att/att,serveur_point_pour,,offensif,,out,topspin,,,,ALEXIS-LEBRUN,FAN-ZHENDONG,-16.6810302734375,216.9288330078125,m5,79.890869140625,-192.2830810546875,h5
FAN-ZHENDONG,28120,28149,garcon,coup_droit,4,att/att,FAN-ZHENDONG,lat_droit,,d2,,,34.239363479614255,74.93838958740234,2,FAN-ZHENDONG,ALEXIS-LEBRUN,-75.47235107421875,210.830078125,g5,99.03363037109375,-147.517822265625,h4
ALEXIS-LEBRUN,28150,28161,garcon,coup_droit,4,att/att,ALEXIS-LEBRUN,,defensif,m2,,poussette,4.781890869140625,-53.41937700907389,2,ALEXIS-LEBRUN,FAN-ZHENDONG,-13.433349609375,186.65228271484375,m5,58.57305908203125,-197.523193359375,g5
FAN-ZHENDONG,28162,28175,garcon,coup_droit,4,att/att,FAN-ZHENDONG,,defensif,m3,,poussette,13.568383407592773,118.49345372517904,2,FAN-ZHENDONG,ALEXIS-LEBRUN,-16.79583740234375,198.87109375,m5,52.737548828125,-192.232421875,g5
ALEXIS-LEBRUN,28176,28185,garcon,coup_droit,4,att/att,serveur_point_contre,,offensif,g3,pt_gagne,topspin,41.80821189880371,-103.75777525901795,2,ALEXIS-LEBRUN,FAN-ZHENDONG,-16.68560791015625,216.2066650390625,m5,40.8958740234375,-168.46392822265625,g4
ALEXIS-LEBRUN,28482,28512,garcon,coup_droit,4,att/att,ALEXIS-LEBRUN,lat_droit,,m2,,,-2.6659244537353515,-59.7052853902181,2,ALEXIS-LEBRUN,FAN-ZHENDONG,55.48553466796875,-228.45584106445312,g6,-67.8779296875,188.666015625,g5
FAN-ZHENDONG,28513,28525,garcon,revers,4,att/att,FAN-ZHENDONG,,offensif,d3,,flip,52.544410705566406,127.18864529927572,2,FAN-ZHENDONG,ALEXIS-LEBRUN,40.86553955078125,-173.92312622070312,g4,-63.82391357421875,220.61968994140625,g5
ALEXIS-LEBRUN,28526,28535,garcon,coup_droit,4,att/att,ALEXIS-LEBRUN,,offensif,g3,,topspin,48.580694580078124,-92.01649808883667,2,ALEXIS-LEBRUN,FAN-ZHENDONG,64.54901123046875,-160.911376953125,g4,-67.63629150390625,222.9708251953125,g5
FAN-ZHENDONG,28536,28554,garcon,revers,4,att/att,serveur_point_pour,,intermediaire,,filet,bloc,,,,FAN-ZHENDONG,ALEXIS-LEBRUN,55.56463623046875,-213.6817626953125,g5,15.23468017578125,259.35040283203125,m6
ALEXIS-LEBRUN,29020,29055,garcon,coup_droit,4,att/att,ALEXIS-LEBRUN,lat_gauche,,g2,,,48.61348419189453,-87.95890054702758,2,ALEXIS-LEBRUN,FAN-ZHENDONG,-60.245849609375,188.78741455078125,g5,61.3626708984375,-218.81069946289062,g5
FAN-ZHENDONG,29056,29064,garcon,revers,4,att/att,FAN-ZHENDONG,,intermediaire,m3,,topspin,-3.4908397674560545,121.97616767883301,2,FAN-ZHENDONG,ALEXIS-LEBRUN,-48.68994140625,237.54718017578125,g6,67.30316162109375,-181.49618530273438,g4
ALEXIS-LEBRUN,29065,29076,garcon,coup_droit,4,att/att,ALEXIS-LEBRUN,,offensif,g3,,topspin,39.63531303405762,-94.49543259938558,2,ALEXIS-LEBRUN,FAN-ZHENDONG,-44.86895751953125,258.245361328125,g6,79.82525634765625,-205.32443237304688,h5
FAN-ZHENDONG,29077,29087,garcon,revers,4,att/att,FAN-ZHENDONG,,intermediaire,g3,,topspin,,,,FAN-ZHENDONG,ALEXIS-LEBRUN,-71.2996826171875,250.57537841796875,g6,61.2288818359375,-244.16212463378906,g6
ALEXIS-LEBRUN,29088,29108,garcon,revers,4,att/att,serveur_point_pour,,offensif,,filet,topspin,,,,ALEXIS-LEBRUN,FAN-ZHENDONG,-52.22479248046875,263.16229248046875,g6,121.6900634765625,-243.85800170898438,h6
FAN-ZHENDONG,29529,29555,garcon,coup_droit,4,att/att,FAN-ZHENDONG,lat_droit,,m2,,,-3.9755809783935545,69.12454058329264,2,FAN-ZHENDONG,ALEXIS-LEBRUN,104.2974853515625,-143.95913696289062,h4,-63.898193359375,209.9918212890625,g5
ALEXIS-LEBRUN,29556,29566,garcon,revers,4,att/att,ALEXIS-LEBRUN,,offensif,g2,,flip,39.703059387207034,-86.29422403971354,2,ALEXIS-LEBRUN,FAN-ZHENDONG,79.890869140625,-192.2830810546875,h5,-9.88800048828125,207.51458740234375,m5
FAN-ZHENDONG,29567,29588,garcon,revers,4,att/att,serveur_point_pour,,intermediaire,,out,topspin,,,,FAN-ZHENDONG,ALEXIS-LEBRUN,103.92803955078125,-222.41976928710938,h5,-67.54510498046875,235.92218017578125,g6
FAN-ZHENDONG,29911,29940,garcon,coup_droit,4,att/att,FAN-ZHENDONG,lat_droit,,d2,,,31.893369674682617,68.2419334411621,2,FAN-ZHENDONG,ALEXIS-LEBRUN,-71.5872802734375,210.03826904296875,g5,101.6561279296875,-149.53787231445312,h4
ALEXIS-LEBRUN,29941,29952,garcon,revers,4,att/att,ALEXIS-LEBRUN,,defensif,d1,,poussette,-57.88116645812988,-41.37861398061116,2,ALEXIS-LEBRUN,FAN-ZHENDONG,39.83392333984375,185.97113037109375,d5,61.47882080078125,-196.80892944335938,g5
FAN-ZHENDONG,29953,29980,garcon,coup_droit,4,att/att,serveur_point_pour,,intermediaire,,filet,flip,,,,FAN-ZHENDONG,ALEXIS-LEBRUN,33.95172119140625,228.8515625,d6,-12.28546142578125,-175.14227294921875,m4
ALEXIS-LEBRUN,30379,30411,garcon,coup_droit,4,att/att,ALEXIS-LEBRUN,lat_gauche,,g3,,,67.76869125366211,-121.33156309127807,2,ALEXIS-LEBRUN,FAN-ZHENDONG,61.45770263671875,-200.80828857421875,g5,-118.92950439453125,126.4315185546875,h3
FAN-ZHENDONG,30412,30422,garcon,revers,4,att/att,FAN-ZHENDONG,,intermediaire,m3,,topspin,-16.192759132385255,113.38353029886882,2,FAN-ZHENDONG,ALEXIS-LEBRUN,101.55987548828125,-169.8389892578125,h4,-52.61456298828125,206.17138671875,g5
ALEXIS-LEBRUN,30423,30444,garcon,coup_droit,4,att/att,serveur_point_pour,,offensif,,out,topspin,,,,ALEXIS-LEBRUN,FAN-ZHENDONG,103.82958984375,-243.3281707763672,h6,-118.41485595703125,193.076416015625,h5
ALEXIS-LEBRUN,30700,30740,garcon,coup_droit,4,att/att,ALEXIS-LEBRUN,lat_gauche,,d1,,,-49.57856531143189,-43.918219566345215,2,ALEXIS-LEBRUN,FAN-ZHENDONG,69.9515380859375,-219.11285400390625,g5,-114.5931396484375,138.7567138671875,h4
FAN-ZHENDONG,30741,30755,garcon,coup_droit,4,att/att,FAN-ZHENDONG,,defensif,m2,,poussette,5.7107994079589846,50.1130625406901,2,FAN-ZHENDONG,ALEXIS-LEBRUN,64.50726318359375,-168.8756103515625,g4,-37.9781494140625,200.2281494140625,g5
ALEXIS-LEBRUN,30756,30786,garcon,coup_droit,4,att/att,serveur_point_pour,,intermediaire,,filet,flip,,,,ALEXIS-LEBRUN,FAN-ZHENDONG,12.56195068359375,-191.2298583984375,m5,-30.720458984375,213.45758056640625,g5
ALEXIS-LEBRUN,30928,30966,garcon,coup_droit,5,att/att,ALEXIS-LEBRUN,lat_droit,,d2,,,56.31844863891602,54.655898030598955,2,ALEXIS-LEBRUN,FAN-ZHENDONG,-67.72216796875,210.77716064453125,g5,138.12884521484375,-115.05316162109375,i3
FAN-ZHENDONG,30967,30983,garcon,revers,5,att/att,FAN-ZHENDONG,,defensif,d2,,poussette,-38.7506929397583,-49.22390530904134,2,FAN-ZHENDONG,ALEXIS-LEBRUN,81.70587158203125,168.45513916015625,e4,55.6185302734375,-203.61187744140625,g5
ALEXIS-LEBRUN,30984,30992,garcon,coup_droit,5,att/att,ALEXIS-LEBRUN,,offensif,d3,,flip,45.77486343383789,107.8655153910319,2,ALEXIS-LEBRUN,FAN-ZHENDONG,72.06317138671875,189.91253662109375,d5,61.39434814453125,-212.80892944335938,g5
FAN-ZHENDONG,30993,31016,garcon,coup_droit,5,att/att,serveur_point_pour,,intermediaire,,out,topspin,,,,FAN-ZHENDONG,ALEXIS-LEBRUN,43.16131591796875,239.392333984375,d6,-5.43280029296875,-164.42108154296875,m4
ALEXIS-LEBRUN,31456,31497,garcon,coup_droit,5,att/att,ALEXIS-LEBRUN,lat_droit,,d2,,,34.10138473510742,58.50947596232096,2,ALEXIS-LEBRUN,FAN-ZHENDONG,-63.80267333984375,223.6556396484375,g5,154.525634765625,-111.1826171875,i3
FAN-ZHENDONG,31498,31514,garcon,revers,5,att/att,FAN-ZHENDONG,,defensif,d2,,poussette,-25.55975971221924,-55.687493578592935,2,FAN-ZHENDONG,ALEXIS-LEBRUN,45.82275390625,176.66729736328125,d4,76.99456787109375,-215.86886596679688,h5
ALEXIS-LEBRUN,31515,31528,garcon,coup_droit,5,att/att,ALEXIS-LEBRUN,,defensif,d3,,poussette,50.094293212890626,95.28997065226237,2,ALEXIS-LEBRUN,FAN-ZHENDONG,42.95501708984375,202.2528076171875,d5,82.4674072265625,-228.65940856933594,h6
FAN-ZHENDONG,31529,31538,garcon,coup_droit,5,att/att,serveur_point_contre,,offensif,d2,pt_gagne,topspin,-39.16230983734131,-91.00159568786621,2,FAN-ZHENDONG,ALEXIS-LEBRUN,15.0321044921875,225.2049560546875,m5,34.7847900390625,-168.35736083984375,g4
FAN-ZHENDONG,31967,31995,garcon,coup_droit,5,att/att,FAN-ZHENDONG,lat_droit,,m2,,,-0.3293312072753906,-75.2330129623413,2,FAN-ZHENDONG,ALEXIS-LEBRUN,55.5142822265625,-223.082763671875,g5,-101.91766357421875,160.10040283203125,h4
ALEXIS-LEBRUN,31996,32008,garcon,coup_droit,5,att/att,ALEXIS-LEBRUN,,defensif,g3,,poussette,-29.29172706604004,101.60376917521158,2,ALEXIS-LEBRUN,FAN-ZHENDONG,70.0435791015625,-201.29302978515625,g5,-13.2879638671875,209.68597412109375,m5
FAN-ZHENDONG,32009,32019,garcon,revers,5,att/att,FAN-ZHENDONG,,offensif,g3,,topspin,63.57604217529297,-115.37455282211303,2,FAN-ZHENDONG,ALEXIS-LEBRUN,55.58978271484375,-208.98214721679688,g5,11.739990234375,214.7845458984375,m5
ALEXIS-LEBRUN,32020,32050,garcon,revers,5,att/att,serveur_point_pour,,intermediaire,,out,bloc,,,,ALEXIS-LEBRUN,FAN-ZHENDONG,111.519775390625,-257.18971252441406,h6,-63.60638427734375,251.7266845703125,g6
FAN-ZHENDONG,32555,32582,garcon,coup_droit,5,att/att,FAN-ZHENDONG,lat_droit,,m2,,,4.552240371704102,-79.01467491785685,2,FAN-ZHENDONG,ALEXIS-LEBRUN,85.31219482421875,-207.77127075195312,h5,-97.784423828125,164.21258544921875,h4
ALEXIS-LEBRUN,32583,32594,garcon,coup_droit,5,att/att,serveur_point_contre,,offensif,g3,pt_gagne,topspin,-53.28645143508911,135.5913823445638,2,ALEXIS-LEBRUN,FAN-ZHENDONG,158.91021728515625,-153.42984008789062,i4,-20.1732177734375,212.6275634765625,m5
ALEXIS-LEBRUN,32978,33036,garcon,coup_droit,5,att/att,ALEXIS-LEBRUN,lat_droit,,d2,,,36.41261749267578,62.485449981689456,2,ALEXIS-LEBRUN,FAN-ZHENDONG,-56.17877197265625,231.78564453125,g6,114.6981201171875,-120.13916015625,h3
FAN-ZHENDONG,33037,33049,garcon,coup_droit,5,att/att,FAN-ZHENDONG,,defensif,g3,,poussette,46.29867095947266,-100.43086764017741,2,FAN-ZHENDONG,ALEXIS-LEBRUN,-16.8509521484375,190.20025634765625,m5,67.2584228515625,-190.099609375,g5
ALEXIS-LEBRUN,33050,33062,garcon,coup_droit,5,att/att,ALEXIS-LEBRUN,,offensif,g3,,topspin,-42.49594573974609,117.78987655639648,2,ALEXIS-LEBRUN,FAN-ZHENDONG,45.86737060546875,184.75091552734375,d5,79.8121337890625,-207.93325805664062,h5
FAN-ZHENDONG,33063,33082,garcon,revers,5,att/att,serveur_point_pour,,intermediaire,,out,bloc,,,,FAN-ZHENDONG,ALEXIS-LEBRUN,-13.0655517578125,244.9287109375,m6,142.6475830078125,-170.84033203125,i4
ALEXIS-LEBRUN,33416,33478,garcon,coup_droit,5,att/att,serveur_point_pour,lat_gauche,,,out,,,,,ALEXIS-LEBRUN,FAN-ZHENDONG,-16.8050537109375,197.42608642578125,m5,79.9171142578125,-187.06781005859375,h5
FAN-ZHENDONG,34026,34056,garcon,coup_droit,5,att/att,FAN-ZHENDONG,lat_droit,,m2,,,-0.1477489471435547,-55.216078758239746,2,FAN-ZHENDONG,ALEXIS-LEBRUN,64.2811279296875,-212.04473876953125,g5,-101.88214111328125,164.83892822265625,h4
ALEXIS-LEBRUN,34057,34069,garcon,coup_droit,5,att/att,ALEXIS-LEBRUN,,defensif,m2,,poussette,1.1578994750976563,88.71368077596028,2,ALEXIS-LEBRUN,FAN-ZHENDONG,61.55615234375,-182.14825439453125,g4,-16.7039794921875,213.3179931640625,m5
FAN-ZHENDONG,34070,34086,garcon,coup_droit,5,att/att,FAN-ZHENDONG,,offensif,g3,,topspin,35.09664077758789,-95.06756375630697,2,FAN-ZHENDONG,ALEXIS-LEBRUN,58.59442138671875,-193.51046752929688,g5,-34.3448486328125,205.39642333984375,g5
ALEXIS-LEBRUN,34087,34107,garcon,revers,5,att/att,serveur_point_pour,,offensif,,out,topspin,,,,ALEXIS-LEBRUN,FAN-ZHENDONG,58.14593505859375,-277.86827087402344,g7,-41.88330078125,158.6427001953125,g4
FAN-ZHENDONG,34617,34678,garcon,coup_droit,5,att/att,FAN-ZHENDONG,lat_droit,,d2,,,-52.508721923828126,-60.726237042744955,2,FAN-ZHENDONG,ALEXIS-LEBRUN,77.10400390625,-194.27481079101562,h5,-71.96221923828125,157.197265625,g4
ALEXIS-LEBRUN,34679,34692,garcon,coup_droit,5,att/att,ALEXIS-LEBRUN,,defensif,g3,,poussette,-45.271701622009275,112.1197462717692,2,ALEXIS-LEBRUN,FAN-ZHENDONG,74.38873291015625,-178.56103515625,g4,-63.91943359375,206.9547119140625,g5
FAN-ZHENDONG,34693,34702,garcon,revers,5,att/att,FAN-ZHENDONG,,offensif,g3,,topspin,41.70733528137207,-116.03679343859355,2,FAN-ZHENDONG,ALEXIS-LEBRUN,34.8970947265625,-148.4349365234375,g4,0.2716064453125,218.82025146484375,m5
ALEXIS-LEBRUN,34703,34722,garcon,revers,5,att/att,serveur_point_pour,,offensif,,filet,topspin,,,,ALEXIS-LEBRUN,FAN-ZHENDONG,12.41558837890625,-215.91278076171875,m5,8.482177734375,214.120849609375,m5
ALEXIS-LEBRUN,35227,35251,garcon,coup_droit,5,att/att,ALEXIS-LEBRUN,lat_droit,,g2,,,37.508597946166994,-78.33735907872519,2,ALEXIS-LEBRUN,FAN-ZHENDONG,74.34521484375,-187.09136962890625,g5,-68.33489990234375,123.7816162109375,g4
FAN-ZHENDONG,35252,35263,garcon,revers,5,att/att,FAN-ZHENDONG,,intermediaire,m3,,flip,1.1965671539306642,92.97601216634115,2,FAN-ZHENDONG,ALEXIS-LEBRUN,74.36529541015625,-183.154052734375,g5,-71.478759765625,225.3404541015625,g5
ALEXIS-LEBRUN,35264,35278,garcon,coup_droit,5,att/att,ALEXIS-LEBRUN,,offensif,g3,,topspin,61.45867691040039,-113.03998158772787,2,ALEXIS-LEBRUN,FAN-ZHENDONG,85.318603515625,-206.47552490234375,h5,-71.1641845703125,269.6812744140625,g6
FAN-ZHENDONG,35279,35288,garcon,revers,5,att/att,FAN-ZHENDONG,,intermediaire,m1,,topspin,12.91265640258789,44.192251968383786,2,FAN-ZHENDONG,ALEXIS-LEBRUN,82.379638671875,-246.22467041015625,h6,-96.91363525390625,281.217041015625,h7
ALEXIS-LEBRUN,35289,35315,garcon,coup_droit,5,att/att,ALEXIS-LEBRUN,,intermediaire,g2,,topspin,61.71899337768555,-79.74093786875407,2,ALEXIS-LEBRUN,FAN-ZHENDONG,149.28515625,-265.35414123535156,i6,-104.79437255859375,326.87835693359375,h8
FAN-ZHENDONG,35316,35329,garcon,coup_droit,5,att/att,FAN-ZHENDONG,,offensif,g3,,topspin,-53.4858943939209,116.00821736653646,2,FAN-ZHENDONG,ALEXIS-LEBRUN,121.4932861328125,-287.8817596435547,h7,-104.8062744140625,325.29931640625,h8
ALEXIS-LEBRUN,35330,35351,garcon,revers,5,att/att,serveur_point_pour,,offensif,,out,topspin,,,,ALEXIS-LEBRUN,FAN-ZHENDONG,210.310546875,-224.96656799316406,i5,-121.16351318359375,389.07470703125,h8
ALEXIS-LEBRUN,35786,35794,garcon,coup_droit,5,att/att,ALEXIS-LEBRUN,lat_gauche,,g2,,,61.698177337646484,-82.40321391423544,2,ALEXIS-LEBRUN,FAN-ZHENDONG,77.143798828125,-186.42550659179688,h5,14.87078857421875,198.00555419921875,m5
FAN-ZHENDONG,35795,35805,garcon,revers,5,att/att,FAN-ZHENDONG,,intermediaire,m3,,topspin,-11.079380798339844,115.69851659138997,2,FAN-ZHENDONG,ALEXIS-LEBRUN,116.88104248046875,-196.87579345703125,h5,-34.00531005859375,256.89105224609375,g6
ALEXIS-LEBRUN,35806,35824,garcon,revers,5,att/att,serveur_point_pour,,offensif,,filet,topspin,,,,ALEXIS-LEBRUN,FAN-ZHENDONG,82.26910400390625,-268.3556365966797,h6,-37.35552978515625,293.9718017578125,g7
FAN-ZHENDONG,36370,36398,garcon,coup_droit,5,att/att,FAN-ZHENDONG,lat_droit,,d2,,,40.941193389892575,63.58140538533529,2,FAN-ZHENDONG,ALEXIS-LEBRUN,-41.5406494140625,209.856689453125,g5,106.8682861328125,-149.758056640625,h4
ALEXIS-LEBRUN,36399,36410,garcon,coup_droit,5,att/att,ALEXIS-LEBRUN,,defensif,d1,,poussette,-55.11804552078247,-44.2524222056071,2,ALEXIS-LEBRUN,FAN-ZHENDONG,11.6103515625,193.08154296875,m5,61.45770263671875,-200.80828857421875,g5
FAN-ZHENDONG,36411,36435,garcon,coup_droit,5,att/att,serveur_point_pour,,defensif,,filet,poussette,,,,FAN-ZHENDONG,ALEXIS-LEBRUN,5.22607421875,217.68231201171875,m5,16.0098876953125,-153.28903198242188,m4
FAN-ZHENDONG,36838,36869,garcon,coup_droit,5,att/att,FAN-ZHENDONG,lat_droit,,m2,,,-6.605070114135742,54.938057072957356,2,FAN-ZHENDONG,ALEXIS-LEBRUN,-48.84716796875,214.3856201171875,g5,104.2677001953125,-150.280517578125,h4
ALEXIS-LEBRUN,36870,36883,garcon,coup_droit,5,att/att,ALEXIS-LEBRUN,,defensif,m3,,poussette,-8.118538284301758,-109.16949710845947,2,ALEXIS-LEBRUN,FAN-ZHENDONG,-30.806884765625,200.25787353515625,g5,79.81866455078125,-206.62881469726562,h5
FAN-ZHENDONG,36884,36895,garcon,coup_droit,5,att/att,FAN-ZHENDONG,,offensif,m3,,topspin,-13.466463088989258,131.85910301208497,2,FAN-ZHENDONG,ALEXIS-LEBRUN,-23.73443603515625,201.74298095703125,m5,61.5069580078125,-191.47711181640625,g5
ALEXIS-LEBRUN,36896,36908,garcon,revers,5,att/att,ALEXIS-LEBRUN,,intermediaire,m3,,bloc,20.992555999755858,-119.17978791395824,2,ALEXIS-LEBRUN,FAN-ZHENDONG,-33.898681640625,273.06036376953125,g6,109.35882568359375,-169.34341430664062,h4
FAN-ZHENDONG,36909,36925,garcon,revers,5,att/att,serveur_point_pour,,offensif,,filet,topspin,,,,FAN-ZHENDONG,ALEXIS-LEBRUN,-15.93389892578125,334.450927734375,m8,96.1142578125,-203.61761474609375,h5
ALEXIS-LEBRUN,37411,37436,garcon,coup_droit,5,att/att,ALEXIS-LEBRUN,lat_droit,,m3,,,1.725238037109375,-120.67604785760244,2,ALEXIS-LEBRUN,FAN-ZHENDONG,61.43658447265625,-204.80807495117188,g5,-72.18524169921875,125.763427734375,g4
FAN-ZHENDONG,37437,37457,garcon,revers,5,att/att,serveur_point_pour,,intermediaire,,filet,topspin,,,,FAN-ZHENDONG,ALEXIS-LEBRUN,58.54461669921875,-202.8741455078125,g5,-71.3973388671875,236.81298828125,g6
ALEXIS-LEBRUN,37714,37741,garcon,coup_droit,5,att/att,ALEXIS-LEBRUN,lat_droit,,d2,,,-30.762541198730467,-50.16781501770019,2,ALEXIS-LEBRUN,FAN-ZHENDONG,61.4295654296875,-206.14144897460938,g5,-56.9423828125,120.9490966796875,g4
FAN-ZHENDONG,37742,37755,garcon,revers,5,att/att,FAN-ZHENDONG,,intermediaire,g3,,flip,-56.436607933044435,99.68067334493001,2,FAN-ZHENDONG,ALEXIS-LEBRUN,31.66937255859375,-173.13101196289062,g4,-41.59027099609375,202.43878173828125,g5
ALEXIS-LEBRUN,37756,37762,garcon,revers,5,att/att,ALEXIS-LEBRUN,,offensif,g3,,topspin,59.40407867431641,-101.34210529327393,2,ALEXIS-LEBRUN,FAN-ZHENDONG,15.8404541015625,-182.07147216796875,m4,-41.49102783203125,217.273193359375,g5
FAN-ZHENDONG,37763,37782,garcon,revers,5,att/att,serveur_point_pour,,intermediaire,,out,bloc,,,,FAN-ZHENDONG,ALEXIS-LEBRUN,82.48040771484375,-226.05784606933594,h5,-71.45703125,228.400146484375,g6
FAN-ZHENDONG,38260,38288,garcon,coup_droit,5,att/att,FAN-ZHENDONG,lat_droit,,m2,,,17.877042770385742,66.35421854654948,2,FAN-ZHENDONG,ALEXIS-LEBRUN,-63.9088134765625,208.4732666015625,g5,101.650146484375,-150.80636596679688,h4
ALEXIS-LEBRUN,38289,38301,garcon,coup_droit,5,att/att,ALEXIS-LEBRUN,,defensif,g3,,poussette,39.48844108581543,-112.27403702735901,2,ALEXIS-LEBRUN,FAN-ZHENDONG,-10.03179931640625,184.56524658203125,m5,61.41546630859375,-208.80828857421875,g5
FAN-ZHENDONG,38302,38311,garcon,revers,5,att/att,FAN-ZHENDONG,,offensif,g2,,topspin,-32.04648571014404,90.07000223795573,2,FAN-ZHENDONG,ALEXIS-LEBRUN,-34.35455322265625,203.92413330078125,g5,61.42254638671875,-207.474853515625,g5
ALEXIS-LEBRUN,38312,38336,garcon,revers,5,att/att,serveur_point_pour,,intermediaire,,out,bloc,,,,ALEXIS-LEBRUN,FAN-ZHENDONG,-59.773681640625,256.82769775390625,g6,101.35504150390625,-213.01547241210938,h5
FAN-ZHENDONG,38815,38846,garcon,coup_droit,5,att/att,FAN-ZHENDONG,lat_droit,,m2,,,3.3181724548339844,55.8920706431071,2,FAN-ZHENDONG,ALEXIS-LEBRUN,-83.41436767578125,201.5889892578125,h5,104.2677001953125,-150.280517578125,h4
ALEXIS-LEBRUN,38847,38859,garcon,coup_droit,5,att/att,ALEXIS-LEBRUN,,defensif,d3,,poussette,-28.623116874694823,-101.62475210825602,2,ALEXIS-LEBRUN,FAN-ZHENDONG,-71.79913330078125,180.18084716796875,g4,72.878173828125,-199.26046752929688,g5
FAN-ZHENDONG,38860,38886,garcon,coup_droit,5,att/att,serveur_point_pour,,offensif,,out,topspin,,,,FAN-ZHENDONG,ALEXIS-LEBRUN,-41.456298828125,222.46380615234375,g5,79.92364501953125,-185.76409912109375,h5
ALEXIS-LEBRUN,39423,39481,garcon,coup_droit,5,att/att,ALEXIS-LEBRUN,lat_droit,,g1,,,37.81559104919434,-41.37965049743652,2,ALEXIS-LEBRUN,FAN-ZHENDONG,76.94146728515625,-226.3432159423828,h5,-93.99200439453125,126.75701904296875,h3
FAN-ZHENDONG,39482,39496,garcon,revers,5,att/att,FAN-ZHENDONG,,intermediaire,m3,,flip,-13.845442581176759,91.43900578816732,2,FAN-ZHENDONG,ALEXIS-LEBRUN,70.1695556640625,-176.8870849609375,g4,-101.60400390625,201.9365234375,h5
ALEXIS-LEBRUN,39497,39510,garcon,coup_droit,5,att/att,ALEXIS-LEBRUN,,offensif,m3,,topspin,11.670043182373046,-96.61014467875162,2,ALEXIS-LEBRUN,FAN-ZHENDONG,126.95391845703125,-174.57431030273438,i4,-97.22308349609375,239.64019775390625,h6
FAN-ZHENDONG,39511,39532,garcon,revers,5,att/att,serveur_point_pour,,offensif,,out,topspin,,,,FAN-ZHENDONG,ALEXIS-LEBRUN,98.61968994140625,-234.15162658691406,h6,-118.32196044921875,205.10791015625,h5
ALEXIS-LEBRUN,40079,40101,garcon,coup_droit,5,att/att,ALEXIS-LEBRUN,lat_droit,,m3,,,16.12856788635254,-133.95999713540078,2,ALEXIS-LEBRUN,FAN-ZHENDONG,67.23773193359375,-194.07110595703125,g5,-76.0770263671875,126.22088623046875,h3
FAN-ZHENDONG,40102,40124,garcon,revers,5,att/att,serveur_point_pour,,intermediaire,,out,topspin,,,,FAN-ZHENDONG,ALEXIS-LEBRUN,58.5517578125,-201.53634643554688,g5,-63.73370361328125,233.5208740234375,g6
FAN-ZHENDONG,40668,40733,garcon,coup_droit,5,att/att,FAN-ZHENDONG,lat_droit,,m2,,,8.292278289794922,66.94174067179362,2,FAN-ZHENDONG,ALEXIS-LEBRUN,-71.6524658203125,200.8538818359375,g5,117.19158935546875,-128.42324829101562,h3
ALEXIS-LEBRUN,40734,40747,garcon,coup_droit,5,att/att,ALEXIS-LEBRUN,,defensif,g3,,poussette,46.26559143066406,-104.50116686820984,2,ALEXIS-LEBRUN,FAN-ZHENDONG,-41.64984130859375,193.5352783203125,g5,61.55267333984375,-182.81454467773438,g5
FAN-ZHENDONG,40748,40758,garcon,revers,5,att/att,FAN-ZHENDONG,,offensif,g3,,topspin,-50.7065507888794,117.20881741841634,2,FAN-ZHENDONG,ALEXIS-LEBRUN,-13.46966552734375,180.89166259765625,m4,40.687255859375,-206.0120849609375,g5
ALEXIS-LEBRUN,40759,40788,garcon,revers,5,att/att,serveur_point_pour,,intermediaire,,out,bloc,,,,ALEXIS-LEBRUN,FAN-ZHENDONG,-41.134033203125,270.628173828125,g6,79.76947021484375,-216.41314697265625,h5
FAN-ZHENDONG,41234,41270,garcon,coup_droit,5,att/att,FAN-ZHENDONG,lat_droit,,d2,,,47.61715545654297,61.834465154012044,2,FAN-ZHENDONG,ALEXIS-LEBRUN,-41.1,270.1,g5,79.1,-216.1,g5
ALEXIS-LEBRUN,41271,41284,garcon,coup_droit,5,att/att,ALEXIS-LEBRUN,,intermediaire,m3,,flip,-13.060702514648437,-96.78773746490478,2,ALEXIS-LEBRUN,FAN-ZHENDONG,-41.2,270.2,m5,79.2,-216.2,m5
FAN-ZHENDONG,41285,41297,garcon,coup_droit,5,att/att,FAN-ZHENDONG,,offensif,g3,,topspin,-64.73833026885987,114.18401743570963,2,FAN-ZHENDONG,ALEXIS-LEBRUN,-41.3,270.3,g5,79.3,-216.3,g5
ALEXIS-LEBRUN,41298,41312,garcon,revers,5,att/att,serveur_point_contre,,intermediaire,d2,pt_gagne,bloc,-75.4574881851673,-85.75448185602824,2,ALEXIS-LEBRUN,FAN-ZHENDONG,-41.4,270.4,h4,79.4,-216.4,h4
