nom,debut,fin,genre,lateralite,set,systeme,coup,type_service,type_coup,zone_jeu,faute,distance_x_jA,distance_y_jA,zone_joueur_jA,distance_x_jB,distance_y_jB,zone_joueur_jB,competition,match,joueurA,joueurB,droitier_gaucher_joueurA,droitier_gaucher_joueurB,prise_joueurA,prise_joueurB
LEBRUN,327,419,garcon,coup_droit,1,att/att,LEBRUN,lat_droit,,m3,,-478.6681213378906,1.33709716796875,i3,-81.42626953125,214.5906982421875,h5,2022_macao_china,Lebrun_Liang_set1,LEBRUN,LIANG,droitier,droitier,europeenne,europeenne
LIANG,420,433,garcon,revers,1,att/att,LIANG,,offensif,m3,,-478.65618896484375,-3.072601318359375,f3,-85.4656982421875,212.02947998046875,h5,2022_macao_china,Lebrun_Liang_set1,LEBRUN,LIANG,droitier,droitier,europeenne,europeenne
LEBRUN,434,447,garcon,revers,1,att/att,serveur_point_contre,,offensif,,out,-478.65618896484375,-3.072601318359375,f3,-85.4656982421875,212.02947998046875,h5,2022_macao_china,Lebrun_Liang_set1,LEBRUN,LIANG,droitier,droitier,europeenne,europeenne
LEBRUN,880,918,garcon,coup_droit,1,att/att,LEBRUN,lat_droit,,d2,,-478.65618896484375,-3.072601318359375,f3,-85.4656982421875,212.02947998046875,h5,2022_macao_china,Lebrun_Liang_set1,LEBRUN,LIANG,droitier,droitier,europeenne,europeenne
LIANG,919,941,garcon,coup_droit,1,att/att,LIANG,,defensif,m3,,-478.65618896484375,-3.072601318359375,f3,-85.4656982421875,212.02947998046875,h5,2022_macao_china,Lebrun_Liang_set1,LEBRUN,LIANG,droitier,droitier,europeenne,europeenne
LEBRUN,942,954,garcon,coup_droit,1,att/att,LEBRUN,,offensif,d2,,-478.65618896484375,-3.072601318359375,f3,-85.4656982421875,212.02947998046875,h5,2022_macao_china,Lebrun_Liang_set1,LEBRUN,LIANG,droitier,droitier,europeenne,europeenne
LIANG,956,966,garcon,coup_droit,1,att/att,LIANG,,defensif,g2,,-478.65618896484375,-3.072601318359375,f3,-85.4656982421875,212.02947998046875,h5,2022_macao_china,Lebrun_Liang_set1,LEBRUN,LIANG,droitier,droitier,europeenne,europeenne
LEBRUN,967,983,garcon,revers,1,att/att,LEBRUN,,defensif,m3,,-478.6531982421875,-4.17486572265625,f3,-85.4656982421875,212.02947998046875,h5,2022_macao_china,Lebrun_Liang_set1,LEBRUN,LIANG,droitier,droitier,europeenne,europeenne
LIANG,984,997,garcon,revers,1,att/att,LIANG,,offensif,g2,,-478.65618896484375,-3.072601318359375,f3,-85.4656982421875,212.02947998046875,h5,2022_macao_china,Lebrun_Liang_set1,LEBRUN,LIANG,droitier,droitier,europeenne,europeenne
LEBRUN,998,1009,garcon,revers,1,att/att,LEBRUN,,defensif,m2,,-478.65618896484375,-3.072601318359375,f3,-85.4656982421875,212.02947998046875,h5,2022_macao_china,Lebrun_Liang_set1,LEBRUN,LIANG,droitier,droitier,europeenne,europeenne
LIANG,1010,1026,garcon,revers,1,att/att,LIANG,,offensif,g2,,-478.6531982421875,-4.17486572265625,f3,-85.4656982421875,212.02947998046875,h5,2022_macao_china,Lebrun_Liang_set1,LEBRUN,LIANG,droitier,droitier,europeenne,europeenne
LEBRUN,1028,1037,garcon,revers,1,att/att,serveur_point_pour,,offensif,g2,pt_gagne,-478.65618896484375,-3.072601318359375,f3,-85.4656982421875,212.02947998046875,h5,2022_macao_china,Lebrun_Liang_set1,LEBRUN,LIANG,droitier,droitier,europeenne,europeenne
LIANG,1459,1495,garcon,coup_droit,1,att/att,LIANG,lat_gauche,,g2,,-478.65618896484375,-3.072601318359375,f3,-85.4656982421875,212.02947998046875,h5,2022_macao_china,Lebrun_Liang_set1,LEBRUN,LIANG,droitier,droitier,europeenne,europeenne
LEBRUN,1496,1509,garcon,revers,1,att/att,serveur_point_pour,,offensif,,out,-478.65618896484375,-3.072601318359375,f3,-85.4656982421875,212.02947998046875,h5,2022_macao_china,Lebrun_Liang_set1,LEBRUN,LIANG,droitier,droitier,europeenne,europeenne
LIANG,2317,2350,garcon,coup_droit,1,att/att,LIANG,lat_gauche,,m1,,-478.65618896484375,-3.072601318359375,f3,-85.4656982421875,212.02947998046875,h5,2022_macao_china,Lebrun_Liang_set1,LEBRUN,LIANG,droitier,droitier,europeenne,europeenne
LEBRUN,2351,2365,garcon,revers,1,att/att,LEBRUN,,poussette,g3,,-478.6531982421875,-4.17486572265625,f3,-85.4656982421875,212.02947998046875,h5,2022_macao_china,Lebrun_Liang_set1,LEBRUN,LIANG,droitier,droitier,europeenne,europeenne
LIANG,2366,2378,garcon,revers,1,att/att,LIANG,,offensif,g3,,-478.65618896484375,-3.072601318359375,f3,-85.4656982421875,212.02947998046875,h5,2022_macao_china,Lebrun_Liang_set1,LEBRUN,LIANG,droitier,droitier,europeenne,europeenne
LEBRUN,2379,2387,garcon,revers,1,att/att,LEBRUN,,offensif,g3,,-478.65618896484375,-3.072601318359375,f3,-85.4656982421875,212.02947998046875,h5,2022_macao_china,Lebrun_Liang_set1,LEBRUN,LIANG,droitier,droitier,europeenne,europeenne
LIANG,2388,2403,garcon,revers,1,att/att,serveur_point_contre,,offensif,,out,-478.6531982421875,-4.17486572265625,f3,-85.4656982421875,212.02947998046875,h5,2022_macao_china,Lebrun_Liang_set1,LEBRUN,LIANG,droitier,droitier,europeenne,europeenne
LEBRUN,2908,2957,garcon,coup_droit,1,att/att,LEBRUN,lat_droit,,m2,,-478.6681213378906,1.33709716796875,i3,-85.4656982421875,212.02947998046875,h5,2022_macao_china,Lebrun_Liang_set1,LEBRUN,LIANG,droitier,droitier,europeenne,europeenne
LIANG,2958,2978,garcon,revers,1,att/att,LIANG,,poussette,d2,,-478.65618896484375,-3.072601318359375,f3,-85.4656982421875,212.02947998046875,h5,2022_macao_china,Lebrun_Liang_set1,LEBRUN,LIANG,droitier,droitier,europeenne,europeenne
LEBRUN,2979,2992,garcon,coup_droit,1,att/att,LEBRUN,,defensif,g2,,-478.65618896484375,-3.072601318359375,f3,-85.4656982421875,212.02947998046875,h5,2022_macao_china,Lebrun_Liang_set1,LEBRUN,LIANG,droitier,droitier,europeenne,europeenne
LIANG,2994,3013,garcon,revers,1,att/att,LIANG,,defensif,g2,,-478.65618896484375,-3.072601318359375,f3,-85.4656982421875,212.02947998046875,h5,2022_macao_china,Lebrun_Liang_set1,LEBRUN,LIANG,droitier,droitier,europeenne,europeenne
LEBRUN,3014,3021,garcon,revers,1,att/att,serveur_point_contre,,offensif,m3,pt_gagne,-478.65618896484375,-3.072601318359375,f3,-85.4541015625,213.70751953125,h5,2022_macao_china,Lebrun_Liang_set1,LEBRUN,LIANG,droitier,droitier,europeenne,europeenne
LEBRUN,3300,3333,garcon,revers,1,att/att,LEBRUN,lat_gauche,,d2,,-478.65618896484375,-3.072601318359375,f3,-85.4656982421875,212.02947998046875,h5,2022_macao_china,Lebrun_Liang_set1,LEBRUN,LIANG,droitier,droitier,europeenne,europeenne
LIANG,3334,3351,garcon,coup_droit,1,att/att,LIANG,,poussette,g3,,-478.6531982421875,-4.17486572265625,f3,-85.4656982421875,212.02947998046875,h5,2022_macao_china,Lebrun_Liang_set1,LEBRUN,LIANG,droitier,droitier,europeenne,europeenne
LEBRUN,3352,3368,garcon,revers,1,att/att,LEBRUN,,poussette,m3,,-478.6531982421875,-4.17486572265625,f3,-85.4656982421875,212.02947998046875,h5,2022_macao_china,Lebrun_Liang_set1,LEBRUN,LIANG,droitier,droitier,europeenne,europeenne
LIANG,3369,3382,garcon,revers,1,att/att,LIANG,,offensif,g2,,-478.65618896484375,-3.072601318359375,f3,-85.4656982421875,212.02947998046875,h5,2022_macao_china,Lebrun_Liang_set1,LEBRUN,LIANG,droitier,droitier,europeenne,europeenne
LEBRUN,3384,3408,garcon,revers,1,att/att,LEBRUN,,defensif,m3,,-478.65618896484375,-3.072601318359375,f3,-81.44970703125,211.2457275390625,h5,2022_macao_china,Lebrun_Liang_set1,LEBRUN,LIANG,droitier,droitier,europeenne,europeenne
LIANG,3408,3424,garcon,coup_droit,1,att/att,LIANG,,offensif,m3,,-478.6531982421875,-4.17486572265625,f3,-85.4656982421875,212.02947998046875,h5,2022_macao_china,Lebrun_Liang_set1,LEBRUN,LIANG,droitier,droitier,europeenne,europeenne
LEBRUN,3426,3443,garcon,revers,1,att/att,LEBRUN,,offensif,m2,,-478.6531982421875,-4.17486572265625,f3,-85.4656982421875,212.02947998046875,h5,2022_macao_china,Lebrun_Liang_set1,LEBRUN,LIANG,droitier,droitier,europeenne,europeenne
LIANG,3443,3464,garcon,coup_droit,1,att/att,serveur_point_pour,,offensif,,out,-478.65618896484375,-3.072601318359375,f3,-85.4656982421875,212.02947998046875,h5,2022_macao_china,Lebrun_Liang_set1,LEBRUN,LIANG,droitier,droitier,europeenne,europeenne
LIANG,3955,4006,garcon,coup_droit,1,att/att,LIANG,lat_droit,,m2,,-478.6681213378906,1.33709716796875,i3,-81.44970703125,211.2457275390625,h5,2022_macao_china,Lebrun_Liang_set1,LEBRUN,LIANG,droitier,droitier,europeenne,europeenne
LEBRUN,4008,4023,garcon,coup_droit,1,att/att,LEBRUN,,poussette,d2,,-478.6531982421875,-4.17486572265625,f3,-85.4656982421875,212.02947998046875,h5,2022_macao_china,Lebrun_Liang_set1,LEBRUN,LIANG,droitier,droitier,europeenne,europeenne
LIANG,4024,4040,garcon,coup_droit,1,att/att,serveur_point_contre,,offensif,,out,-478.6531982421875,-4.17486572265625,f3,-85.4656982421875,212.02947998046875,h5,2022_macao_china,Lebrun_Liang_set1,LEBRUN,LIANG,droitier,droitier,europeenne,europeenne
LIANG,5152,5179,garcon,coup_droit,1,att/att,LIANG,lat_gauche,,g2,,-478.65618896484375,-3.072601318359375,f3,-85.4656982421875,212.02947998046875,h5,2022_macao_china,Lebrun_Liang_set1,LEBRUN,LIANG,droitier,droitier,europeenne,europeenne
LEBRUN,5180,5193,garcon,revers,1,att/att,LEBRUN,,poussette,m3,,-478.65618896484375,-3.072601318359375,f3,-85.4656982421875,212.02947998046875,h5,2022_macao_china,Lebrun_Liang_set1,LEBRUN,LIANG,droitier,droitier,europeenne,europeenne
LIANG,5194,5211,garcon,revers,1,att/att,LIANG,,offensif,g3,,-478.6531982421875,-4.17486572265625,f3,-85.4656982421875,212.02947998046875,h5,2022_macao_china,Lebrun_Liang_set1,LEBRUN,LIANG,droitier,droitier,europeenne,europeenne
LEBRUN,5212,5227,garcon,revers,1,att/att,serveur_point_pour,,offensif,,out,-478.6531982421875,-4.17486572265625,f3,-85.4656982421875,212.02947998046875,h5,2022_macao_china,Lebrun_Liang_set1,LEBRUN,LIANG,droitier,droitier,europeenne,europeenne
LEBRUN,5587,5588,garcon,revers,1,att/att,LEBRUN,lat_gauche,,d2,,-478.65618896484375,-3.072601318359375,f3,-85.4656982421875,212.02947998046875,h5,2022_macao_china,Lebrun_Liang_set1,LEBRUN,LIANG,droitier,droitier,europeenne,europeenne
LIANG,5589,5604,garcon,coup_droit,1,att/att,LIANG,,poussette,g2,,-478.6531982421875,-4.17486572265625,f3,-85.4656982421875,212.02947998046875,h5,2022_macao_china,Lebrun_Liang_set1,LEBRUN,LIANG,droitier,droitier,europeenne,europeenne
LEBRUN,5605,5619,garcon,revers,1,att/att,LEBRUN,,poussette,m2,,-478.6531982421875,-4.17486572265625,f3,-85.4656982421875,212.02947998046875,h5,2022_macao_china,Lebrun_Liang_set1,LEBRUN,LIANG,droitier,droitier,europeenne,europeenne
LIANG,5620,5640,garcon,coup_droit,1,att/att,LIANG,,poussette,g2,,-478.65618896484375,-3.072601318359375,f3,-85.4656982421875,212.02947998046875,h5,2022_macao_china,Lebrun_Liang_set1,LEBRUN,LIANG,droitier,droitier,europeenne,europeenne
LEBRUN,5641,5660,garcon,coup_droit,1,att/att,LEBRUN,,poussette,m2,,-478.65618896484375,-3.072601318359375,f3,-85.4656982421875,212.02947998046875,h5,2022_macao_china,Lebrun_Liang_set1,LEBRUN,LIANG,droitier,droitier,europeenne,europeenne
LIANG,5661,5679,garcon,coup_droit,1,att/att,LIANG,,poussette,g3,,-478.65618896484375,-3.072601318359375,f3,-85.4656982421875,212.02947998046875,h5,2022_macao_china,Lebrun_Liang_set1,LEBRUN,LIANG,droitier,droitier,europeenne,europeenne
LEBRUN,5680,5691,garcon,revers,1,att/att,serveur_point_pour,,offensif,d3,pt_gagne,-478.65618896484375,-3.072601318359375,f3,-85.4656982421875,212.02947998046875,h5,2022_macao_china,Lebrun_Liang_set1,LEBRUN,LIANG,droitier,droitier,europeenne,europeenne
LEBRUN,6013,6057,garcon,coup_droit,1,att/att,LEBRUN,lat_droit,,d2,,-478.6621551513672,-0.86785888671875,f3,-85.4656982421875,212.02947998046875,h5,2022_macao_china,Lebrun_Liang_set1,LEBRUN,LIANG,droitier,droitier,europeenne,europeenne
LIANG,6058,6080,garcon,coup_droit,1,att/att,LIANG,,poussette,g3,,-478.65618896484375,-3.072601318359375,f3,-85.4656982421875,212.02947998046875,h5,2022_macao_china,Lebrun_Liang_set1,LEBRUN,LIANG,droitier,droitier,europeenne,europeenne
LEBRUN,6081,6099,garcon,revers,1,att/att,serveur_point_contre,,offensif,,out,-478.65618896484375,-3.072601318359375,f3,-85.4656982421875,212.02947998046875,h5,2022_macao_china,Lebrun_Liang_set1,LEBRUN,LIANG,droitier,droitier,europeenne,europeenne
LIANG,7105,7148,garcon,coup_droit,1,att/att,LIANG,lat_droit,,m2,,-478.6621551513672,-0.86785888671875,f3,-85.4656982421875,212.02947998046875,h5,2022_macao_china,Lebrun_Liang_set1,LEBRUN,LIANG,droitier,droitier,europeenne,europeenne
LEBRUN,7149,7162,garcon,coup_droit,1,att/att,LEBRUN,,poussette,g2,,-478.65618896484375,-3.072601318359375,f3,-85.4656982421875,212.02947998046875,h5,2022_macao_china,Lebrun_Liang_set1,LEBRUN,LIANG,droitier,droitier,europeenne,europeenne
LIANG,7163,7177,garcon,revers,1,att/att,LIANG,,offensif,g3,,-478.6531982421875,-4.17486572265625,f3,-85.4656982421875,212.02947998046875,h5,2022_macao_china,Lebrun_Liang_set1,LEBRUN,LIANG,droitier,droitier,europeenne,europeenne
LEBRUN,7178,7191,garcon,revers,1,att/att,LEBRUN,,defensif,g3,,-478.65618896484375,-3.072601318359375,f3,-85.4656982421875,212.02947998046875,h5,2022_macao_china,Lebrun_Liang_set1,LEBRUN,LIANG,droitier,droitier,europeenne,europeenne
LIANG,7192,7212,garcon,revers,1,att/att,serveur_point_contre,,offensif,,out,-478.65618896484375,-3.072601318359375,f3,-85.4656982421875,212.02947998046875,h5,2022_macao_china,Lebrun_Liang_set1,LEBRUN,LIANG,droitier,droitier,europeenne,europeenne
LIANG,7639,7669,garcon,coup_droit,1,att/att,LIANG,lat_droit,,m2,,-478.65618896484375,-3.072601318359375,f3,-85.4656982421875,212.02947998046875,h5,2022_macao_china,Lebrun_Liang_set1,LEBRUN,LIANG,droitier,droitier,europeenne,europeenne
LEBRUN,7670,7687,garcon,coup_droit,1,att/att,LEBRUN,,poussette,d2,,-478.6531982421875,-4.17486572265625,f3,-85.4656982421875,212.02947998046875,h5,2022_macao_china,Lebrun_Liang_set1,LEBRUN,LIANG,droitier,droitier,europeenne,europeenne
LIANG,7688,7698,garcon,coup_droit,1,att/att,LIANG,,offensif,d2,,-478.65618896484375,-3.072601318359375,f3,-85.4656982421875,212.02947998046875,h5,2022_macao_china,Lebrun_Liang_set1,LEBRUN,LIANG,droitier,droitier,europeenne,europeenne
LEBRUN,7699,7712,garcon,coup_droit,1,att/att,LEBRUN,,defensif,g3,,-478.65618896484375,-3.072601318359375,f3,-85.4656982421875,212.02947998046875,h5,2022_macao_china,Lebrun_Liang_set1,LEBRUN,LIANG,droitier,droitier,europeenne,europeenne
LIANG,7713,7724,garcon,revers,1,att/att,LIANG,,offensif,g3,,-478.65618896484375,-3.072601318359375,f3,-85.4656982421875,212.02947998046875,h5,2022_macao_china,Lebrun_Liang_set1,LEBRUN,LIANG,droitier,droitier,europeenne,europeenne
LEBRUN,7725,7734,garcon,revers,1,att/att,LEBRUN,,offensif,m2,,-478.65618896484375,-3.072601318359375,f3,-85.4656982421875,212.02947998046875,h5,2022_macao_china,Lebrun_Liang_set1,LEBRUN,LIANG,droitier,droitier,europeenne,europeenne
LIANG,7735,7748,garcon,revers,1,att/att,LIANG,,offensif,m3,,-478.65618896484375,-3.072601318359375,f3,-85.4656982421875,212.02947998046875,h5,2022_macao_china,Lebrun_Liang_set1,LEBRUN,LIANG,droitier,droitier,europeenne,europeenne
LEBRUN,7749,7760,garcon,revers,1,att/att,LEBRUN,,offensif,g3,,-478.65618896484375,-3.072601318359375,f3,-85.4656982421875,212.02947998046875,h5,2022_macao_china,Lebrun_Liang_set1,LEBRUN,LIANG,droitier,droitier,europeenne,europeenne
LIANG,7761,7776,garcon,revers,1,att/att,serveur_point_contre,,offensif,g3,pt_gagne,-478.6531982421875,-4.17486572265625,f3,-85.4656982421875,212.02947998046875,h5,2022_macao_china,Lebrun_Liang_set1,LEBRUN,LIANG,droitier,droitier,europeenne,europeenne
LEBRUN,7933,7969,garcon,coup_droit,1,att/att,LEBRUN,lat_droit,,m2,,-478.65618896484375,-3.072601318359375,f3,-85.4656982421875,212.02947998046875,h5,2022_macao_china,Lebrun_Liang_set1,LEBRUN,LIANG,droitier,droitier,europeenne,europeenne
LIANG,7970,7988,garcon,revers,1,att/att,LIANG,,poussette,g3,,-478.65618896484375,-3.072601318359375,f3,-85.4656982421875,212.02947998046875,h5,2022_macao_china,Lebrun_Liang_set1,LEBRUN,LIANG,droitier,droitier,europeenne,europeenne
LEBRUN,7989,8013,garcon,revers,1,att/att,serveur_point_contre,,offensif,,out,-478.65618896484375,-3.072601318359375,f3,-81.44970703125,211.2457275390625,h5,2022_macao_china,Lebrun_Liang_set1,LEBRUN,LIANG,droitier,droitier,europeenne,europeenne
LEBRUN,8382,8406,garcon,coup_droit,1,att/att,LEBRUN,lat_droit,,d2,,-478.65618896484375,-3.072601318359375,f3,-81.44970703125,211.2457275390625,h5,2022_macao_china,Lebrun_Liang_set1,LEBRUN,LIANG,droitier,droitier,europeenne,europeenne
LIANG,8407,8425,garcon,coup_droit,1,att/att,LIANG,,poussette,g2,,-478.65618896484375,-3.072601318359375,f3,-85.4656982421875,212.02947998046875,h5,2022_macao_china,Lebrun_Liang_set1,LEBRUN,LIANG,droitier,droitier,europeenne,europeenne
LEBRUN,8426,8446,garcon,coup_droit,1,att/att,LEBRUN,,poussette,d2,,-478.65618896484375,-3.072601318359375,f3,-85.4656982421875,212.02947998046875,h5,2022_macao_china,Lebrun_Liang_set1,LEBRUN,LIANG,droitier,droitier,europeenne,europeenne
LIANG,8447,8469,garcon,coup_droit,1,att/att,serveur_point_pour,,poussette,,filet,-478.65618896484375,-3.072601318359375,f3,-85.4656982421875,212.02947998046875,h5,2022_macao_china,Lebrun_Liang_set1,LEBRUN,LIANG,droitier,droitier,europeenne,europeenne
LIANG,8898,8955,garcon,coup_droit,1,att/att,LIANG,lat_gauche,,m2,,-478.6621551513672,-0.86785888671875,f3,-81.44970703125,211.2457275390625,h5,2022_macao_china,Lebrun_Liang_set1,LEBRUN,LIANG,droitier,droitier,europeenne,europeenne
LEBRUN,8956,8967,garcon,coup_droit,1,att/att,LEBRUN,,poussette,m2,,-478.65618896484375,-3.072601318359375,f3,-85.4656982421875,212.02947998046875,h5,2022_macao_china,Lebrun_Liang_set1,LEBRUN,LIANG,droitier,droitier,europeenne,europeenne
LIANG,8968,8982,garcon,revers,1,att/att,LIANG,,offensif,g3,,-478.6531982421875,-4.17486572265625,f3,-85.4656982421875,212.02947998046875,h5,2022_macao_china,Lebrun_Liang_set1,LEBRUN,LIANG,droitier,droitier,europeenne,europeenne
LEBRUN,8983,8996,garcon,revers,1,att/att,LEBRUN,,defensif,m2,,-478.65618896484375,-3.072601318359375,f3,-85.4656982421875,212.02947998046875,h5,2022_macao_china,Lebrun_Liang_set1,LEBRUN,LIANG,droitier,droitier,europeenne,europeenne
LIANG,8997,9017,garcon,coup_droit,1,att/att,serveur_point_pour,,offensif,g2,pt_gagne,-478.65618896484375,-3.072601318359375,f3,-85.4656982421875,212.02947998046875,h5,2022_macao_china,Lebrun_Liang_set1,LEBRUN,LIANG,droitier,droitier,europeenne,europeenne
LIANG,9501,9543,garcon,coup_droit,1,att/att,LIANG,lat_gauche,,m2,,-478.6621551513672,-0.86785888671875,f3,-85.4656982421875,212.02947998046875,h5,2022_macao_china,Lebrun_Liang_set1,LEBRUN,LIANG,droitier,droitier,europeenne,europeenne
LEBRUN,9544,9560,garcon,coup_droit,1,att/att,LEBRUN,,poussette,d2,,-478.6531982421875,-4.17486572265625,f3,-85.4656982421875,212.02947998046875,h5,2022_macao_china,Lebrun_Liang_set1,LEBRUN,LIANG,droitier,droitier,europeenne,europeenne
LIANG,9561,9578,garcon,coup_droit,1,att/att,LIANG,,offensif,g3,,-478.6531982421875,-4.17486572265625,f3,-85.4656982421875,212.02947998046875,h5,2022_macao_china,Lebrun_Liang_set1,LEBRUN,LIANG,droitier,droitier,europeenne,europeenne
LEBRUN,9579,9603,garcon,revers,1,att/att,serveur_point_pour,,defensif,,filet,-478.65618896484375,-3.072601318359375,f3,-81.44970703125,211.2457275390625,h5,2022_macao_china,Lebrun_Liang_set1,LEBRUN,LIANG,droitier,droitier,europeenne,europeenne
LEBRUN,9907,9934,garcon,coup_droit,1,att/att,LEBRUN,lat_droit,,g2,,-478.65618896484375,-3.072601318359375,f3,-85.4656982421875,212.02947998046875,h5,2022_macao_china,Lebrun_Liang_set1,LEBRUN,LIANG,droitier,droitier,europeenne,europeenne
LIANG,9935,9957,garcon,revers,1,att/att,LIANG,,poussette,m2,,-478.65618896484375,-3.072601318359375,f3,-85.4656982421875,212.02947998046875,h5,2022_macao_china,Lebrun_Liang_set1,LEBRUN,LIANG,droitier,droitier,europeenne,europeenne
LEBRUN,9958,9976,garcon,coup_droit,1,att/att,LEBRUN,,poussette,m2,,-478.65618896484375,-3.072601318359375,f3,-85.4656982421875,212.02947998046875,h5,2022_macao_china,Lebrun_Liang_set1,LEBRUN,LIANG,droitier,droitier,europeenne,europeenne
LIANG,9977,9996,garcon,revers,1,att/att,LIANG,,offensif,g2,,-478.65618896484375,-3.072601318359375,f3,-85.4656982421875,212.02947998046875,h5,2022_macao_china,Lebrun_Liang_set1,LEBRUN,LIANG,droitier,droitier,europeenne,europeenne
LEBRUN,9997,10008,garcon,revers,1,att/att,LEBRUN,,offensif,m2,,-478.65618896484375,-3.072601318359375,f3,-85.4656982421875,212.02947998046875,h5,2022_macao_china,Lebrun_Liang_set1,LEBRUN,LIANG,droitier,droitier,europeenne,europeenne
LIANG,10009,10030,garcon,revers,1,att/att,serveur_point_pour,,offensif,,out,-478.65618896484375,-3.072601318359375,f3,-85.4656982421875,212.02947998046875,h5,2022_macao_china,Lebrun_Liang_set1,LEBRUN,LIANG,droitier,droitier,europeenne,europeenne
LEBRUN,10327,10335,garcon,coup_droit,1,att/att,LEBRUN,lat_droit,,m2,,-478.65618896484375,-3.072601318359375,f3,-85.4656982421875,212.02947998046875,h5,2022_macao_china,Lebrun_Liang_set1,LEBRUN,LIANG,droitier,droitier,europeenne,europeenne
LIANG,10336,10353,garcon,coup_droit,1,att/att,LIANG,,poussette,d2,,-478.6531982421875,-4.17486572265625,f3,-85.4656982421875,212.02947998046875,h5,2022_macao_china,Lebrun_Liang_set1,LEBRUN,LIANG,droitier,droitier,europeenne,europeenne
LEBRUN,10354,10373,garcon,coup_droit,1,att/att,serveur_point_contre,,offensif,,filet,-478.65618896484375,-3.072601318359375,f3,-85.4656982421875,212.02947998046875,h5,2022_macao_china,Lebrun_Liang_set1,LEBRUN,LIANG,droitier,droitier,europeenne,europeenne
LIANG,10688,10717,garcon,coup_droit,1,att/att,LIANG,lat_gauche,,m2,,-478.65618896484375,-3.072601318359375,f3,-85.4656982421875,212.02947998046875,h5,2022_macao_china,Lebrun_Liang_set1,LEBRUN,LIANG,droitier,droitier,europeenne,europeenne
LEBRUN,10718,10732,garcon,coup_droit,1,att/att,LEBRUN,,poussette,m2,,-478.6531982421875,-4.17486572265625,f3,-85.4656982421875,212.02947998046875,h5,2022_macao_china,Lebrun_Liang_set1,LEBRUN,LIANG,droitier,droitier,europeenne,europeenne
LIANG,10733,10746,garcon,coup_droit,1,att/att,LIANG,,poussette,m2,,-478.65618896484375,-3.072601318359375,f3,-85.4656982421875,212.02947998046875,h5,2022_macao_china,Lebrun_Liang_set1,LEBRUN,LIANG,droitier,droitier,europeenne,europeenne
LEBRUN,10747,10764,garcon,revers,1,att/att,LEBRUN,,poussette,g2,,-478.6531982421875,-4.17486572265625,f3,-85.4656982421875,212.02947998046875,h5,2022_macao_china,Lebrun_Liang_set1,LEBRUN,LIANG,droitier,droitier,europeenne,europeenne
LIANG,10765,10793,garcon,revers,1,att/att,serveur_point_contre,,offensif,,out,-478.65618896484375,-3.072601318359375,f3,-85.4656982421875,212.02947998046875,h5,2022_macao_china,Lebrun_Liang_set1,LEBRUN,LIANG,droitier,droitier,europeenne,europeenne
LIANG,11259,11292,garcon,coup_droit,1,att/att,LIANG,lat_gauche,,g2,,-478.65618896484375,-3.072601318359375,f3,-85.4656982421875,212.02947998046875,h5,2022_macao_china,Lebrun_Liang_set1,LEBRUN,LIANG,droitier,droitier,europeenne,europeenne
LEBRUN,11293,11308,garcon,revers,1,att/att,LEBRUN,,poussette,m3,,-478.6531982421875,-4.17486572265625,f3,-85.4656982421875,212.02947998046875,h5,2022_macao_china,Lebrun_Liang_set1,LEBRUN,LIANG,droitier,droitier,europeenne,europeenne
LIANG,11309,11322,garcon,revers,1,att/att,LIANG,,offensif,d3,,-478.65618896484375,-3.072601318359375,f3,-85.4656982421875,212.02947998046875,h5,2022_macao_china,Lebrun_Liang_set1,LEBRUN,LIANG,droitier,droitier,europeenne,europeenne
LEBRUN,11323,11346,garcon,coup_droit,1,att/att,LEBRUN,,defensif,m3,,-478.65618896484375,-3.072601318359375,f3,-85.4656982421875,212.02947998046875,h5,2022_macao_china,Lebrun_Liang_set1,LEBRUN,LIANG,droitier,droitier,europeenne,europeenne
LIANG,11347,11362,garcon,coup_droit,1,att/att,LIANG,,offensif,d3,,-478.6531982421875,-4.17486572265625,f3,-85.4656982421875,212.02947998046875,h5,2022_macao_china,Lebrun_Liang_set1,LEBRUN,LIANG,droitier,droitier,europeenne,europeenne
LEBRUN,11363,11389,garcon,coup_droit,1,att/att,LEBRUN,,offensif,d3,,-478.65618896484375,-3.072601318359375,f3,-85.4656982421875,212.02947998046875,h5,2022_macao_china,Lebrun_Liang_set1,LEBRUN,LIANG,droitier,droitier,europeenne,europeenne
LIANG,11390,11414,garcon,revers,1,att/att,LIANG,,defensif,d1,,-478.65618896484375,-3.072601318359375,f3,-81.44970703125,211.2457275390625,h5,2022_macao_china,Lebrun_Liang_set1,LEBRUN,LIANG,droitier,droitier,europeenne,europeenne
LEBRUN,11415,11432,garcon,coup_droit,1,att/att,serveur_point_contre,,offensif,m2,pt_gagne,-478.6531982421875,-4.17486572265625,f3,-85.4656982421875,212.02947998046875,h5,2022_macao_china,Lebrun_Liang_set1,LEBRUN,LIANG,droitier,droitier,europeenne,europeenne
MCBEATH,59,81,garcon,coup_droit,1,att/att,MCBEATH,lat_gauche,,m2,,61.06005859375,-172.76260375976562,g4,-101.79913330078125,89.00531005859375,h3,2023_France_Q_ChE,akkuzu_mcbeath_set1,AKKUZU,MCBEATH,droitier,droitier,europeenne,europeenne
AKKUZU,82,94,garcon,revers,1,att/att,AKKUZU,,offensif,m3,,69.27972412109375,-162.83346557617188,g4,-122.353271484375,95.30810546875,h3,2023_France_Q_ChE,akkuzu_mcbeath_set1,AKKUZU,MCBEATH,droitier,droitier,europeenne,europeenne
MCBEATH,95,114,garcon,coup_droit,1,att/att,serveur_point_pour,,defensif,,out,63.00115966796875,-169.75372314453125,g4,-110.09661865234375,96.0408935546875,h3,2023_France_Q_ChE,akkuzu_mcbeath_set1,AKKUZU,MCBEATH,droitier,droitier,europeenne,europeenne
MCBEATH,376,386,garcon,coup_droit,1,att/att,MCBEATH,lat_gauche,,m2,,70.43463134765625,-167.06707763671875,g4,-123.41064453125,87.56256103515625,h3,2023_France_Q_ChE,akkuzu_mcbeath_set1,AKKUZU,MCBEATH,droitier,droitier,europeenne,europeenne
AKKUZU,387,408,garcon,revers,1,att/att,AKKUZU,,poussette,m2,,63.00115966796875,-169.75372314453125,g4,-110.09661865234375,96.0408935546875,h3,2023_France_Q_ChE,akkuzu_mcbeath_set1,AKKUZU,MCBEATH,droitier,droitier,europeenne,europeenne
MCBEATH,409,420,garcon,revers,1,att/att,MCBEATH,,offensif,g2,,70.43463134765625,-167.06707763671875,g4,-123.41064453125,87.56256103515625,h3,2023_France_Q_ChE,akkuzu_mcbeath_set1,AKKUZU,MCBEATH,droitier,droitier,europeenne,europeenne
AKKUZU,421,443,garcon,revers,1,att/att,serveur_point_pour,,offensif,,out,61.06005859375,-172.76260375976562,g4,-101.79913330078125,89.00531005859375,h3,2023_France_Q_ChE,akkuzu_mcbeath_set1,AKKUZU,MCBEATH,droitier,droitier,europeenne,europeenne
AKKUZU,733,745,garcon,coup_droit,1,att/att,AKKUZU,lat_droit,,m2,,69.27972412109375,-162.83346557617188,g4,-122.353271484375,95.30810546875,h3,2023_France_Q_ChE,akkuzu_mcbeath_set1,AKKUZU,MCBEATH,droitier,droitier,europeenne,europeenne
MCBEATH,746,763,garcon,coup_droit,1,att/att,MCBEATH,,poussette,m3,,65.23687744140625,-161.898193359375,g4,-113.1351318359375,95.85919189453125,h3,2023_France_Q_ChE,akkuzu_mcbeath_set1,AKKUZU,MCBEATH,droitier,droitier,europeenne,europeenne
AKKUZU,764,778,garcon,coup_droit,1,att/att,AKKUZU,,offensif,g3,,65.7803955078125,-154.41766357421875,g4,-123.33880615234375,111.0516357421875,h3,2023_France_Q_ChE,akkuzu_mcbeath_set1,AKKUZU,MCBEATH,droitier,droitier,europeenne,europeenne
MCBEATH,779,795,garcon,revers,1,att/att,MCBEATH,,defensif,d2,,65.23687744140625,-161.898193359375,g4,-113.1351318359375,95.85919189453125,h3,2023_France_Q_ChE,akkuzu_mcbeath_set1,AKKUZU,MCBEATH,droitier,droitier,europeenne,europeenne
AKKUZU,796,812,garcon,coup_droit,1,att/att,AKKUZU,,offensif,g3,,65.23687744140625,-161.898193359375,g4,-113.1351318359375,95.85919189453125,h3,2023_France_Q_ChE,akkuzu_mcbeath_set1,AKKUZU,MCBEATH,droitier,droitier,europeenne,europeenne
MCBEATH,813,836,garcon,revers,1,att/att,MCBEATH,,defensif,g3,,61.06005859375,-172.76260375976562,g4,-101.79913330078125,89.00531005859375,h3,2023_France_Q_ChE,akkuzu_mcbeath_set1,AKKUZU,MCBEATH,droitier,droitier,europeenne,europeenne
AKKUZU,837,853,garcon,coup_droit,1,att/att,AKKUZU,,offensif,g2,,65.23687744140625,-161.898193359375,g4,-113.1351318359375,95.85919189453125,h3,2023_France_Q_ChE,akkuzu_mcbeath_set1,AKKUZU,MCBEATH,droitier,droitier,europeenne,europeenne
MCBEATH,854,866,garcon,revers,1,att/att,serveur_point_contre,,offensif,,pt_gagne,69.27972412109375,-162.83346557617188,g4,-122.353271484375,95.30810546875,h3,2023_France_Q_ChE,akkuzu_mcbeath_set1,AKKUZU,MCBEATH,droitier,droitier,europeenne,europeenne
AKKUZU,1254,1270,garcon,coup_droit,1,att/att,AKKUZU,lat_droit,,m2,,65.23687744140625,-161.898193359375,g4,-113.1351318359375,95.85919189453125,h3,2023_France_Q_ChE,akkuzu_mcbeath_set1,AKKUZU,MCBEATH,droitier,droitier,europeenne,europeenne
MCBEATH,1271,1289,garcon,revers,1,att/att,MCBEATH,,offensif,g3,,63.00115966796875,-169.75372314453125,g4,-110.09661865234375,96.0408935546875,h3,2023_France_Q_ChE,akkuzu_mcbeath_set1,AKKUZU,MCBEATH,droitier,droitier,europeenne,europeenne
AKKUZU,1290,1307,garcon,revers,1,att/att,serveur_point_pour,,offensif,,out,65.23687744140625,-161.898193359375,g4,-113.1351318359375,95.85919189453125,h3,2023_France_Q_ChE,akkuzu_mcbeath_set1,AKKUZU,MCBEATH,droitier,droitier,europeenne,europeenne
MCBEATH,1616,1642,garcon,coup_droit,1,att/att,serveur_point_pour,lat_gauche,,,filet,58.92071533203125,-178.09017944335938,g4,-101.79913330078125,89.00531005859375,h3,2023_France_Q_ChE,akkuzu_mcbeath_set1,AKKUZU,MCBEATH,droitier,droitier,europeenne,europeenne
MCBEATH,2298,2316,garcon,coup_droit,1,att/att,MCBEATH,lat_gauche,,d2,,63.00115966796875,-169.75372314453125,g4,-110.09661865234375,96.0408935546875,h3,2023_France_Q_ChE,akkuzu_mcbeath_set1,AKKUZU,MCBEATH,droitier,droitier,europeenne,europeenne
AKKUZU,2317,2335,garcon,coup_droit,1,att/att,AKKUZU,,poussette,d2,,63.00115966796875,-169.75372314453125,g4,-110.09661865234375,96.0408935546875,h3,2023_France_Q_ChE,akkuzu_mcbeath_set1,AKKUZU,MCBEATH,droitier,droitier,europeenne,europeenne
MCBEATH,2336,2352,garcon,coup_droit,1,att/att,MCBEATH,,offensif,m3,,65.23687744140625,-161.898193359375,g4,-113.1351318359375,95.85919189453125,h3,2023_France_Q_ChE,akkuzu_mcbeath_set1,AKKUZU,MCBEATH,droitier,droitier,europeenne,europeenne
AKKUZU,2353,2369,garcon,coup_droit,1,att/att,AKKUZU,,offensif,m2,,65.23687744140625,-161.898193359375,g4,-113.1351318359375,95.85919189453125,h3,2023_France_Q_ChE,akkuzu_mcbeath_set1,AKKUZU,MCBEATH,droitier,droitier,europeenne,europeenne
MCBEATH,2370,2382,garcon,coup_droit,1,att/att,serveur_point_contre,,offensif,d3,pt_gagne,69.27972412109375,-162.83346557617188,g4,-122.353271484375,95.30810546875,h3,2023_France_Q_ChE,akkuzu_mcbeath_set1,AKKUZU,MCBEATH,droitier,droitier,europeenne,europeenne
AKKUZU,2839,2882,garcon,coup_droit,1,att/att,AKKUZU,lat_droit,,m2,,42.0841064453125,-157.47879028320312,g4,-76.0301513671875,145.2459716796875,h4,2023_France_Q_ChE,akkuzu_mcbeath_set1,AKKUZU,MCBEATH,droitier,droitier,europeenne,europeenne
MCBEATH,2883,2898,garcon,revers,1,att/att,MCBEATH,,poussette,m3,,65.7803955078125,-154.41766357421875,g4,-123.33880615234375,111.0516357421875,h3,2023_France_Q_ChE,akkuzu_mcbeath_set1,AKKUZU,MCBEATH,droitier,droitier,europeenne,europeenne
AKKUZU,2899,2921,garcon,coup_droit,1,att/att,AKKUZU,,offensif,m3,,61.06005859375,-172.76260375976562,g4,-101.79913330078125,89.00531005859375,h3,2023_France_Q_ChE,akkuzu_mcbeath_set1,AKKUZU,MCBEATH,droitier,droitier,europeenne,europeenne
MCBEATH,2922,2951,garcon,revers,1,att/att,serveur_point_pour,,defensif,,out,56.53204345703125,-172.091796875,g4,-90.10003662109375,68.2413330078125,h3,2023_France_Q_ChE,akkuzu_mcbeath_set1,AKKUZU,MCBEATH,droitier,droitier,europeenne,europeenne
AKKUZU,3212,3263,garcon,coup_droit,1,att/att,AKKUZU,lat_droit,,m2,,32.36865234375,-160.78439331054688,g4,-75.82635498046875,242.82025146484375,g6,2023_France_Q_ChE,akkuzu_mcbeath_set1,AKKUZU,MCBEATH,droitier,droitier,europeenne,europeenne
MCBEATH,3264,3276,garcon,coup_droit,1,att/att,MCBEATH,,offensif,d3,,69.27972412109375,-162.83346557617188,g4,-122.353271484375,95.30810546875,h3,2023_France_Q_ChE,akkuzu_mcbeath_set1,AKKUZU,MCBEATH,droitier,droitier,europeenne,europeenne
AKKUZU,3277,3303,garcon,coup_droit,1,att/att,serveur_point_pour,,defensif,,out,58.92071533203125,-178.09017944335938,g4,-101.79913330078125,89.00531005859375,h3,2023_France_Q_ChE,akkuzu_mcbeath_set1,AKKUZU,MCBEATH,droitier,droitier,europeenne,europeenne
JARVIS,143,157,garcon,coup_droit,1,att/att,JARVIS,lat_gauche,,d2,,57.4619140625,-151.61965942382812,g4,-94.95977783203125,109.4658203125,h3,2023_France_Q_ChE,gauzy_jarvis_set1,GAUZY,JARVIS,droitier,droitier,europeenne,europeenne
GAUZY,158,173,garcon,coup_droit,1,att/att,GAUZY,,offensif,g3,,57.4619140625,-151.61965942382812,g4,-94.95977783203125,109.4658203125,h3,2023_France_Q_ChE,gauzy_jarvis_set1,GAUZY,JARVIS,droitier,droitier,europeenne,europeenne
JARVIS,174,182,garcon,revers,1,att/att,JARVIS,,offensif,m3,,61.25616455078125,-162.86038208007812,g4,-107.91339111328125,112.80072021484375,h3,2023_France_Q_ChE,gauzy_jarvis_set1,GAUZY,JARVIS,droitier,droitier,europeenne,europeenne
GAUZY,183,205,garcon,coup_droit,1,att/att,serveur_point_pour,,defensif,,out,56.57489013671875,-157.32138061523438,g4,-70.2313232421875,123.62347412109375,g4,2023_France_Q_ChE,gauzy_jarvis_set1,GAUZY,JARVIS,droitier,droitier,europeenne,europeenne
JARVIS,624,678,garcon,coup_droit,1,att/att,JARVIS,lat_gauche,,g3,,3.18597412109375,-123.26437377929688,m4,-11.3623046875,265.61474609375,m6,2023_France_Q_ChE,gauzy_jarvis_set1,GAUZY,JARVIS,droitier,droitier,europeenne,europeenne
GAUZY,679,696,garcon,revers,1,att/att,serveur_point_pour,,offensif,,out,59.026123046875,-162.94717407226562,g4,-86.85260009765625,106.04779052734375,h3,2023_France_Q_ChE,gauzy_jarvis_set1,GAUZY,JARVIS,droitier,droitier,europeenne,europeenne
GAUZY,995,1035,garcon,coup_droit,1,att/att,GAUZY,lat_droit,,g2,,27.064208984375,-158.45416259765625,g4,-24.9139404296875,191.91290283203125,m5,2023_France_Q_ChE,gauzy_jarvis_set1,GAUZY,JARVIS,droitier,droitier,europeenne,europeenne
JARVIS,1036,1055,garcon,revers,1,att/att,serveur_point_pour,,poussette,,filet,57.9107666015625,-162.99057006835938,g4,-79.94866943359375,113.1632080078125,h3,2023_France_Q_ChE,gauzy_jarvis_set1,GAUZY,JARVIS,droitier,droitier,europeenne,europeenne
GAUZY,1326,1360,garcon,coup_droit,1,att/att,GAUZY,lat_droit,,d2,,40.59307861328125,-163.66458129882812,g4,-32.27783203125,206.26983642578125,g5,2023_France_Q_ChE,gauzy_jarvis_set1,GAUZY,JARVIS,droitier,droitier,europeenne,europeenne
JARVIS,1361,1388,garcon,revers,1,att/att,serveur_point_pour,,offensif,,out,52.130859375,-157.49197387695312,g4,-52.80426025390625,167.64581298828125,g4,2023_France_Q_ChE,gauzy_jarvis_set1,GAUZY,JARVIS,droitier,droitier,europeenne,europeenne
JARVIS,1928,1996,garcon,coup_droit,1,att/att,JARVIS,lat_gauche,,m1,,21.59259033203125,-170.19790649414062,m4,-34.65777587890625,250.61627197265625,g6,2023_France_Q_ChE,gauzy_jarvis_set1,GAUZY,JARVIS,droitier,droitier,europeenne,europeenne
GAUZY,1997,2016,garcon,revers,1,att/att,GAUZY,,poussette,m2,,57.9107666015625,-162.99057006835938,g4,-79.94866943359375,113.1632080078125,h3,2023_France_Q_ChE,gauzy_jarvis_set1,GAUZY,JARVIS,droitier,droitier,europeenne,europeenne
JARVIS,2017,2035,garcon,revers,1,att/att,JARVIS,,offensif,m3,,57.9107666015625,-162.99057006835938,g4,-79.94866943359375,113.1632080078125,h3,2023_France_Q_ChE,gauzy_jarvis_set1,GAUZY,JARVIS,droitier,droitier,europeenne,europeenne
GAUZY,2036,2053,garcon,coup_droit,1,att/att,serveur_point_contre,,offensif,g3,pt_gagne,59.026123046875,-162.94717407226562,g4,-86.85260009765625,106.04779052734375,h3,2023_France_Q_ChE,gauzy_jarvis_set1,GAUZY,JARVIS,droitier,droitier,europeenne,europeenne
JARVIS,2598,2639,garcon,coup_droit,1,att/att,JARVIS,lat_gauche,,m2,,27.064208984375,-158.45416259765625,g4,-24.9139404296875,191.91290283203125,m5,2023_France_Q_ChE,gauzy_jarvis_set1,GAUZY,JARVIS,droitier,droitier,europeenne,europeenne
GAUZY,2640,2654,garcon,revers,1,att/att,GAUZY,,offensif,d3,,57.4619140625,-151.61965942382812,g4,-94.95977783203125,109.4658203125,h3,2023_France_Q_ChE,gauzy_jarvis_set1,GAUZY,JARVIS,droitier,droitier,europeenne,europeenne
JARVIS,2654,2666,garcon,coup_droit,1,att/att,JARVIS,,offensif,d3,,59.90545654296875,-157.19354248046875,g4,-100.30938720703125,109.394775390625,h3,2023_France_Q_ChE,gauzy_jarvis_set1,GAUZY,JARVIS,droitier,droitier,europeenne,europeenne
GAUZY,2667,2695,garcon,coup_droit,1,att/att,serveur_point_pour,,defensif,,out,48.61285400390625,-151.95465087890625,g4,-44.85638427734375,188.8577880859375,g5,2023_France_Q_ChE,gauzy_jarvis_set1,GAUZY,JARVIS,droitier,droitier,europeenne,europeenne
GAUZY,3182,3192,garcon,coup_droit,1,att/att,GAUZY,lat_droit,,m2,,61.25616455078125,-162.86038208007812,g4,-105.191650390625,105.7982177734375,h3,2023_France_Q_ChE,gauzy_jarvis_set1,GAUZY,JARVIS,droitier,droitier,europeenne,europeenne
JARVIS,3193,3209,garcon,revers,1,att/att,JARVIS,,offensif,m3,,59.026123046875,-162.94717407226562,g4,-86.85260009765625,106.04779052734375,h3,2023_France_Q_ChE,gauzy_jarvis_set1,GAUZY,JARVIS,droitier,droitier,europeenne,europeenne
GAUZY,3210,3223,garcon,coup_droit,1,att/att,GAUZY,,offensif,g3,,59.90545654296875,-157.19354248046875,g4,-100.30938720703125,109.394775390625,h3,2023_France_Q_ChE,gauzy_jarvis_set1,GAUZY,JARVIS,droitier,droitier,europeenne,europeenne
JARVIS,3224,3243,garcon,revers,1,att/att,serveur_point_pour,,offensif,,out,57.9107666015625,-162.99057006835938,g4,-79.94866943359375,113.1632080078125,h3,2023_France_Q_ChE,gauzy_jarvis_set1,GAUZY,JARVIS,droitier,droitier,europeenne,europeenne
GAUZY,3782,3796,garcon,coup_droit,1,att/att,GAUZY,lat_droit,,d2,,57.4619140625,-151.61965942382812,g4,-94.95977783203125,109.4658203125,h3,2023_France_Q_ChE,gauzy_jarvis_set1,GAUZY,JARVIS,droitier,droitier,europeenne,europeenne
JARVIS,3797,3813,garcon,coup_droit,1,att/att,JARVIS,,poussette,g3,,59.026123046875,-162.94717407226562,g4,-86.85260009765625,106.04779052734375,h3,2023_France_Q_ChE,gauzy_jarvis_set1,GAUZY,JARVIS,droitier,droitier,europeenne,europeenne
GAUZY,3814,3827,garcon,revers,1,att/att,GAUZY,,offensif,g3,,59.90545654296875,-157.19354248046875,g4,-100.30938720703125,109.394775390625,h3,2023_France_Q_ChE,gauzy_jarvis_set1,GAUZY,JARVIS,droitier,droitier,europeenne,europeenne
JARVIS,3828,3861,garcon,revers,1,att/att,serveur_point_pour,,defensif,,out,46.0142822265625,-157.72674560546875,g4,-37.9871826171875,203.4012451171875,g5,2023_France_Q_ChE,gauzy_jarvis_set1,GAUZY,JARVIS,droitier,droitier,europeenne,europeenne
JARVIS,4280,4327,garcon,coup_droit,1,att/att,JARVIS,lat_gauche,,d2,,17.43109130859375,-139.14093017578125,m4,-16.66571044921875,211.958984375,m5,2023_France_Q_ChE,gauzy_jarvis_set1,GAUZY,JARVIS,droitier,droitier,europeenne,europeenne
GAUZY,4328,4347,garcon,coup_droit,1,att/att,GAUZY,,poussette,g3,,57.9107666015625,-162.99057006835938,g4,-79.94866943359375,113.1632080078125,h3,2023_France_Q_ChE,gauzy_jarvis_set1,GAUZY,JARVIS,droitier,droitier,europeenne,europeenne
JARVIS,4348,4390,garcon,revers,1,att/att,serveur_point_contre,,offensif,,out,24.61627197265625,-141.6495361328125,m4,-18.81298828125,206.32904052734375,m5,2023_France_Q_ChE,gauzy_jarvis_set1,GAUZY,JARVIS,droitier,droitier,europeenne,europeenne
JARVIS,4767,4834,garcon,coup_droit,1,att/att,JARVIS,lat_gauche,,g3,,21.59259033203125,-170.19790649414062,m4,-34.65777587890625,250.61627197265625,g6,2023_France_Q_ChE,gauzy_jarvis_set1,GAUZY,JARVIS,droitier,droitier,europeenne,europeenne
GAUZY,4835,4846,garcon,revers,1,att/att,GAUZY,,offensif,g2,,61.25616455078125,-162.86038208007812,g4,-105.191650390625,105.7982177734375,h3,2023_France_Q_ChE,gauzy_jarvis_set1,GAUZY,JARVIS,droitier,droitier,europeenne,europeenne
JARVIS,4847,4877,garcon,revers,1,att/att,serveur_point_contre,,offensif,,out,46.0142822265625,-157.72674560546875,g4,-37.9871826171875,203.4012451171875,g5,2023_France_Q_ChE,gauzy_jarvis_set1,GAUZY,JARVIS,droitier,droitier,europeenne,europeenne
GAUZY,5149,5164,garcon,coup_droit,1,att/att,GAUZY,lat_gauche,,g3,,57.4619140625,-151.61965942382812,g4,-94.95977783203125,109.4658203125,h3,2023_France_Q_ChE,gauzy_jarvis_set1,GAUZY,JARVIS,droitier,droitier,europeenne,europeenne
JARVIS,5165,5173,garcon,revers,1,att/att,JARVIS,,offensif,m2,,61.25616455078125,-162.86038208007812,g4,-107.91339111328125,112.80072021484375,h3,2023_France_Q_ChE,gauzy_jarvis_set1,GAUZY,JARVIS,droitier,droitier,europeenne,europeenne
GAUZY,5174,5190,garcon,coup_droit,1,att/att,GAUZY,,offensif,m3,,59.026123046875,-162.94717407226562,g4,-86.85260009765625,106.04779052734375,h3,2023_France_Q_ChE,gauzy_jarvis_set1,GAUZY,JARVIS,droitier,droitier,europeenne,europeenne
JARVIS,5191,5212,garcon,coup_droit,1,att/att,JARVIS,,defensif,g3,,57.9107666015625,-162.99057006835938,g4,-79.94866943359375,113.1632080078125,h3,2023_France_Q_ChE,gauzy_jarvis_set1,GAUZY,JARVIS,droitier,droitier,europeenne,europeenne
GAUZY,5213,5227,garcon,coup_droit,1,att/att,GAUZY,,offensif,m2,,57.4619140625,-151.61965942382812,g4,-94.95977783203125,109.4658203125,h3,2023_France_Q_ChE,gauzy_jarvis_set1,GAUZY,JARVIS,droitier,droitier,europeenne,europeenne
JARVIS,5228,5242,garcon,revers,1,att/att,JARVIS,,offensif,g3,,57.4619140625,-151.61965942382812,g4,-94.95977783203125,109.4658203125,h3,2023_France_Q_ChE,gauzy_jarvis_set1,GAUZY,JARVIS,droitier,droitier,europeenne,europeenne
GAUZY,5243,5266,garcon,coup_droit,1,att/att,GAUZY,,defensif,g2,,56.57489013671875,-157.32138061523438,g4,-70.2313232421875,123.62347412109375,g4,2023_France_Q_ChE,gauzy_jarvis_set1,GAUZY,JARVIS,droitier,droitier,europeenne,europeenne
JARVIS,5267,5286,garcon,coup_droit,1,att/att,JARVIS,,offensif,g3,,57.9107666015625,-162.99057006835938,g4,-79.94866943359375,113.1632080078125,h3,2023_France_Q_ChE,gauzy_jarvis_set1,GAUZY,JARVIS,droitier,droitier,europeenne,europeenne
GAUZY,5287,5328,garcon,revers,1,att/att,serveur_point_contre,,offensif,,out,27.064208984375,-158.45416259765625,g4,-24.9139404296875,191.91290283203125,m5,2023_France_Q_ChE,gauzy_jarvis_set1,GAUZY,JARVIS,droitier,droitier,europeenne,europeenne
GAUZY,5776,5790,garcon,coup_droit,1,att/att,GAUZY,lat_droit,,d2,,57.4619140625,-151.61965942382812,g4,-94.95977783203125,109.4658203125,h3,2023_France_Q_ChE,gauzy_jarvis_set1,GAUZY,JARVIS,droitier,droitier,europeenne,europeenne
JARVIS,5791,5805,garcon,coup_droit,1,att/att,JARVIS,,poussette,m3,,57.4619140625,-151.61965942382812,g4,-94.95977783203125,109.4658203125,h3,2023_France_Q_ChE,gauzy_jarvis_set1,GAUZY,JARVIS,droitier,droitier,europeenne,europeenne
GAUZY,5806,5829,garcon,coup_droit,1,att/att,GAUZY,,offensif,g3,,56.57489013671875,-157.32138061523438,g4,-70.2313232421875,123.62347412109375,g4,2023_France_Q_ChE,gauzy_jarvis_set1,GAUZY,JARVIS,droitier,droitier,europeenne,europeenne
JARVIS,5830,5864,garcon,revers,1,att/att,serveur_point_pour,,defensif,,filet,40.59307861328125,-163.66458129882812,g4,-32.27783203125,206.26983642578125,g5,2023_France_Q_ChE,gauzy_jarvis_set1,GAUZY,JARVIS,droitier,droitier,europeenne,europeenne
JARVIS,6400,6462,garcon,coup_droit,1,att/att,JARVIS,lat_gauche,,m1,,10.8553466796875,-164.82196044921875,m4,-20.47711181640625,268.0723876953125,m6,2023_France_Q_ChE,gauzy_jarvis_set1,GAUZY,JARVIS,droitier,droitier,europeenne,europeenne
GAUZY,6463,6482,garcon,revers,1,att/att,GAUZY,,poussette,m1,,57.9107666015625,-162.99057006835938,g4,-79.94866943359375,113.1632080078125,h3,2023_France_Q_ChE,gauzy_jarvis_set1,GAUZY,JARVIS,droitier,droitier,europeenne,europeenne
JARVIS,6483,6503,garcon,revers,1,att/att,JARVIS,,poussette,m2,,57.9107666015625,-162.99057006835938,g4,-79.94866943359375,113.1632080078125,h3,2023_France_Q_ChE,gauzy_jarvis_set1,GAUZY,JARVIS,droitier,droitier,europeenne,europeenne
GAUZY,6504,6520,garcon,coup_droit,1,att/att,serveur_point_contre,,offensif,d3,pt_gagne,59.026123046875,-162.94717407226562,g4,-86.85260009765625,106.04779052734375,h3,2023_France_Q_ChE,gauzy_jarvis_set1,GAUZY,JARVIS,droitier,droitier,europeenne,europeenne
JARVIS,6967,7033,garcon,coup_droit,1,att/att,JARVIS,lat_gauche,,m2,,21.59259033203125,-170.19790649414062,m4,-34.65777587890625,250.61627197265625,g6,2023_France_Q_ChE,gauzy_jarvis_set1,GAUZY,JARVIS,droitier,droitier,europeenne,europeenne
GAUZY,7034,7050,garcon,revers,1,att/att,GAUZY,,offensif,g2,,59.026123046875,-162.94717407226562,g4,-86.85260009765625,106.04779052734375,h3,2023_France_Q_ChE,gauzy_jarvis_set1,GAUZY,JARVIS,droitier,droitier,europeenne,europeenne
JARVIS,7051,7089,garcon,revers,1,att/att,serveur_point_contre,,offensif,,out,31.63299560546875,-164.0133056640625,g4,-25.4873046875,197.72271728515625,g5,2023_France_Q_ChE,gauzy_jarvis_set1,GAUZY,JARVIS,droitier,droitier,europeenne,europeenne
GAUZY,7607,7621,garcon,coup_droit,1,att/att,GAUZY,lat_droit,,g2,,57.4619140625,-151.61965942382812,g4,-94.95977783203125,109.4658203125,h3,2023_France_Q_ChE,gauzy_jarvis_set1,GAUZY,JARVIS,droitier,droitier,europeenne,europeenne
JARVIS,7622,7643,garcon,revers,1,att/att,JARVIS,,offensif,g2,,57.9107666015625,-162.99057006835938,g4,-79.94866943359375,113.1632080078125,h3,2023_France_Q_ChE,gauzy_jarvis_set1,GAUZY,JARVIS,droitier,droitier,europeenne,europeenne
GAUZY,7644,7678,garcon,coup_droit,1,att/att,serveur_point_contre,,offensif,,out,40.59307861328125,-163.66458129882812,g4,-32.27783203125,206.26983642578125,g5,2023_France_Q_ChE,gauzy_jarvis_set1,GAUZY,JARVIS,droitier,droitier,europeenne,europeenne
GAUZY,8026,8070,garcon,coup_droit,1,att/att,GAUZY,lat_gauche,,m2,,23.547119140625,-144.47320556640625,m4,-18.81298828125,206.32904052734375,m5,2023_France_Q_ChE,gauzy_jarvis_set1,GAUZY,JARVIS,droitier,droitier,europeenne,europeenne
JARVIS,8071,8086,garcon,coup_droit,1,att/att,JARVIS,,poussette,m2,,57.4619140625,-151.61965942382812,g4,-94.95977783203125,109.4658203125,h3,2023_France_Q_ChE,gauzy_jarvis_set1,GAUZY,JARVIS,droitier,droitier,europeenne,europeenne
GAUZY,8087,8105,garcon,revers,1,att/att,GAUZY,,poussette,m2,,57.9107666015625,-162.99057006835938,g4,-79.94866943359375,113.1632080078125,h3,2023_France_Q_ChE,gauzy_jarvis_set1,GAUZY,JARVIS,droitier,droitier,europeenne,europeenne
JARVIS,8106,8119,garcon,coup_droit,1,att/att,JARVIS,,offensif,g3,,59.90545654296875,-157.19354248046875,g4,-100.30938720703125,109.394775390625,h3,2023_France_Q_ChE,gauzy_jarvis_set1,GAUZY,JARVIS,droitier,droitier,europeenne,europeenne
GAUZY,8120,8137,garcon,revers,1,att/att,GAUZY,,defensif,g2,,59.026123046875,-162.94717407226562,g4,-86.85260009765625,106.04779052734375,h3,2023_France_Q_ChE,gauzy_jarvis_set1,GAUZY,JARVIS,droitier,droitier,europeenne,europeenne
JARVIS,8138,8148,garcon,revers,1,att/att,JARVIS,,offensif,g3,,61.25616455078125,-162.86038208007812,g4,-105.191650390625,105.7982177734375,h3,2023_France_Q_ChE,gauzy_jarvis_set1,GAUZY,JARVIS,droitier,droitier,europeenne,europeenne
GAUZY,8149,8171,garcon,revers,1,att/att,GAUZY,,defensif,g3,,56.57489013671875,-157.32138061523438,g4,-70.2313232421875,123.62347412109375,g4,2023_France_Q_ChE,gauzy_jarvis_set1,GAUZY,JARVIS,droitier,droitier,europeenne,europeenne
JARVIS,8172,8184,garcon,coup_droit,1,att/att,JARVIS,,offensif,m2,,59.90545654296875,-157.19354248046875,g4,-100.30938720703125,109.394775390625,h3,2023_France_Q_ChE,gauzy_jarvis_set1,GAUZY,JARVIS,droitier,droitier,europeenne,europeenne
GAUZY,8185,8222,garcon,revers,1,att/att,serveur_point_contre,,offensif,,filet,33.9898681640625,-169.70870971679688,g4,-30.6920166015625,206.27685546875,g5,2023_France_Q_ChE,gauzy_jarvis_set1,GAUZY,JARVIS,droitier,droitier,europeenne,europeenne
JARVIS,8657,8698,garcon,coup_droit,1,att/att,JARVIS,lat_gauche,,d2,,27.064208984375,-158.45416259765625,g4,-24.9139404296875,191.91290283203125,m5,2023_France_Q_ChE,gauzy_jarvis_set1,GAUZY,JARVIS,droitier,droitier,europeenne,europeenne
GAUZY,8699,8724,garcon,coup_droit,1,att/att,GAUZY,,offensif,m3,,55.25103759765625,-151.70333862304688,g4,-62.3857421875,140.44476318359375,g4,2023_France_Q_ChE,gauzy_jarvis_set1,GAUZY,JARVIS,droitier,droitier,europeenne,europeenne
JARVIS,8725,8737,garcon,coup_droit,1,att/att,JARVIS,,offensif,g3,,59.90545654296875,-157.19354248046875,g4,-100.30938720703125,109.394775390625,h3,2023_France_Q_ChE,gauzy_jarvis_set1,GAUZY,JARVIS,droitier,droitier,europeenne,europeenne
GAUZY,8738,8752,garcon,revers,1,att/att,GAUZY,,offensif,m3,,57.4619140625,-151.61965942382812,g4,-94.95977783203125,109.4658203125,h3,2023_France_Q_ChE,gauzy_jarvis_set1,GAUZY,JARVIS,droitier,droitier,europeenne,europeenne
JARVIS,8753,8783,garcon,coup_droit,1,att/att,serveur_point_contre,,offensif,,out,46.0142822265625,-157.72674560546875,g4,-37.9871826171875,203.4012451171875,g5,2023_France_Q_ChE,gauzy_jarvis_set1,GAUZY,JARVIS,droitier,droitier,europeenne,europeenne
LEBRUN_FELIX,316,324,garcon,coup_droit,1,att/att,LEBRUN_FELIX,lat_droit,,g3,,105.87164306640625,-149.78704833984375,h4,-102.85211181640625,140.0213623046875,h4,2023_France_Q_ChE,lebrun_felix_drinkhall_set1,LEBRUN_FELIX,DRINKHALL_PAUL,droitier,droitier,chinoise,europeenne
DRINKHALL_PAUL,325,336,garcon,coup_droit,1,att/att,DRINKHALL_PAUL,,offensif,m2,,105.87164306640625,-149.78704833984375,h4,-102.85211181640625,140.0213623046875,h4,2023_France_Q_ChE,lebrun_felix_drinkhall_set1,LEBRUN_FELIX,DRINKHALL_PAUL,droitier,droitier,chinoise,europeenne
LEBRUN_FELIX,337,353,garcon,revers,1,att/att,serveur_point_contre,,offensif,,filet,122.18487548828125,-113.78778076171875,h3,-94.46893310546875,153.111328125,h4,2023_France_Q_ChE,lebrun_felix_drinkhall_set1,LEBRUN_FELIX,DRINKHALL_PAUL,droitier,droitier,chinoise,europeenne
LEBRUN_FELIX,570,583,garcon,coup_droit,1,att/att,LEBRUN_FELIX,lat_droit,,d1,,111.3450927734375,-149.57986450195312,h4,-101.98797607421875,140.0303955078125,h4,2023_France_Q_ChE,lebrun_felix_drinkhall_set1,LEBRUN_FELIX,DRINKHALL_PAUL,droitier,droitier,chinoise,europeenne
DRINKHALL_PAUL,586,597,garcon,coup_droit,1,att/att,serveur_point_pour,,offensif,,filet,105.87164306640625,-149.78704833984375,h4,-102.85211181640625,140.0213623046875,h4,2023_France_Q_ChE,lebrun_felix_drinkhall_set1,LEBRUN_FELIX,DRINKHALL_PAUL,droitier,droitier,chinoise,europeenne
DRINKHALL_PAUL,930,939,garcon,coup_droit,1,att/att,DRINKHALL_PAUL,lat_droit,,g3,,105.87164306640625,-149.78704833984375,h4,-102.85211181640625,140.0213623046875,h4,2023_France_Q_ChE,lebrun_felix_drinkhall_set1,LEBRUN_FELIX,DRINKHALL_PAUL,droitier,droitier,chinoise,europeenne
LEBRUN_FELIX,940,949,garcon,revers,1,att/att,LEBRUN_FELIX,,offensif,g3,,105.87164306640625,-149.78704833984375,h4,-102.85211181640625,140.0213623046875,h4,2023_France_Q_ChE,lebrun_felix_drinkhall_set1,LEBRUN_FELIX,DRINKHALL_PAUL,droitier,droitier,chinoise,europeenne
DRINKHALL_PAUL,950,961,garcon,revers,1,att/att,DRINKHALL_PAUL,,defensif,m2,,105.87164306640625,-149.78704833984375,h4,-102.85211181640625,140.0213623046875,h4,2023_France_Q_ChE,lebrun_felix_drinkhall_set1,LEBRUN_FELIX,DRINKHALL_PAUL,droitier,droitier,chinoise,europeenne
LEBRUN_FELIX,962,985,garcon,revers,1,att/att,serveur_point_pour,,offensif,,out,125.9752197265625,-72.8668212890625,h3,-84.358642578125,176.61456298828125,h4,2023_France_Q_ChE,lebrun_felix_drinkhall_set1,LEBRUN_FELIX,DRINKHALL_PAUL,droitier,droitier,chinoise,europeenne
DRINKHALL_PAUL,1296,1307,garcon,coup_droit,1,att/att,DRINKHALL_PAUL,lat_droit,,m2,,105.87164306640625,-149.78704833984375,h4,-102.85211181640625,140.0213623046875,h4,2023_France_Q_ChE,lebrun_felix_drinkhall_set1,LEBRUN_FELIX,DRINKHALL_PAUL,droitier,droitier,chinoise,europeenne
LEBRUN_FELIX,1308,1349,garcon,coup_droit,1,att/att,serveur_point_pour,,offensif,,out,128.011474609375,-113.58657836914062,i3,-73.76263427734375,270.5880126953125,g6,2023_France_Q_ChE,lebrun_felix_drinkhall_set1,LEBRUN_FELIX,DRINKHALL_PAUL,droitier,droitier,chinoise,europeenne
LEBRUN_FELIX,1601,1625,garcon,coup_droit,1,att/att,LEBRUN_FELIX,lat_droit,,m1,,126.4940185546875,-67.95077514648438,h3,-84.358642578125,176.61456298828125,h4,2023_France_Q_ChE,lebrun_felix_drinkhall_set1,LEBRUN_FELIX,DRINKHALL_PAUL,droitier,droitier,chinoise,europeenne
DRINKHALL_PAUL,1626,1639,garcon,coup_droit,1,att/att,DRINKHALL_PAUL,,poussette,m2,,111.3450927734375,-149.57986450195312,h4,-101.98797607421875,140.0303955078125,h4,2023_France_Q_ChE,lebrun_felix_drinkhall_set1,LEBRUN_FELIX,DRINKHALL_PAUL,droitier,droitier,chinoise,europeenne
LEBRUN_FELIX,1640,1653,garcon,revers,1,att/att,LEBRUN_FELIX,,offensif,m2,,111.3450927734375,-149.57986450195312,h4,-101.98797607421875,140.0303955078125,h4,2023_France_Q_ChE,lebrun_felix_drinkhall_set1,LEBRUN_FELIX,DRINKHALL_PAUL,droitier,droitier,chinoise,europeenne
DRINKHALL_PAUL,1654,1666,garcon,revers,1,att/att,DRINKHALL_PAUL,,defensif,g2,,111.3450927734375,-149.57986450195312,h4,-101.98797607421875,140.0303955078125,h4,2023_France_Q_ChE,lebrun_felix_drinkhall_set1,LEBRUN_FELIX,DRINKHALL_PAUL,droitier,droitier,chinoise,europeenne
LEBRUN_FELIX,1667,1704,garcon,revers,1,att/att,serveur_point_pour,,offensif,,out,130.60479736328125,-87.67794799804688,i3,-73.58392333984375,242.85333251953125,g6,2023_France_Q_ChE,lebrun_felix_drinkhall_set1,LEBRUN_FELIX,DRINKHALL_PAUL,droitier,droitier,chinoise,europeenne
LEBRUN_FELIX,2008,2022,garcon,coup_droit,1,att/att,LEBRUN_FELIX,lat_gauche,,d2,,116.18890380859375,-130.0732421875,h3,-99.87225341796875,143.33892822265625,h4,2023_France_Q_ChE,lebrun_felix_drinkhall_set1,LEBRUN_FELIX,DRINKHALL_PAUL,droitier,droitier,chinoise,europeenne
DRINKHALL_PAUL,2023,2047,garcon,coup_droit,1,att/att,DRINKHALL_PAUL,,offensif,m3,,126.4940185546875,-67.95077514648438,h3,-84.358642578125,176.61456298828125,h4,2023_France_Q_ChE,lebrun_felix_drinkhall_set1,LEBRUN_FELIX,DRINKHALL_PAUL,droitier,droitier,chinoise,europeenne
LEBRUN_FELIX,2048,2059,garcon,revers,1,att/att,LEBRUN_FELIX,,offensif,d3,,105.87164306640625,-149.78704833984375,h4,-102.85211181640625,140.0213623046875,h4,2023_France_Q_ChE,lebrun_felix_drinkhall_set1,LEBRUN_FELIX,DRINKHALL_PAUL,droitier,droitier,chinoise,europeenne
DRINKHALL_PAUL,2060,2096,garcon,coup_droit,1,att/att,serveur_point_pour,,defensif,,out,130.60479736328125,-87.67794799804688,i3,-73.58392333984375,242.85333251953125,g6,2023_France_Q_ChE,lebrun_felix_drinkhall_set1,LEBRUN_FELIX,DRINKHALL_PAUL,droitier,droitier,chinoise,europeenne
DRINKHALL_PAUL,2999,3006,garcon,coup_droit,1,att/att,DRINKHALL_PAUL,lat_droit,,g3,,99.768798828125,-141.6475830078125,h4,-103.80706787109375,149.805419921875,h4,2023_France_Q_ChE,lebrun_felix_drinkhall_set1,LEBRUN_FELIX,DRINKHALL_PAUL,droitier,droitier,chinoise,europeenne
LEBRUN_FELIX,3007,3019,garcon,revers,1,att/att,LEBRUN_FELIX,,offensif,g3,,111.3450927734375,-149.57986450195312,h4,-101.98797607421875,140.0303955078125,h4,2023_France_Q_ChE,lebrun_felix_drinkhall_set1,LEBRUN_FELIX,DRINKHALL_PAUL,droitier,droitier,chinoise,europeenne
DRINKHALL_PAUL,3020,3042,garcon,coup_droit,1,att/att,DRINKHALL_PAUL,,defensif,g1,,125.9752197265625,-72.8668212890625,h3,-84.358642578125,176.61456298828125,h4,2023_France_Q_ChE,lebrun_felix_drinkhall_set1,LEBRUN_FELIX,DRINKHALL_PAUL,droitier,droitier,chinoise,europeenne
LEBRUN_FELIX,3043,3072,garcon,revers,1,att/att,LEBRUN_FELIX,,defensif,m2,,131.5810546875,-67.79696655273438,i3,-83.0986328125,188.6282958984375,h5,2023_France_Q_ChE,lebrun_felix_drinkhall_set1,LEBRUN_FELIX,DRINKHALL_PAUL,droitier,droitier,chinoise,europeenne
DRINKHALL_PAUL,3073,3086,garcon,coup_droit,1,att/att,serveur_point_pour,,offensif,d3,pt_gagne,111.3450927734375,-149.57986450195312,h4,-101.98797607421875,140.0303955078125,h4,2023_France_Q_ChE,lebrun_felix_drinkhall_set1,LEBRUN_FELIX,DRINKHALL_PAUL,droitier,droitier,chinoise,europeenne
DRINKHALL_PAUL,3469,3481,garcon,coup_droit,1,att/att,DRINKHALL_PAUL,lat_droit,,g3,,111.3450927734375,-149.57986450195312,h4,-101.98797607421875,140.0303955078125,h4,2023_France_Q_ChE,lebrun_felix_drinkhall_set1,LEBRUN_FELIX,DRINKHALL_PAUL,droitier,droitier,chinoise,europeenne
LEBRUN_FELIX,3482,3491,garcon,revers,1,att/att,LEBRUN_FELIX,,offensif,m2,,105.87164306640625,-149.78704833984375,h4,-102.85211181640625,140.0213623046875,h4,2023_France_Q_ChE,lebrun_felix_drinkhall_set1,LEBRUN_FELIX,DRINKHALL_PAUL,droitier,droitier,chinoise,europeenne
DRINKHALL_PAUL,3492,3517,garcon,coup_droit,1,att/att,serveur_point_contre,,offensif,,out,126.4940185546875,-67.95077514648438,h3,-84.358642578125,176.61456298828125,h4,2023_France_Q_ChE,lebrun_felix_drinkhall_set1,LEBRUN_FELIX,DRINKHALL_PAUL,droitier,droitier,chinoise,europeenne
LEBRUN_FELIX,3905,3971,garcon,coup_droit,1,att/att,serveur_point_contre,lat_droit,,,filet,122.66455078125,-124.43502807617188,h3,-94.13165283203125,253.1558837890625,h6,2023_France_Q_ChE,lebrun_felix_drinkhall_set1,LEBRUN_FELIX,DRINKHALL_PAUL,droitier,droitier,chinoise,europeenne
LEBRUN_FELIX,4231,4241,garcon,coup_droit,1,att/att,LEBRUN_FELIX,lat_droit,,g2,,105.87164306640625,-149.78704833984375,h4,-102.85211181640625,140.0213623046875,h4,2023_France_Q_ChE,lebrun_felix_drinkhall_set1,LEBRUN_FELIX,DRINKHALL_PAUL,droitier,droitier,chinoise,europeenne
DRINKHALL_PAUL,4242,4259,garcon,revers,1,att/att,DRINKHALL_PAUL,,offensif,g2,,122.18487548828125,-113.78778076171875,h3,-94.46893310546875,153.111328125,h4,2023_France_Q_ChE,lebrun_felix_drinkhall_set1,LEBRUN_FELIX,DRINKHALL_PAUL,droitier,droitier,chinoise,europeenne
LEBRUN_FELIX,4260,4270,garcon,revers,1,att/att,LEBRUN_FELIX,,offensif,m3,,105.87164306640625,-149.78704833984375,h4,-102.85211181640625,140.0213623046875,h4,2023_France_Q_ChE,lebrun_felix_drinkhall_set1,LEBRUN_FELIX,DRINKHALL_PAUL,droitier,droitier,chinoise,europeenne
DRINKHALL_PAUL,4271,4282,garcon,revers,1,att/att,DRINKHALL_PAUL,,offensif,d3,,105.87164306640625,-149.78704833984375,h4,-102.85211181640625,140.0213623046875,h4,2023_France_Q_ChE,lebrun_felix_drinkhall_set1,LEBRUN_FELIX,DRINKHALL_PAUL,droitier,droitier,chinoise,europeenne
LEBRUN_FELIX,4283,4297,garcon,coup_droit,1,att/att,LEBRUN_FELIX,,offensif,g3,,116.18890380859375,-130.0732421875,h3,-99.87225341796875,143.33892822265625,h4,2023_France_Q_ChE,lebrun_felix_drinkhall_set1,LEBRUN_FELIX,DRINKHALL_PAUL,droitier,droitier,chinoise,europeenne
DRINKHALL_PAUL,4298,4321,garcon,revers,1,att/att,DRINKHALL_PAUL,,defensif,m2,,125.9752197265625,-72.8668212890625,h3,-84.358642578125,176.61456298828125,h4,2023_France_Q_ChE,lebrun_felix_drinkhall_set1,LEBRUN_FELIX,DRINKHALL_PAUL,droitier,droitier,chinoise,europeenne
LEBRUN_FELIX,4322,4338,garcon,revers,1,att/att,LEBRUN_FELIX,,offensif,g3,,122.18487548828125,-113.78778076171875,h3,-94.46893310546875,153.111328125,h4,2023_France_Q_ChE,lebrun_felix_drinkhall_set1,LEBRUN_FELIX,DRINKHALL_PAUL,droitier,droitier,chinoise,europeenne
DRINKHALL_PAUL,4339,4360,garcon,revers,1,att/att,DRINKHALL_PAUL,,defensif,m1,,125.9752197265625,-72.8668212890625,h3,-84.358642578125,176.61456298828125,h4,2023_France_Q_ChE,lebrun_felix_drinkhall_set1,LEBRUN_FELIX,DRINKHALL_PAUL,droitier,droitier,chinoise,europeenne
LEBRUN_FELIX,4361,4382,garcon,coup_droit,1,att/att,serveur_point_contre,,offensif,,filet,125.9752197265625,-72.8668212890625,h3,-84.358642578125,176.61456298828125,h4,2023_France_Q_ChE,lebrun_felix_drinkhall_set1,LEBRUN_FELIX,DRINKHALL_PAUL,droitier,droitier,chinoise,europeenne
DRINKHALL_PAUL,4898,4922,garcon,coup_droit,1,att/att,serveur_point_contre,lat_droit,,,filet,126.4940185546875,-67.95077514648438,h3,-84.358642578125,176.61456298828125,h4,2023_France_Q_ChE,lebrun_felix_drinkhall_set1,LEBRUN_FELIX,DRINKHALL_PAUL,droitier,droitier,chinoise,europeenne
DRINKHALL_PAUL,5293,5326,garcon,coup_droit,1,att/att,DRINKHALL_PAUL,lat_droit,,m2,,130.06329345703125,-72.74130249023438,i3,-75.6900634765625,229.6002197265625,g6,2023_France_Q_ChE,lebrun_felix_drinkhall_set1,LEBRUN_FELIX,DRINKHALL_PAUL,droitier,droitier,chinoise,europeenne
LEBRUN_FELIX,5327,5339,garcon,coup_droit,1,att/att,LEBRUN_FELIX,,poussette,g3,,111.3450927734375,-149.57986450195312,h4,-101.98797607421875,140.0303955078125,h4,2023_France_Q_ChE,lebrun_felix_drinkhall_set1,LEBRUN_FELIX,DRINKHALL_PAUL,droitier,droitier,chinoise,europeenne
DRINKHALL_PAUL,5340,5357,garcon,coup_droit,1,att/att,DRINKHALL_PAUL,,offensif,g2,,122.18487548828125,-113.78778076171875,h3,-94.46893310546875,153.111328125,h4,2023_France_Q_ChE,lebrun_felix_drinkhall_set1,LEBRUN_FELIX,DRINKHALL_PAUL,droitier,droitier,chinoise,europeenne
LEBRUN_FELIX,5358,5379,garcon,revers,1,att/att,serveur_point_pour,,offensif,,out,125.9752197265625,-72.8668212890625,h3,-84.358642578125,176.61456298828125,h4,2023_France_Q_ChE,lebrun_felix_drinkhall_set1,LEBRUN_FELIX,DRINKHALL_PAUL,droitier,droitier,chinoise,europeenne
LEBRUN_FELIX,6048,6074,garcon,coup_droit,1,att/att,LEBRUN_FELIX,lat_gauche,,d2,,129.54681396484375,-67.85848999023438,i3,-83.41046142578125,185.6552734375,h5,2023_France_Q_ChE,lebrun_felix_drinkhall_set1,LEBRUN_FELIX,DRINKHALL_PAUL,droitier,droitier,chinoise,europeenne
DRINKHALL_PAUL,6075,6089,garcon,coup_droit,1,att/att,DRINKHALL_PAUL,,offensif,m3,,116.18890380859375,-130.0732421875,h3,-99.87225341796875,143.33892822265625,h4,2023_France_Q_ChE,lebrun_felix_drinkhall_set1,LEBRUN_FELIX,DRINKHALL_PAUL,droitier,droitier,chinoise,europeenne
LEBRUN_FELIX,6090,6100,garcon,coup_droit,1,att/att,LEBRUN_FELIX,,offensif,g3,,105.87164306640625,-149.78704833984375,h4,-102.85211181640625,140.0213623046875,h4,2023_France_Q_ChE,lebrun_felix_drinkhall_set1,LEBRUN_FELIX,DRINKHALL_PAUL,droitier,droitier,chinoise,europeenne
DRINKHALL_PAUL,6101,6110,garcon,revers,1,att/att,DRINKHALL_PAUL,,offensif,g3,,105.87164306640625,-149.78704833984375,h4,-102.85211181640625,140.0213623046875,h4,2023_France_Q_ChE,lebrun_felix_drinkhall_set1,LEBRUN_FELIX,DRINKHALL_PAUL,droitier,droitier,chinoise,europeenne
LEBRUN_FELIX,6111,6417,garcon,revers,1,att/att,serveur_point_pour,,defensif,,pt_gagne,-117.6868896484375,255.70111083984375,h6,94.8575439453125,-260.6047668457031,h6,2023_France_Q_ChE,lebrun_felix_drinkhall_set1,LEBRUN_FELIX,DRINKHALL_PAUL,droitier,droitier,chinoise,europeenne
LEBRUN_FELIX,6573,6618,garcon,coup_droit,1,att/att,LEBRUN_FELIX,lat_droit,,g3,,125.01904296875,-143.48223876953125,h4,-75.7232666015625,273.02154541015625,g6,2023_France_Q_ChE,lebrun_felix_drinkhall_set1,LEBRUN_FELIX,DRINKHALL_PAUL,droitier,droitier,chinoise,europeenne
DRINKHALL_PAUL,6619,6629,garcon,coup_droit,1,att/att,DRINKHALL_PAUL,,offensif,g3,,105.87164306640625,-149.78704833984375,h4,-102.85211181640625,140.0213623046875,h4,2023_France_Q_ChE,lebrun_felix_drinkhall_set1,LEBRUN_FELIX,DRINKHALL_PAUL,droitier,droitier,chinoise,europeenne
LEBRUN_FELIX,6630,6640,garcon,revers,1,att/att,LEBRUN_FELIX,,offensif,g3,,105.87164306640625,-149.78704833984375,h4,-102.85211181640625,140.0213623046875,h4,2023_France_Q_ChE,lebrun_felix_drinkhall_set1,LEBRUN_FELIX,DRINKHALL_PAUL,droitier,droitier,chinoise,europeenne
DRINKHALL_PAUL,6641,6652,garcon,coup_droit,1,att/att,DRINKHALL_PAUL,,offensif,d3,,105.87164306640625,-149.78704833984375,h4,-102.85211181640625,140.0213623046875,h4,2023_France_Q_ChE,lebrun_felix_drinkhall_set1,LEBRUN_FELIX,DRINKHALL_PAUL,droitier,droitier,chinoise,europeenne
LEBRUN_FELIX,6653,6666,garcon,coup_droit,1,att/att,LEBRUN_FELIX,,offensif,d3,,111.3450927734375,-149.57986450195312,h4,-101.98797607421875,140.0303955078125,h4,2023_France_Q_ChE,lebrun_felix_drinkhall_set1,LEBRUN_FELIX,DRINKHALL_PAUL,droitier,droitier,chinoise,europeenne
DRINKHALL_PAUL,6667,6677,garcon,coup_droit,1,att/att,DRINKHALL_PAUL,,offensif,d3,,105.87164306640625,-149.78704833984375,h4,-102.85211181640625,140.0213623046875,h4,2023_France_Q_ChE,lebrun_felix_drinkhall_set1,LEBRUN_FELIX,DRINKHALL_PAUL,droitier,droitier,chinoise,europeenne
LEBRUN_FELIX,6678,6709,garcon,coup_droit,1,att/att,serveur_point_contre,,offensif,,filet,133.1273193359375,-72.64724731445312,i3,-80.17584228515625,208.89532470703125,h5,2023_France_Q_ChE,lebrun_felix_drinkhall_set1,LEBRUN_FELIX,DRINKHALL_PAUL,droitier,droitier,chinoise,europeenne
DRINKHALL_PAUL,7219,7235,garcon,coup_droit,1,att/att,DRINKHALL_PAUL,lat_droit,,d1,,122.18487548828125,-113.78778076171875,h3,-94.46893310546875,153.111328125,h4,2023_France_Q_ChE,lebrun_felix_drinkhall_set1,LEBRUN_FELIX,DRINKHALL_PAUL,droitier,droitier,chinoise,europeenne
LEBRUN_FELIX,7236,7248,garcon,coup_droit,1,att/att,LEBRUN_FELIX,,poussette,m1,,111.3450927734375,-149.57986450195312,h4,-101.98797607421875,140.0303955078125,h4,2023_France_Q_ChE,lebrun_felix_drinkhall_set1,LEBRUN_FELIX,DRINKHALL_PAUL,droitier,droitier,chinoise,europeenne
DRINKHALL_PAUL,7249,7265,garcon,coup_droit,1,att/att,DRINKHALL_PAUL,,poussette,m3,,122.18487548828125,-113.78778076171875,h3,-94.46893310546875,153.111328125,h4,2023_France_Q_ChE,lebrun_felix_drinkhall_set1,LEBRUN_FELIX,DRINKHALL_PAUL,droitier,droitier,chinoise,europeenne
LEBRUN_FELIX,7266,7275,garcon,revers,1,att/att,LEBRUN_FELIX,,offensif,g3,,105.87164306640625,-149.78704833984375,h4,-102.85211181640625,140.0213623046875,h4,2023_France_Q_ChE,lebrun_felix_drinkhall_set1,LEBRUN_FELIX,DRINKHALL_PAUL,droitier,droitier,chinoise,europeenne
DRINKHALL_PAUL,7276,7284,garcon,revers,1,att/att,DRINKHALL_PAUL,,offensif,g3,,105.87164306640625,-149.78704833984375,h4,-102.85211181640625,140.0213623046875,h4,2023_France_Q_ChE,lebrun_felix_drinkhall_set1,LEBRUN_FELIX,DRINKHALL_PAUL,droitier,droitier,chinoise,europeenne
LEBRUN_FELIX,7285,7310,garcon,revers,1,att/att,serveur_point_pour,,offensif,,out,126.4940185546875,-67.95077514648438,h3,-84.358642578125,176.61456298828125,h4,2023_France_Q_ChE,lebrun_felix_drinkhall_set1,LEBRUN_FELIX,DRINKHALL_PAUL,droitier,droitier,chinoise,europeenne
DRINKHALL_PAUL,7834,7846,garcon,coup_droit,1,att/att,DRINKHALL_PAUL,lat_droit,,m1,,111.3450927734375,-149.57986450195312,h4,-101.98797607421875,140.0303955078125,h4,2023_France_Q_ChE,lebrun_felix_drinkhall_set1,LEBRUN_FELIX,DRINKHALL_PAUL,droitier,droitier,chinoise,europeenne
LEBRUN_FELIX,7847,7860,garcon,coup_droit,1,att/att,LEBRUN_FELIX,,poussette,d3,,111.3450927734375,-149.57986450195312,h4,-101.98797607421875,140.0303955078125,h4,2023_France_Q_ChE,lebrun_felix_drinkhall_set1,LEBRUN_FELIX,DRINKHALL_PAUL,droitier,droitier,chinoise,europeenne
DRINKHALL_PAUL,7861,7886,garcon,coup_droit,1,att/att,serveur_point_contre,,offensif,,filet,126.4940185546875,-67.95077514648438,h3,-84.358642578125,176.61456298828125,h4,2023_France_Q_ChE,lebrun_felix_drinkhall_set1,LEBRUN_FELIX,DRINKHALL_PAUL,droitier,droitier,chinoise,europeenne
LEBRUN_FELIX,8404,8413,garcon,coup_droit,1,att/att,LEBRUN_FELIX,lat_droit,,g2,,105.87164306640625,-149.78704833984375,h4,-102.85211181640625,140.0213623046875,h4,2023_France_Q_ChE,lebrun_felix_drinkhall_set1,LEBRUN_FELIX,DRINKHALL_PAUL,droitier,droitier,chinoise,europeenne
DRINKHALL_PAUL,8414,8429,garcon,revers,1,att/att,DRINKHALL_PAUL,,offensif,m2,,0,0,0,0,0,0,2023_France_Q_ChE,lebrun_felix_drinkhall_set1,LEBRUN_FELIX,DRINKHALL_PAUL,droitier,droitier,chinoise,europeenne
LEBRUN_FELIX,8430,8440,garcon,revers,1,att/att,LEBRUN_FELIX,,offensif,g3,,0,0,0,0,0,0,2023_France_Q_ChE,lebrun_felix_drinkhall_set1,LEBRUN_FELIX,DRINKHALL_PAUL,droitier,droitier,chinoise,europeenne
DRINKHALL_PAUL,8441,8450,garcon,revers,1,att/att,DRINKHALL_PAUL,,offensif,m2,,0,0,0,0,0,0,2023_France_Q_ChE,lebrun_felix_drinkhall_set1,LEBRUN_FELIX,DRINKHALL_PAUL,droitier,droitier,chinoise,europeenne
LEBRUN_FELIX,8451,8477,garcon,revers,1,att/att,serveur_point_contre,,offensif,,out,0,0,0,0,0,0,2023_France_Q_ChE,lebrun_felix_drinkhall_set1,LEBRUN_FELIX,DRINKHALL_PAUL,droitier,droitier,chinoise,europeenne
FLORE_TRISTAN,0,5,garcon,coup_droit,1,att/att,FLORE_TRISTAN,lat_droit,,m1,,-96.109619140625,163.40032958984375,h4,9.82037353515625,-142.60189819335938,m4,2023_match_fonctionnel_tests,2023_match_fonctionnel_tests_flore_boll,FLORE_TRISTAN,BOLL_TIMO,gaucher,droitier,europeenne,europeenne
BOLL_TIMO,9,38,garcon,revers,1,att/att,BOLL_TIMO,,offensif,m3,,-49.513427734375,222.86444091796875,g5,35.54290771484375,-147.10504150390625,g4,2023_match_fonctionnel_tests,2023_match_fonctionnel_tests_flore_boll,FLORE_TRISTAN,BOLL_TIMO,gaucher,droitier,europeenne,europeenne
FLORE_TRISTAN,39,58,garcon,revers,1,att/att,FLORE_TRISTAN,,offensif,m3,,-94.94195556640625,168.79730224609375,h4,46.59356689453125,-127.52572631835938,g4,2023_match_fonctionnel_tests,2023_match_fonctionnel_tests_flore_boll,FLORE_TRISTAN,BOLL_TIMO,gaucher,droitier,europeenne,europeenne
BOLL_TIMO,59,81,garcon,revers,1,att/att,BOLL_TIMO,,defensif,m3,,-75.30859375,192.1641845703125,g5,41.0811767578125,-137.29244995117188,g4,2023_match_fonctionnel_tests,2023_match_fonctionnel_tests_flore_boll,FLORE_TRISTAN,BOLL_TIMO,gaucher,droitier,europeenne,europeenne
FLORE_TRISTAN,82,101,garcon,revers,1,att/att,FLORE_TRISTAN,,offensif,g3,,-94.94195556640625,168.79730224609375,h4,46.59356689453125,-127.52572631835938,g4,2023_match_fonctionnel_tests,2023_match_fonctionnel_tests_flore_boll,FLORE_TRISTAN,BOLL_TIMO,gaucher,droitier,europeenne,europeenne
BOLL_TIMO,102,122,garcon,coup_droit,1,att/att,BOLL_TIMO,,offensif,g2,,-81.825439453125,184.4080810546875,h5,43.27178955078125,-131.99981689453125,g4,2023_match_fonctionnel_tests,2023_match_fonctionnel_tests_flore_boll,FLORE_TRISTAN,BOLL_TIMO,gaucher,droitier,europeenne,europeenne
FLORE_TRISTAN,123,140,garcon,revers,1,att/att,serveur_point_contre,,defensif,,filet,-93.87841796875,168.061767578125,h4,57.54144287109375,-108.12857055664062,g4,2023_match_fonctionnel_tests,2023_match_fonctionnel_tests_flore_boll,FLORE_TRISTAN,BOLL_TIMO,gaucher,droitier,europeenne,europeenne
FLORE_TRISTAN,0,5,garcon,coup_droit,1,att/att,FLORE_TRISTAN,lat_droit,,m1,,-96.109619140625,163.40032958984375,h4,9.82037353515625,-142.60189819335938,m4,2023_match_fonctionnel_tests,flore_boll2,BOLL_TIMO,FLORE_TRISTAN,gaucher,droitier,europeenne,europeenne
BOLL_TIMO,9,38,garcon,revers,1,att/att,BOLL_TIMO,,offensif,m3,,-49.513427734375,222.86444091796875,g5,35.54290771484375,-147.10504150390625,g4,2023_match_fonctionnel_tests,flore_boll2,BOLL_TIMO,FLORE_TRISTAN,gaucher,droitier,europeenne,europeenne
FLORE_TRISTAN,39,58,garcon,revers,1,att/att,FLORE_TRISTAN,,offensif,m3,,-94.94195556640625,168.79730224609375,h4,46.59356689453125,-127.52572631835938,g4,2023_match_fonctionnel_tests,flore_boll2,BOLL_TIMO,FLORE_TRISTAN,gaucher,droitier,europeenne,europeenne
BOLL_TIMO,59,81,garcon,revers,1,att/att,BOLL_TIMO,,defensif,m3,,-75.30859375,192.1641845703125,g5,41.0811767578125,-137.29244995117188,g4,2023_match_fonctionnel_tests,flore_boll2,BOLL_TIMO,FLORE_TRISTAN,gaucher,droitier,europeenne,europeenne
FLORE_TRISTAN,82,101,garcon,revers,1,att/att,FLORE_TRISTAN,,offensif,g3,,-94.94195556640625,168.79730224609375,h4,46.59356689453125,-127.52572631835938,g4,2023_match_fonctionnel_tests,flore_boll2,BOLL_TIMO,FLORE_TRISTAN,gaucher,droitier,europeenne,europeenne
BOLL_TIMO,102,122,garcon,coup_droit,1,att/att,BOLL_TIMO,,offensif,g2,,-81.825439453125,184.4080810546875,h5,43.27178955078125,-131.99981689453125,g4,2023_match_fonctionnel_tests,flore_boll2,BOLL_TIMO,FLORE_TRISTAN,gaucher,droitier,europeenne,europeenne
FLORE_TRISTAN,123,140,garcon,revers,1,att/att,serveur_point_contre,,defensif,,filet,-93.87841796875,168.061767578125,h4,57.54144287109375,-108.12857055664062,g4,2023_match_fonctionnel_tests,flore_boll2,BOLL_TIMO,FLORE_TRISTAN,gaucher,droitier,europeenne,europeenne
