nom,debut,fin,genre,lateralite,set,systeme,coup,type_service,type_coup,zone_jeu,faute,distance_x_jA,distance_y_jA,zone_joueur_jA,distance_x_jB,distance_y_jB,zone_joueur_jB,joueurA,joueurB,num_point
FAN-ZHENDONG,6645,6720,garcon,coup_droit,1,att/att,FAN-ZHENDONG,lat_droit,,m1,,-72.2215,279.66595,g7,99.862976,-46.013794,h3,FAN-ZHENDONG,TRULS-MOREGARD,0
TRULS-MOREGARD,6721,6733,garcon,coup_droit,1,att/att,TRULS-MOREGARD,,defensif,d3,,-86.2392,235.96082,h6,59.769592,-137.0,g4,FAN-ZHENDONG,TRULS-MOREGARD,0
FAN-ZHENDONG,6734,6746,garcon,coup_droit,1,att/att,FAN-ZHENDONG,,defensif,g2,,-59.83362,251.04865,g6,42.66815,-148.7532,g4,FAN-ZHENDONG,TRULS-MOREGARD,0
TRULS-MOREGARD,6747,6755,garcon,revers,1,att/att,TRULS-MOREGARD,,offensif,g3,,-51.432556,303.62683,g7,42.66815,-148.7532,g4,FAN-ZHENDONG,TRULS-MOREGARD,0
FAN-ZHENDONG,6756,6767,garcon,revers,1,att/att,serveur_point_pour,,intermediaire,,out,-85.756714,292.52667,h7,58.11084,-144.81738,g4,FAN-ZHENDONG,TRULS-MOREGARD,0
FAN-ZHENDONG,7177,7217,garcon,coup_droit,1,att/att,FAN-ZHENDONG,lat_droit,,m2,,89.678406,-31.19757,h3,-89.43707,277.12396,h7,FAN-ZHENDONG,TRULS-MOREGARD,1
TRULS-MOREGARD,7218,7237,garcon,revers,1,att/att,TRULS-MOREGARD,,defensif,m3,,69.64313,-98.439575,g4,-50.22699,260.19623,g6,FAN-ZHENDONG,TRULS-MOREGARD,1
FAN-ZHENDONG,7238,7254,garcon,coup_droit,1,att/att,FAN-ZHENDONG,,defensif,g2,,80.116394,-125.356476,h3,-58.3468,303.8717,g7,FAN-ZHENDONG,TRULS-MOREGARD,1
TRULS-MOREGARD,7255,7273,garcon,revers,1,att/att,serveur_point_pour,,offensif,,out,66.50391,-125.3436,g4,-49.794617,366.56714,g8,FAN-ZHENDONG,TRULS-MOREGARD,1
TRULS-MOREGARD,7670,7675,garcon,coup_droit,1,att/att,TRULS-MOREGARD,lat_droit,,m2,,-400,-400,f8,-400,-400,f8,FAN-ZHENDONG,TRULS-MOREGARD,2
FAN-ZHENDONG,7676,7695,garcon,revers,1,att/att,FAN-ZHENDONG,,defensif,g2,,-400,-400,f8,-76.415405,270.44574,h6,FAN-ZHENDONG,TRULS-MOREGARD,2
TRULS-MOREGARD,7696,7705,garcon,coup_droit,1,att/att,serveur_point_contre,,offensif,m3,pt_gagne,-400,-400,f8,-120.67236,227.34418,h5,FAN-ZHENDONG,TRULS-MOREGARD,2
TRULS-MOREGARD,8012,8039,garcon,coup_droit,1,att/att,TRULS-MOREGARD,lat_droit,,g3,,-400,-400,f8,-400,-400,f8,FAN-ZHENDONG,TRULS-MOREGARD,3
FAN-ZHENDONG,8040,8057,garcon,revers,1,att/att,serveur_point_pour,,intermediaire,,out,-73.77405,279.7179,g7,62.00299,-94.60156,g4,FAN-ZHENDONG,TRULS-MOREGARD,3
FAN-ZHENDONG,8459,8503,garcon,coup_droit,1,att/att,FAN-ZHENDONG,lat_droit,,m2,,-86.09503,283.24066,h7,89.73596,-34.871887,h3,FAN-ZHENDONG,TRULS-MOREGARD,4
TRULS-MOREGARD,8504,8514,garcon,revers,1,att/att,TRULS-MOREGARD,,intermediaire,g3,,-44.93341,253.73785,g6,63.507874,-176.40363,g4,FAN-ZHENDONG,TRULS-MOREGARD,4
FAN-ZHENDONG,8515,8532,garcon,revers,1,att/att,serveur_point_pour,,intermediaire,,filet,-66.20361,273.23547,g6,76.39984,-98.460724,h3,FAN-ZHENDONG,TRULS-MOREGARD,4
FAN-ZHENDONG,9000,9039,garcon,coup_droit,1,att/att,FAN-ZHENDONG,lat_droit,,g2,,-78.53992,276.7624,h7,89.678406,-31.19757,h3,FAN-ZHENDONG,TRULS-MOREGARD,5
TRULS-MOREGARD,9040,9050,garcon,revers,1,att/att,TRULS-MOREGARD,,intermediaire,m2,,-115.83496,246.43268,h6,69.454956,-79.45929,g4,FAN-ZHENDONG,TRULS-MOREGARD,5
FAN-ZHENDONG,9051,9065,garcon,revers,1,att/att,FAN-ZHENDONG,,intermediaire,m3,,-103.86554,286.9486,h7,84.31073,-121.49692,h3,FAN-ZHENDONG,TRULS-MOREGARD,5
TRULS-MOREGARD,9066,9075,garcon,revers,1,att/att,TRULS-MOREGARD,,intermediaire,m3,,-93.968506,359.47235,h8,74.68524,-172.39331,g4,FAN-ZHENDONG,TRULS-MOREGARD,5
FAN-ZHENDONG,9076,9086,garcon,revers,1,att/att,FAN-ZHENDONG,,offensif,g3,,-86.5918,353.23352,h8,59.159058,-172.43793,g4,FAN-ZHENDONG,TRULS-MOREGARD,5
TRULS-MOREGARD,9087,9098,garcon,revers,1,att/att,TRULS-MOREGARD,,intermediaire,m3,,-87.10864,379.83923,h8,36.680786,-192.52228,g5,FAN-ZHENDONG,TRULS-MOREGARD,5
FAN-ZHENDONG,9099,9111,garcon,coup_droit,1,att/att,FAN-ZHENDONG,,offensif,g3,,-102.72095,368.7094,h8,106.47363,-216.38028,h5,FAN-ZHENDONG,TRULS-MOREGARD,5
TRULS-MOREGARD,9112,9134,garcon,revers,1,att/att,serveur_point_pour,,intermediaire,,out,-50.101685,354.76672,g8,122.83667,-140.88406,h4,FAN-ZHENDONG,TRULS-MOREGARD,5
TRULS-MOREGARD,9718,9724,garcon,coup_droit,1,att/att,TRULS-MOREGARD,lat_droit,,g2,,-400,-400,f8,-400,-400,f8,FAN-ZHENDONG,TRULS-MOREGARD,6
FAN-ZHENDONG,9725,9742,garcon,revers,1,att/att,serveur_point_contre,,defensif,m1,pt_gagne,-83.540405,267.54492,h6,72.77594,-75.70352,g4,FAN-ZHENDONG,TRULS-MOREGARD,6
TRULS-MOREGARD,10126,10133,garcon,coup_droit,1,att/att,TRULS-MOREGARD,lat_droit,,d2,,-400,-400,f8,-400,-400,f8,FAN-ZHENDONG,TRULS-MOREGARD,7
FAN-ZHENDONG,10134,10147,garcon,coup_droit,1,att/att,FAN-ZHENDONG,,defensif,m2,,-400,-400,f8,-45.737976,284.97638,g7,FAN-ZHENDONG,TRULS-MOREGARD,7
TRULS-MOREGARD,10148,10158,garcon,coup_droit,1,att/att,TRULS-MOREGARD,,defensif,d2,,-400,-400,f8,-66.86865,251.26788,g6,FAN-ZHENDONG,TRULS-MOREGARD,7
FAN-ZHENDONG,10159,10171,garcon,revers,1,att/att,FAN-ZHENDONG,,offensif,g3,,-400,-400,f8,-53.586914,250.85394,g6,FAN-ZHENDONG,TRULS-MOREGARD,7
TRULS-MOREGARD,10172,10185,garcon,revers,1,att/att,serveur_point_pour,,intermediaire,,filet,-400,-400,f8,-46.602417,312.6037,g7,FAN-ZHENDONG,TRULS-MOREGARD,7
FAN-ZHENDONG,10701,10730,garcon,coup_droit,1,att/att,FAN-ZHENDONG,lat_droit,,g1,,-400,-400,f8,-400,-400,f8,FAN-ZHENDONG,TRULS-MOREGARD,8
TRULS-MOREGARD,10731,10744,garcon,coup_droit,1,att/att,TRULS-MOREGARD,,defensif,m3,,59.853394,-148.73685,g4,-86.354126,232.76385,h6,FAN-ZHENDONG,TRULS-MOREGARD,8
FAN-ZHENDONG,10745,10758,garcon,revers,1,att/att,FAN-ZHENDONG,,intermediaire,m2,,47.76776,-133.1004,g4,-75.42993,276.65918,g7,FAN-ZHENDONG,TRULS-MOREGARD,8
TRULS-MOREGARD,10759,10771,garcon,coup_droit,1,att/att,TRULS-MOREGARD,,offensif,g3,,10.82074,-137.0,m4,-78.53931,343.96368,h8,FAN-ZHENDONG,TRULS-MOREGARD,8
FAN-ZHENDONG,10772,10782,garcon,revers,1,att/att,FAN-ZHENDONG,,intermediaire,g3,,7.1210938,-172.58746,m4,-85.708984,376.84918,h8,FAN-ZHENDONG,TRULS-MOREGARD,8
TRULS-MOREGARD,10783,10792,garcon,revers,1,att/att,TRULS-MOREGARD,,intermediaire,m2,,68.8786,-196.39682,g5,-125.39484,372.58466,h8,FAN-ZHENDONG,TRULS-MOREGARD,8
FAN-ZHENDONG,10793,10807,garcon,revers,1,att/att,FAN-ZHENDONG,,intermediaire,g2,,78.9541,-241.09975,h6,-131.9451,378.7533,i8,FAN-ZHENDONG,TRULS-MOREGARD,8
TRULS-MOREGARD,10808,10819,garcon,revers,1,att/att,TRULS-MOREGARD,,intermediaire,g3,,52.42871,-208.60196,g5,-88.06,394.46198,h8,FAN-ZHENDONG,TRULS-MOREGARD,8
FAN-ZHENDONG,10820,10832,garcon,revers,1,att/att,FAN-ZHENDONG,,offensif,g2,,67.471375,-232.97314,g6,-98.56012,377.37842,h8,FAN-ZHENDONG,TRULS-MOREGARD,8
TRULS-MOREGARD,10833,10844,garcon,revers,1,att/att,TRULS-MOREGARD,,intermediaire,m3,,87.24933,-208.3999,h5,-125.911865,400,h8,FAN-ZHENDONG,TRULS-MOREGARD,8
FAN-ZHENDONG,10845,10865,garcon,coup_droit,1,att/att,serveur_point_pour,,offensif,,filet,86.55237,-220.57468,h5,-170.88287,400,i8,FAN-ZHENDONG,TRULS-MOREGARD,8
FAN-ZHENDONG,11486,11524,garcon,coup_droit,1,att/att,FAN-ZHENDONG,lat_droit,,g2,,-400,-400,f8,-400,-400,f8,FAN-ZHENDONG,TRULS-MOREGARD,9
TRULS-MOREGARD,11525,11534,garcon,revers,1,att/att,TRULS-MOREGARD,,intermediaire,g3,,-63.78131,276.2727,g7,67.03717,-90.81427,g4,FAN-ZHENDONG,TRULS-MOREGARD,9
FAN-ZHENDONG,11535,11545,garcon,revers,1,att/att,FAN-ZHENDONG,,offensif,g3,,-99.640625,332.74194,h8,82.61371,-121.49478,h3,FAN-ZHENDONG,TRULS-MOREGARD,9
TRULS-MOREGARD,11546,11552,garcon,revers,1,att/att,serveur_point_contre,,offensif,d3,pt_gagne,-106.159485,342.0268,h8,105.39154,-160.46164,h4,FAN-ZHENDONG,TRULS-MOREGARD,9
TRULS-MOREGARD,12099,12106,garcon,coup_droit,1,att/att,TRULS-MOREGARD,lat_droit,,d3,,-400,-400,f8,-400,-400,f8,FAN-ZHENDONG,TRULS-MOREGARD,10
FAN-ZHENDONG,12107,12121,garcon,coup_droit,1,att/att,FAN-ZHENDONG,,defensif,g2,,-400,-400,f8,-36.225464,296.96637,g7,FAN-ZHENDONG,TRULS-MOREGARD,10
TRULS-MOREGARD,12122,12133,garcon,revers,1,att/att,TRULS-MOREGARD,,intermediaire,m3,,-400,-400,f8,-93.33356,277.25323,h7,FAN-ZHENDONG,TRULS-MOREGARD,10
FAN-ZHENDONG,12134,12148,garcon,revers,1,att/att,serveur_point_contre,,offensif,d2,pt_gagne,-400,-400,f8,-102.70032,296.20166,h7,FAN-ZHENDONG,TRULS-MOREGARD,10
TRULS-MOREGARD,12585,12630,garcon,coup_droit,1,att/att,TRULS-MOREGARD,lat_droit,,d2,,-78.61359,180.51953,h4,75.50189,-168.42511,g4,FAN-ZHENDONG,TRULS-MOREGARD,11
FAN-ZHENDONG,12631,12644,garcon,coup_droit,1,att/att,FAN-ZHENDONG,,defensif,d3,,-57.923157,263.581,g6,59.385437,-83.195465,g4,FAN-ZHENDONG,TRULS-MOREGARD,11
TRULS-MOREGARD,12645,12655,garcon,coup_droit,1,att/att,TRULS-MOREGARD,,offensif,d2,,-42.940735,272.46942,g6,59.385437,-83.195465,g4,FAN-ZHENDONG,TRULS-MOREGARD,11
FAN-ZHENDONG,12656,12670,garcon,coup_droit,1,att/att,FAN-ZHENDONG,,intermediaire,d3,,-4.5404053,255.6062,m6,-27.947021,-180.71222,d4,FAN-ZHENDONG,TRULS-MOREGARD,11
TRULS-MOREGARD,12671,12679,garcon,revers,1,att/att,TRULS-MOREGARD,,intermediaire,m3,,22.622742,307.0747,m7,-160.33719,-185.24594,f5,FAN-ZHENDONG,TRULS-MOREGARD,11
FAN-ZHENDONG,12680,12704,garcon,revers,1,att/att,serveur_point_pour,,intermediaire,,filet,64.22015,296.498,d7,-128.93542,-289.46536,f7,FAN-ZHENDONG,TRULS-MOREGARD,11
FAN-ZHENDONG,13374,13409,garcon,coup_droit,1,att/att,FAN-ZHENDONG,lat_droit,,m2,,188.24152,243.31726,f6,-400,-400,f8,FAN-ZHENDONG,TRULS-MOREGARD,12
TRULS-MOREGARD,13410,13422,garcon,coup_droit,1,att/att,TRULS-MOREGARD,,defensif,g2,,188.24152,243.31726,f6,52.22583,-168.4845,g4,FAN-ZHENDONG,TRULS-MOREGARD,12
FAN-ZHENDONG,13423,13435,garcon,revers,1,att/att,FAN-ZHENDONG,,offensif,m2,,188.24152,243.31726,f6,44.483093,-180.45728,g4,FAN-ZHENDONG,TRULS-MOREGARD,12
TRULS-MOREGARD,13436,13450,garcon,revers,1,att/att,serveur_point_pour,,intermediaire,,filet,188.24152,243.31726,f6,83.20111,-102.297516,h3,FAN-ZHENDONG,TRULS-MOREGARD,12
FAN-ZHENDONG,14063,14105,garcon,coup_droit,1,att/att,FAN-ZHENDONG,lat_droit,,g2,,-73.77405,279.7179,g7,90.56354,-34.878784,h3,FAN-ZHENDONG,TRULS-MOREGARD,13
TRULS-MOREGARD,14106,14124,garcon,revers,1,att/att,TRULS-MOREGARD,,defensif,d2,,-72.245056,254.59601,g6,68.65082,-83.2359,g4,FAN-ZHENDONG,TRULS-MOREGARD,13
FAN-ZHENDONG,14125,14140,garcon,coup_droit,1,att/att,FAN-ZHENDONG,,defensif,g2,,-64.095825,291.78094,g7,62.878906,-98.418396,g4,FAN-ZHENDONG,TRULS-MOREGARD,13
TRULS-MOREGARD,14141,14163,garcon,coup_droit,1,att/att,serveur_point_pour,,intermediaire,,out,-91.23181,270.92993,h6,5.258728,-188.63214,m5,FAN-ZHENDONG,TRULS-MOREGARD,13
TRULS-MOREGARD,14719,14724,garcon,coup_droit,1,att/att,TRULS-MOREGARD,lat_droit,,g2,,-400,-400,f8,-400,-400,f8,FAN-ZHENDONG,TRULS-MOREGARD,14
FAN-ZHENDONG,14725,14745,garcon,revers,1,att/att,serveur_point_pour,,defensif,,filet,-80.09552,276.81403,h7,67.98883,-102.25461,g4,FAN-ZHENDONG,TRULS-MOREGARD,14
TRULS-MOREGARD,15152,15160,garcon,coup_droit,1,att/att,TRULS-MOREGARD,lat_droit,,g2,,-400,-400,f8,-400,-400,f8,FAN-ZHENDONG,TRULS-MOREGARD,15
FAN-ZHENDONG,15161,15174,garcon,revers,1,att/att,FAN-ZHENDONG,,defensif,m1,,65.382935,-94.61319,g4,-81.869995,270.62402,h6,FAN-ZHENDONG,TRULS-MOREGARD,15
TRULS-MOREGARD,15175,15192,garcon,coup_droit,1,att/att,TRULS-MOREGARD,,defensif,g3,,75.6438,-106.10205,g4,-149.44522,241.06049,i6,FAN-ZHENDONG,TRULS-MOREGARD,15
FAN-ZHENDONG,15193,15206,garcon,revers,1,att/att,FAN-ZHENDONG,,offensif,g2,,70.44946,-94.630585,g4,-99.76013,213.80951,h5,FAN-ZHENDONG,TRULS-MOREGARD,15
TRULS-MOREGARD,15207,15214,garcon,revers,1,att/att,TRULS-MOREGARD,,offensif,g3,,88.99097,-94.69437,h3,-119.08203,312.1623,h7,FAN-ZHENDONG,TRULS-MOREGARD,15
FAN-ZHENDONG,15215,15234,garcon,revers,1,att/att,serveur_point_pour,,intermediaire,,out,76.18036,-152.64499,h4,-121.213806,299.93414,h7,FAN-ZHENDONG,TRULS-MOREGARD,15
FAN-ZHENDONG,15843,15885,garcon,coup_droit,1,att/att,FAN-ZHENDONG,lat_droit,,d2,,-400,-400,f8,-400,-400,f8,FAN-ZHENDONG,TRULS-MOREGARD,16
TRULS-MOREGARD,15886,15898,garcon,coup_droit,1,att/att,TRULS-MOREGARD,,defensif,m3,,47.263428,-229.02531,g6,-46.18799,266.33362,g6,FAN-ZHENDONG,TRULS-MOREGARD,16
FAN-ZHENDONG,15899,15912,garcon,revers,1,att/att,FAN-ZHENDONG,,intermediaire,g3,,5.3189697,-180.59512,m4,-31.867737,284.5058,g7,FAN-ZHENDONG,TRULS-MOREGARD,16
TRULS-MOREGARD,15913,15920,garcon,revers,1,att/att,TRULS-MOREGARD,,intermediaire,g3,,27.193176,-129.19608,g4,-75.43787,322.76422,g8,FAN-ZHENDONG,TRULS-MOREGARD,16
FAN-ZHENDONG,15921,15940,garcon,revers,1,att/att,serveur_point_pour,,intermediaire,,filet,81.31842,-152.63849,h4,-100.53302,329.7525,h8,FAN-ZHENDONG,TRULS-MOREGARD,16
FAN-ZHENDONG,16463,16501,garcon,coup_droit,1,att/att,FAN-ZHENDONG,lat_droit,,g2,,-84.42938,286.28912,h7,92.21826,-34.892517,h3,FAN-ZHENDONG,TRULS-MOREGARD,17
TRULS-MOREGARD,16502,16515,garcon,revers,1,att/att,TRULS-MOREGARD,,intermediaire,m3,,-65.1167,257.52478,g6,62.769165,-192.40503,g5,FAN-ZHENDONG,TRULS-MOREGARD,17
FAN-ZHENDONG,16516,16525,garcon,revers,1,att/att,FAN-ZHENDONG,,offensif,g2,,-95.30615,286.6582,h7,73.90918,-102.2713,g4,FAN-ZHENDONG,TRULS-MOREGARD,17
TRULS-MOREGARD,16526,16534,garcon,coup_droit,1,att/att,TRULS-MOREGARD,,intermediaire,g3,,-122.47522,306.14264,h7,57.534424,-188.41425,g5,FAN-ZHENDONG,TRULS-MOREGARD,17
FAN-ZHENDONG,16535,16545,garcon,revers,1,att/att,serveur_point_pour,,intermediaire,,filet,-152.21307,331.68347,i8,64.338806,-172.42303,g4,FAN-ZHENDONG,TRULS-MOREGARD,17
TRULS-MOREGARD,18673,18718,garcon,coup_droit,2,att/att,TRULS-MOREGARD,lat_droit,,g2,,-50.447327,282.04004,g7,-400,-400,f8,FAN-ZHENDONG,TRULS-MOREGARD,18
FAN-ZHENDONG,18719,18745,garcon,revers,2,att/att,serveur_point_pour,,intermediaire,,out,-45.96234,275.68146,g7,-400,-400,f8,FAN-ZHENDONG,TRULS-MOREGARD,18
TRULS-MOREGARD,19066,19072,garcon,coup_droit,2,att/att,TRULS-MOREGARD,lat_droit,,m3,,-400,-400,f8,-400,-400,f8,FAN-ZHENDONG,TRULS-MOREGARD,19
FAN-ZHENDONG,19073,19081,garcon,revers,2,att/att,FAN-ZHENDONG,,intermediaire,g3,,-30.976929,290.64087,g7,79.77545,-98.47128,h3,FAN-ZHENDONG,TRULS-MOREGARD,19
TRULS-MOREGARD,19082,19092,garcon,coup_droit,2,att/att,TRULS-MOREGARD,,offensif,g3,,-46.304504,324.71082,g8,108.8183,-38.705994,h3,FAN-ZHENDONG,TRULS-MOREGARD,19
FAN-ZHENDONG,19093,19100,garcon,revers,2,att/att,FAN-ZHENDONG,,intermediaire,g3,,-54.072205,375.54626,g8,125.64453,-117.70654,h3,FAN-ZHENDONG,TRULS-MOREGARD,19
TRULS-MOREGARD,19101,19120,garcon,revers,2,att/att,serveur_point_pour,,intermediaire,,out,-100.98352,400,h8,120.86566,-129.25519,h3,FAN-ZHENDONG,TRULS-MOREGARD,19
FAN-ZHENDONG,19560,19565,garcon,coup_droit,2,att/att,FAN-ZHENDONG,lat_droit,,m2,,-400,-400,f8,-400,-400,f8,FAN-ZHENDONG,TRULS-MOREGARD,20
TRULS-MOREGARD,19566,19578,garcon,coup_droit,2,att/att,TRULS-MOREGARD,,defensif,d2,,81.263,-83.290924,h3,-63.55609,257.47534,g6,FAN-ZHENDONG,TRULS-MOREGARD,20
FAN-ZHENDONG,19579,19594,garcon,coup_droit,2,att/att,FAN-ZHENDONG,,intermediaire,d3,,40.151,-184.47534,g5,-36.55359,281.57208,g7,FAN-ZHENDONG,TRULS-MOREGARD,20
TRULS-MOREGARD,19595,19610,garcon,coup_droit,2,att/att,serveur_point_contre,,intermediaire,d3,pt_gagne,-56.099365,-180.81131,d4,53.688538,290.7793,d7,FAN-ZHENDONG,TRULS-MOREGARD,20
FAN-ZHENDONG,20195,20240,garcon,coup_droit,2,att/att,FAN-ZHENDONG,lat_droit,,m2,,97.15668,-129.24023,h3,-74.84143,222.79388,g5,FAN-ZHENDONG,TRULS-MOREGARD,21
TRULS-MOREGARD,20241,20254,garcon,revers,2,att/att,TRULS-MOREGARD,,defensif,m3,,62.940613,-106.07019,g4,-65.1167,257.52478,g6,FAN-ZHENDONG,TRULS-MOREGARD,21
FAN-ZHENDONG,20255,20268,garcon,coup_droit,2,att/att,FAN-ZHENDONG,,offensif,g3,,62.940613,-106.07019,g4,-67.0603,244.93738,g6,FAN-ZHENDONG,TRULS-MOREGARD,21
TRULS-MOREGARD,20269,20276,garcon,revers,2,att/att,TRULS-MOREGARD,,offensif,d3,,46.968994,-148.74911,g4,-94.94183,295.93268,h7,FAN-ZHENDONG,TRULS-MOREGARD,21
FAN-ZHENDONG,20277,20290,garcon,coup_droit,2,att/att,serveur_point_pour,,intermediaire,,out,88.841675,-140.89484,h4,-86.627075,310.99707,h7,FAN-ZHENDONG,TRULS-MOREGARD,21
TRULS-MOREGARD,20779,20786,garcon,coup_droit,2,att/att,TRULS-MOREGARD,lat_droit,,g1,,-400,-400,f8,-400,-400,f8,FAN-ZHENDONG,TRULS-MOREGARD,22
FAN-ZHENDONG,20787,20800,garcon,revers,2,att/att,FAN-ZHENDONG,,defensif,m2,,-60.67871,276.16974,g7,82.84003,-75.7536,h3,FAN-ZHENDONG,TRULS-MOREGARD,22
TRULS-MOREGARD,20801,20816,garcon,coup_droit,2,att/att,TRULS-MOREGARD,,defensif,m1,,-76.61554,310.63763,h7,140.6687,-57.405304,i3,FAN-ZHENDONG,TRULS-MOREGARD,22
FAN-ZHENDONG,20817,20835,garcon,revers,2,att/att,FAN-ZHENDONG,,defensif,d2,,-62.371094,297.8794,g7,92.85089,-125.36853,h3,FAN-ZHENDONG,TRULS-MOREGARD,22
TRULS-MOREGARD,20836,20854,garcon,coup_droit,2,att/att,serveur_point_pour,,intermediaire,,filet,-32.328186,299.8932,g7,129.39142,-68.50073,i3,FAN-ZHENDONG,TRULS-MOREGARD,22
TRULS-MOREGARD,21331,21360,garcon,coup_droit,2,att/att,TRULS-MOREGARD,lat_droit,,d2,,-400,-400,f8,-400,-400,f8,FAN-ZHENDONG,TRULS-MOREGARD,23
FAN-ZHENDONG,21361,21374,garcon,coup_droit,2,att/att,FAN-ZHENDONG,,defensif,m2,,-18.698486,290.2182,m7,62.062805,-102.237915,g4,FAN-ZHENDONG,TRULS-MOREGARD,23
TRULS-MOREGARD,21375,21387,garcon,coup_droit,2,att/att,TRULS-MOREGARD,,defensif,d2,,-6.1846924,311.1427,m7,56.322998,-133.10312,g4,FAN-ZHENDONG,TRULS-MOREGARD,23
FAN-ZHENDONG,21388,21397,garcon,coup_droit,2,att/att,FAN-ZHENDONG,,offensif,m3,,-6.7453613,265.05457,m6,33.19519,-164.56204,g4,FAN-ZHENDONG,TRULS-MOREGARD,23
TRULS-MOREGARD,21398,21407,garcon,revers,2,att/att,serveur_point_contre,,intermediaire,d2,pt_gagne,-8.564819,243.1441,m6,-11.779724,-148.80502,m4,FAN-ZHENDONG,TRULS-MOREGARD,23
FAN-ZHENDONG,21956,22015,garcon,coup_droit,2,att/att,FAN-ZHENDONG,lat_gauche,,g3,,2.8946533,223.74597,m5,68.79797,-98.43692,g4,FAN-ZHENDONG,TRULS-MOREGARD,24
TRULS-MOREGARD,22016,22028,garcon,revers,2,att/att,TRULS-MOREGARD,,defensif,m2,,0.37609863,283.4118,m7,82.53473,-53.30591,h3,FAN-ZHENDONG,TRULS-MOREGARD,24
FAN-ZHENDONG,22029,22044,garcon,revers,2,att/att,serveur_point_contre,,offensif,d3,pt_gagne,-48.591553,324.79572,g8,94.20911,-156.54837,h4,FAN-ZHENDONG,TRULS-MOREGARD,24
FAN-ZHENDONG,22639,22644,garcon,coup_droit,2,att/att,FAN-ZHENDONG,lat_gauche,,m2,,-400,-400,f8,-400,-400,f8,FAN-ZHENDONG,TRULS-MOREGARD,25
TRULS-MOREGARD,22645,22663,garcon,coup_droit,2,att/att,TRULS-MOREGARD,,defensif,m1,,21.085144,301.05884,m7,68.39618,-56.93573,g4,FAN-ZHENDONG,TRULS-MOREGARD,25
FAN-ZHENDONG,22664,22674,garcon,revers,2,att/att,FAN-ZHENDONG,,offensif,g3,,4.96875,283.25598,m7,14.207581,-148.7803,m4,FAN-ZHENDONG,TRULS-MOREGARD,25
TRULS-MOREGARD,22675,22687,garcon,revers,2,att/att,serveur_point_pour,,intermediaire,,filet,-20.791382,256.1209,m6,43.626465,-184.46198,g5,FAN-ZHENDONG,TRULS-MOREGARD,25
TRULS-MOREGARD,23227,23250,garcon,coup_droit,2,att/att,TRULS-MOREGARD,lat_droit,,g1,,97.63971,-60.850555,h3,-68.72827,267.06458,g6,FAN-ZHENDONG,TRULS-MOREGARD,26
FAN-ZHENDONG,23251,23267,garcon,revers,2,att/att,FAN-ZHENDONG,,defensif,d2,,83.20111,-102.297516,h3,-55.06372,254.05615,g6,FAN-ZHENDONG,TRULS-MOREGARD,26
TRULS-MOREGARD,23268,23284,garcon,coup_droit,2,att/att,TRULS-MOREGARD,,defensif,g2,,121.826294,-64.725555,h3,-59.90332,276.14404,g7,FAN-ZHENDONG,TRULS-MOREGARD,26
FAN-ZHENDONG,23285,23299,garcon,revers,2,att/att,FAN-ZHENDONG,,intermediaire,g2,,0.11395264,-176.60623,m4,-30.780457,339.13757,g8,FAN-ZHENDONG,TRULS-MOREGARD,26
TRULS-MOREGARD,23300,23310,garcon,revers,2,att/att,TRULS-MOREGARD,,intermediaire,m2,,59.909546,-156.6029,g4,-76.810974,349.87067,h8,FAN-ZHENDONG,TRULS-MOREGARD,26
FAN-ZHENDONG,23311,23322,garcon,revers,2,att/att,FAN-ZHENDONG,,offensif,d3,,97.45123,-196.2591,h5,-80.08783,364.84106,h8,FAN-ZHENDONG,TRULS-MOREGARD,26
TRULS-MOREGARD,23323,23339,garcon,coup_droit,2,att/att,TRULS-MOREGARD,,intermediaire,m1,,89.992004,-160.49103,h4,-75.698975,382.29102,g8,FAN-ZHENDONG,TRULS-MOREGARD,26
FAN-ZHENDONG,23340,23351,garcon,coup_droit,2,att/att,FAN-ZHENDONG,,offensif,g3,,-4.907837,-241.80878,m6,-47.75354,327.78046,g8,FAN-ZHENDONG,TRULS-MOREGARD,26
TRULS-MOREGARD,23352,23397,garcon,revers,2,att/att,serveur_point_pour,,intermediaire,,out,-10.869629,-296.54218,m7,-37.16461,324.37158,g8,FAN-ZHENDONG,TRULS-MOREGARD,26
TRULS-MOREGARD,23920,23926,garcon,coup_droit,2,att/att,TRULS-MOREGARD,lat_droit,,d2,,-32.887085,272.13837,g6,80.81683,-113.78763,h3,FAN-ZHENDONG,TRULS-MOREGARD,27
FAN-ZHENDONG,23927,23940,garcon,coup_droit,2,att/att,FAN-ZHENDONG,,defensif,g2,,-22.532898,290.35016,m7,73.0224,-98.450134,g4,FAN-ZHENDONG,TRULS-MOREGARD,27
TRULS-MOREGARD,23941,23957,garcon,coup_droit,2,att/att,TRULS-MOREGARD,,defensif,g2,,-27.080505,293.57977,g7,111.615295,-53.50363,h3,FAN-ZHENDONG,TRULS-MOREGARD,27
FAN-ZHENDONG,23958,23969,garcon,revers,2,att/att,FAN-ZHENDONG,,intermediaire,g3,,-44.814148,354.55774,g8,125.9483,-31.509521,h3,FAN-ZHENDONG,TRULS-MOREGARD,27
TRULS-MOREGARD,23970,23981,garcon,revers,2,att/att,TRULS-MOREGARD,,intermediaire,m3,,-66.08331,352.4278,g8,72.177734,-98.44751,g4,FAN-ZHENDONG,TRULS-MOREGARD,27
FAN-ZHENDONG,23982,23991,garcon,coup_droit,2,att/att,FAN-ZHENDONG,,offensif,d3,,-83.33301,359.04944,h8,93.73694,-180.28394,h4,FAN-ZHENDONG,TRULS-MOREGARD,27
TRULS-MOREGARD,23992,24001,garcon,coup_droit,2,att/att,serveur_point_contre,,intermediaire,d1,pt_gagne,-107.14862,371.84186,h8,63.54004,-180.3902,g4,FAN-ZHENDONG,TRULS-MOREGARD,27
FAN-ZHENDONG,24675,24713,garcon,coup_droit,2,att/att,FAN-ZHENDONG,lat_gauche,,d2,,-400,-400,f8,-400,-400,f8,FAN-ZHENDONG,TRULS-MOREGARD,28
TRULS-MOREGARD,24714,24734,garcon,coup_droit,2,att/att,TRULS-MOREGARD,,intermediaire,g2,,57.826416,-102.22598,g4,21.713684,264.13165,m6,FAN-ZHENDONG,TRULS-MOREGARD,28
FAN-ZHENDONG,24735,24748,garcon,revers,2,att/att,FAN-ZHENDONG,,intermediaire,g3,,15.880554,-160.63257,m4,-13.268799,347.3894,m8,FAN-ZHENDONG,TRULS-MOREGARD,28
TRULS-MOREGARD,24749,24766,garcon,revers,2,att/att,serveur_point_pour,,intermediaire,,filet,72.711,-148.72461,g4,-50.85742,354.79657,g8,FAN-ZHENDONG,TRULS-MOREGARD,28
FAN-ZHENDONG,25426,25480,garcon,coup_droit,2,att/att,FAN-ZHENDONG,lat_gauche,,m3,,10.660889,220.32617,m5,81.016174,-129.23004,h3,FAN-ZHENDONG,TRULS-MOREGARD,29
TRULS-MOREGARD,25481,25489,garcon,revers,2,att/att,TRULS-MOREGARD,,offensif,g3,,-13.658997,320.48584,m8,43.485657,-133.09906,g4,FAN-ZHENDONG,TRULS-MOREGARD,29
FAN-ZHENDONG,25490,25498,garcon,revers,2,att/att,FAN-ZHENDONG,,intermediaire,g2,,-49.961426,330.87372,g8,75.68799,-109.936035,g4,FAN-ZHENDONG,TRULS-MOREGARD,29
TRULS-MOREGARD,25499,25507,garcon,revers,2,att/att,TRULS-MOREGARD,,offensif,g3,,-75.899475,376.4452,g8,109.75531,-83.41525,h3,FAN-ZHENDONG,TRULS-MOREGARD,29
FAN-ZHENDONG,25508,25516,garcon,revers,2,att/att,serveur_point_contre,,intermediaire,d3,pt_gagne,-78.02203,358.83826,h8,129.5122,-137.0,i4,FAN-ZHENDONG,TRULS-MOREGARD,29
TRULS-MOREGARD,26138,26167,garcon,coup_droit,2,att/att,TRULS-MOREGARD,lat_droit,,d1,,-49.20697,300.4867,g7,-400,-400,f8,FAN-ZHENDONG,TRULS-MOREGARD,30
FAN-ZHENDONG,26168,26180,garcon,coup_droit,2,att/att,FAN-ZHENDONG,,defensif,g2,,-8.859009,280.63934,m7,-400,-400,f8,FAN-ZHENDONG,TRULS-MOREGARD,30
TRULS-MOREGARD,26181,26191,garcon,coup_droit,2,att/att,TRULS-MOREGARD,,offensif,d2,,-17.5495,314.5844,m7,-400,-400,f8,FAN-ZHENDONG,TRULS-MOREGARD,30
FAN-ZHENDONG,26192,26216,garcon,coup_droit,2,att/att,serveur_point_pour,,intermediaire,,filet,-23.9729,338.87665,m8,-400,-400,f8,FAN-ZHENDONG,TRULS-MOREGARD,30
TRULS-MOREGARD,26693,26715,garcon,coup_droit,2,att/att,TRULS-MOREGARD,lat_droit,,d2,,-65.61438,266.96362,g6,101.81421,-106.167725,h3,FAN-ZHENDONG,TRULS-MOREGARD,31
FAN-ZHENDONG,26716,26727,garcon,coup_droit,2,att/att,FAN-ZHENDONG,,defensif,d2,,-21.765808,290.3238,m7,60.624878,-137.0,g4,FAN-ZHENDONG,TRULS-MOREGARD,31
TRULS-MOREGARD,26728,26741,garcon,coup_droit,2,att/att,TRULS-MOREGARD,,intermediaire,d2,,11.065979,279.96826,m7,60.624878,-137.0,g4,FAN-ZHENDONG,TRULS-MOREGARD,31
FAN-ZHENDONG,26742,26753,garcon,coup_droit,2,att/att,FAN-ZHENDONG,,intermediaire,g3,,42.126404,362.84662,d8,-87.93341,-74.90387,e3,FAN-ZHENDONG,TRULS-MOREGARD,31
TRULS-MOREGARD,26754,26767,garcon,revers,2,att/att,TRULS-MOREGARD,,intermediaire,g3,,147.48969,290.55115,f7,-63.359863,-121.31091,d4,FAN-ZHENDONG,TRULS-MOREGARD,31
FAN-ZHENDONG,26768,26806,garcon,revers,2,att/att,serveur_point_pour,,defensif,,out,94.78467,310.4964,e7,-4.2922974,-180.62897,m4,FAN-ZHENDONG,TRULS-MOREGARD,31
FAN-ZHENDONG,27526,27561,garcon,coup_droit,2,att/att,FAN-ZHENDONG,lat_gauche,,d2,,1.3359375,223.79138,m5,68.06128,-109.91928,g4,FAN-ZHENDONG,TRULS-MOREGARD,32
TRULS-MOREGARD,27562,27571,garcon,coup_droit,2,att/att,TRULS-MOREGARD,,offensif,d2,,10.536682,313.56232,m7,59.06488,-38.30783,g4,FAN-ZHENDONG,TRULS-MOREGARD,32
FAN-ZHENDONG,27572,27594,garcon,coup_droit,2,att/att,serveur_point_pour,,intermediaire,,out,33.96222,357.3213,d8,59.06488,-38.30783,g4,FAN-ZHENDONG,TRULS-MOREGARD,32
FAN-ZHENDONG,28191,28220,garcon,coup_droit,2,att/att,FAN-ZHENDONG,lat_gauche,,m2,,-0.9700928,227.04913,m5,73.18848,-113.773254,g4,FAN-ZHENDONG,TRULS-MOREGARD,33
TRULS-MOREGARD,28221,28240,garcon,coup_droit,2,att/att,TRULS-MOREGARD,,defensif,m1,,4.312622,295.55084,m7,93.04547,-34.899384,h3,FAN-ZHENDONG,TRULS-MOREGARD,33
FAN-ZHENDONG,28241,28260,garcon,revers,2,att/att,FAN-ZHENDONG,,defensif,d3,,10.344055,286.14886,m7,57.72461,-86.97986,g4,FAN-ZHENDONG,TRULS-MOREGARD,33
TRULS-MOREGARD,28261,28274,garcon,coup_droit,2,att/att,TRULS-MOREGARD,,intermediaire,g3,,31.7052,309.77307,d7,70.10504,-60.679993,g4,FAN-ZHENDONG,TRULS-MOREGARD,33
FAN-ZHENDONG,28275,28287,garcon,revers,2,att/att,FAN-ZHENDONG,,intermediaire,g3,,-3.7314453,390.87073,m8,-88.607666,-121.27911,e3,FAN-ZHENDONG,TRULS-MOREGARD,33
TRULS-MOREGARD,28288,28310,garcon,revers,2,att/att,serveur_point_pour,,intermediaire,,out,-81.213684,400,h8,-19.288513,-188.73447,m5,FAN-ZHENDONG,TRULS-MOREGARD,33
TRULS-MOREGARD,28892,28918,garcon,coup_droit,2,att/att,TRULS-MOREGARD,lat_droit,,g2,,-67.470764,282.6134,g7,102.348816,-46.032196,h3,FAN-ZHENDONG,TRULS-MOREGARD,34
FAN-ZHENDONG,28919,28929,garcon,revers,2,att/att,FAN-ZHENDONG,,defensif,g3,,-60.946533,266.8122,g6,73.0224,-98.450134,g4,FAN-ZHENDONG,TRULS-MOREGARD,34
TRULS-MOREGARD,28930,28943,garcon,revers,2,att/att,TRULS-MOREGARD,,intermediaire,m2,,-79.98804,279.9256,h7,79.391846,-68.221436,h3,FAN-ZHENDONG,TRULS-MOREGARD,34
FAN-ZHENDONG,28944,28957,garcon,coup_droit,2,att/att,FAN-ZHENDONG,,offensif,g3,,-116.548096,299.77118,h7,81.66382,-113.789246,h3,FAN-ZHENDONG,TRULS-MOREGARD,34
TRULS-MOREGARD,28958,28966,garcon,revers,2,att/att,TRULS-MOREGARD,,offensif,d2,,-136.37726,367.10614,i8,72.91998,-168.4317,g4,FAN-ZHENDONG,TRULS-MOREGARD,34
FAN-ZHENDONG,28967,28985,garcon,coup_droit,2,att/att,serveur_point_pour,,intermediaire,,filet,-118.004395,351.47925,h8,89.31305,-172.35129,h4,FAN-ZHENDONG,TRULS-MOREGARD,34
TRULS-MOREGARD,29554,29561,garcon,coup_droit,2,att/att,TRULS-MOREGARD,lat_droit,,d2,,-34.947327,284.6103,g7,79.872375,-106.11267,h3,FAN-ZHENDONG,TRULS-MOREGARD,35
FAN-ZHENDONG,29562,29573,garcon,coup_droit,2,att/att,FAN-ZHENDONG,,defensif,m2,,-8.013611,286.7763,m7,59.548706,-106.061676,g4,FAN-ZHENDONG,TRULS-MOREGARD,35
TRULS-MOREGARD,29574,29587,garcon,coup_droit,2,att/att,TRULS-MOREGARD,,defensif,d2,,-3.8354492,317.10724,m7,60.312317,-94.59573,g4,FAN-ZHENDONG,TRULS-MOREGARD,35
FAN-ZHENDONG,29588,29598,garcon,coup_droit,2,att/att,serveur_point_contre,,offensif,d3,pt_gagne,-4.2906494,277.39502,m7,7.036682,-184.6026,m5,FAN-ZHENDONG,TRULS-MOREGARD,35
FAN-ZHENDONG,30435,30471,garcon,coup_droit,2,att/att,FAN-ZHENDONG,lat_gauche,,m2,,2.8655396,220.55115,m5,69.75696,-109.923004,g4,FAN-ZHENDONG,TRULS-MOREGARD,36
TRULS-MOREGARD,30472,30480,garcon,revers,2,att/att,TRULS-MOREGARD,,intermediaire,g3,,18.091553,310.2652,m7,62.90973,-102.240295,g4,FAN-ZHENDONG,TRULS-MOREGARD,36
FAN-ZHENDONG,30481,30491,garcon,revers,2,att/att,FAN-ZHENDONG,,intermediaire,g3,,-19.487549,335.7179,m8,62.90973,-102.240295,g4,FAN-ZHENDONG,TRULS-MOREGARD,36
TRULS-MOREGARD,30492,30505,garcon,revers,2,att/att,TRULS-MOREGARD,,intermediaire,g3,,-55.805542,340.0968,g8,24.525208,-168.55518,m4,FAN-ZHENDONG,TRULS-MOREGARD,36
FAN-ZHENDONG,30506,30512,garcon,revers,2,att/att,FAN-ZHENDONG,,offensif,g2,,-74.63049,346.80194,g8,93.10138,-140.8935,h4,FAN-ZHENDONG,TRULS-MOREGARD,36
TRULS-MOREGARD,30513,30541,garcon,revers,2,att/att,serveur_point_pour,,intermediaire,,out,-94.67969,341.5868,h8,94.20911,-156.54837,h4,FAN-ZHENDONG,TRULS-MOREGARD,36
FAN-ZHENDONG,31169,31202,garcon,coup_droit,2,att/att,FAN-ZHENDONG,lat_gauche,,m2,,1.2745361,217.39484,m5,73.86694,-98.45279,g4,FAN-ZHENDONG,TRULS-MOREGARD,37
TRULS-MOREGARD,31203,31220,garcon,coup_droit,2,att/att,TRULS-MOREGARD,,defensif,m2,,10.430054,298.38953,m7,89.19385,-53.351166,h3,FAN-ZHENDONG,TRULS-MOREGARD,37
FAN-ZHENDONG,31221,31234,garcon,revers,2,att/att,FAN-ZHENDONG,,offensif,g3,,2.2000122,313.86572,m7,46.940247,-140.90808,g4,FAN-ZHENDONG,TRULS-MOREGARD,37
TRULS-MOREGARD,31235,31242,garcon,revers,2,att/att,TRULS-MOREGARD,,intermediaire,g3,,-45.93518,339.71844,g8,78.89435,-164.46014,h4,FAN-ZHENDONG,TRULS-MOREGARD,37
FAN-ZHENDONG,31243,31252,garcon,revers,2,att/att,FAN-ZHENDONG,,offensif,g3,,-84.52826,347.1861,h8,111.70093,-176.24957,h4,FAN-ZHENDONG,TRULS-MOREGARD,37
TRULS-MOREGARD,31253,31264,garcon,revers,2,att/att,TRULS-MOREGARD,,intermediaire,m3,,-119.02521,378.22125,h8,114.10077,-168.32663,h4,FAN-ZHENDONG,TRULS-MOREGARD,37
FAN-ZHENDONG,31265,31273,garcon,revers,2,att/att,FAN-ZHENDONG,,offensif,g3,,-78.161804,376.53833,h8,112.558105,-176.24683,h4,FAN-ZHENDONG,TRULS-MOREGARD,37
TRULS-MOREGARD,31274,31282,garcon,revers,2,att/att,TRULS-MOREGARD,,offensif,m2,,-68.3642,376.1349,g8,78.89435,-164.46014,h4,FAN-ZHENDONG,TRULS-MOREGARD,37
FAN-ZHENDONG,31283,31293,garcon,revers,2,att/att,FAN-ZHENDONG,,offensif,d3,,-70.346985,361.49384,g8,110.191345,-144.78436,h4,FAN-ZHENDONG,TRULS-MOREGARD,37
TRULS-MOREGARD,31294,31325,garcon,coup_droit,2,att/att,serveur_point_pour,,intermediaire,,out,-64.599976,375.97986,g8,82.71716,-129.23111,h3,FAN-ZHENDONG,TRULS-MOREGARD,37
FAN-ZHENDONG,33594,33659,garcon,coup_droit,3,att/att,FAN-ZHENDONG,lat_gauche,,m2,,-66.13165,301.0819,g7,-400,-400,f8,FAN-ZHENDONG,TRULS-MOREGARD,38
TRULS-MOREGARD,33660,33676,garcon,coup_droit,3,att/att,TRULS-MOREGARD,,defensif,d2,,-76.421326,222.83948,h5,-400,-400,f8,FAN-ZHENDONG,TRULS-MOREGARD,38
FAN-ZHENDONG,33677,33690,garcon,coup_droit,3,att/att,FAN-ZHENDONG,,defensif,m2,,-52.724487,253.98267,g6,-400,-400,f8,FAN-ZHENDONG,TRULS-MOREGARD,38
TRULS-MOREGARD,33691,33705,garcon,coup_droit,3,att/att,TRULS-MOREGARD,,defensif,m3,,-72.92578,257.7721,g6,-400,-400,f8,FAN-ZHENDONG,TRULS-MOREGARD,38
FAN-ZHENDONG,33706,33717,garcon,revers,3,att/att,FAN-ZHENDONG,,intermediaire,g2,,-67.17114,267.0141,g6,-400,-400,f8,FAN-ZHENDONG,TRULS-MOREGARD,38
TRULS-MOREGARD,33718,33725,garcon,revers,3,att/att,TRULS-MOREGARD,,offensif,d3,,-73.770386,349.75195,g8,-400,-400,f8,FAN-ZHENDONG,TRULS-MOREGARD,38
FAN-ZHENDONG,33726,33742,garcon,coup_droit,3,att/att,serveur_point_pour,,intermediaire,,out,-81.6947,341.0891,h8,-400,-400,f8,FAN-ZHENDONG,TRULS-MOREGARD,38
FAN-ZHENDONG,34193,34225,garcon,coup_droit,3,att/att,FAN-ZHENDONG,lat_gauche,,m2,,-71.54468,276.53027,g7,15.09137,-144.84467,m4,FAN-ZHENDONG,TRULS-MOREGARD,39
TRULS-MOREGARD,34226,34241,garcon,coup_droit,3,att/att,TRULS-MOREGARD,,defensif,m2,,-72.852844,235.56067,g6,-20.987183,-184.71033,m5,FAN-ZHENDONG,TRULS-MOREGARD,39
FAN-ZHENDONG,34242,34259,garcon,coup_droit,3,att/att,FAN-ZHENDONG,,defensif,g2,,-20.791382,256.1209,m6,-13.782532,-102.02408,m4,FAN-ZHENDONG,TRULS-MOREGARD,39
TRULS-MOREGARD,34260,34271,garcon,revers,3,att/att,TRULS-MOREGARD,,intermediaire,g3,,-79.13562,304.60785,h7,-8.906372,-125.27228,m4,FAN-ZHENDONG,TRULS-MOREGARD,39
FAN-ZHENDONG,34272,34280,garcon,revers,3,att/att,FAN-ZHENDONG,,intermediaire,g3,,-95.67261,277.33087,h7,84.63306,-144.80057,h4,FAN-ZHENDONG,TRULS-MOREGARD,39
TRULS-MOREGARD,34281,34289,garcon,revers,3,att/att,TRULS-MOREGARD,,intermediaire,m3,,-103.606445,329.86737,h8,104.76349,-172.30688,h4,FAN-ZHENDONG,TRULS-MOREGARD,39
FAN-ZHENDONG,34290,34302,garcon,revers,3,att/att,FAN-ZHENDONG,,intermediaire,g2,,-104.37506,329.89606,h8,80.51221,-156.57013,h4,FAN-ZHENDONG,TRULS-MOREGARD,39
TRULS-MOREGARD,34303,34310,garcon,revers,3,att/att,TRULS-MOREGARD,,offensif,g3,,-92.50336,338.49902,h8,71.52246,-200.4111,g5,FAN-ZHENDONG,TRULS-MOREGARD,39
FAN-ZHENDONG,34311,34320,garcon,revers,3,att/att,serveur_point_contre,,offensif,d2,pt_gagne,-84.86383,317.03412,h7,61.962585,-200.4603,g5,FAN-ZHENDONG,TRULS-MOREGARD,39
TRULS-MOREGARD,35080,35121,garcon,coup_droit,3,att/att,TRULS-MOREGARD,lat_droit,,g2,,-75.47034,203.3869,g5,75.2793,-148.72217,g4,FAN-ZHENDONG,TRULS-MOREGARD,40
FAN-ZHENDONG,35122,35134,garcon,revers,3,att/att,FAN-ZHENDONG,,offensif,g3,,-72.2215,279.66595,g7,70.44946,-94.630585,g4,FAN-ZHENDONG,TRULS-MOREGARD,40
TRULS-MOREGARD,35135,35141,garcon,revers,3,att/att,TRULS-MOREGARD,,offensif,g3,,-127.61005,312.4685,i7,87.420105,-102.30942,h3,FAN-ZHENDONG,TRULS-MOREGARD,40
FAN-ZHENDONG,35142,35151,garcon,revers,3,att/att,FAN-ZHENDONG,,intermediaire,g2,,-129.6225,303.31464,i7,82.45935,-109.95093,h3,FAN-ZHENDONG,TRULS-MOREGARD,40
TRULS-MOREGARD,35152,35159,garcon,coup_droit,3,att/att,serveur_point_contre,,offensif,d2,pt_gagne,-146.96283,328.44745,i8,80.61224,-164.4563,h4,FAN-ZHENDONG,TRULS-MOREGARD,40
TRULS-MOREGARD,35646,35681,garcon,coup_droit,3,att/att,serveur_point_pour,lat_droit,,,filet,-76.36078,295.2884,h7,60.711426,-148.73602,g4,FAN-ZHENDONG,TRULS-MOREGARD,41
FAN-ZHENDONG,36191,36250,garcon,coup_droit,3,att/att,FAN-ZHENDONG,lat_gauche,,g1,,-60.501038,282.37866,g7,-400,-400,f8,FAN-ZHENDONG,TRULS-MOREGARD,42
TRULS-MOREGARD,36251,36263,garcon,revers,3,att/att,TRULS-MOREGARD,,defensif,m3,,-86.58472,226.35156,h5,-400,-400,f8,FAN-ZHENDONG,TRULS-MOREGARD,42
FAN-ZHENDONG,36264,36280,garcon,revers,3,att/att,FAN-ZHENDONG,,defensif,g3,,-87.21478,273.92737,h6,-400,-400,f8,FAN-ZHENDONG,TRULS-MOREGARD,42
TRULS-MOREGARD,36281,36296,garcon,coup_droit,3,att/att,serveur_point_pour,,offensif,,filet,-134.96307,259.73694,i6,-400,-400,f8,FAN-ZHENDONG,TRULS-MOREGARD,42
FAN-ZHENDONG,36926,36964,garcon,coup_droit,3,att/att,FAN-ZHENDONG,lat_gauche,,g2,,-82.76727,289.33112,h7,-1.4828491,-160.66571,m4,FAN-ZHENDONG,TRULS-MOREGARD,43
TRULS-MOREGARD,36965,36983,garcon,coup_droit,3,att/att,TRULS-MOREGARD,,intermediaire,m3,,-105.85602,220.4591,h5,-10.6050415,-196.77997,m5,FAN-ZHENDONG,TRULS-MOREGARD,43
FAN-ZHENDONG,36984,36998,garcon,coup_droit,3,att/att,FAN-ZHENDONG,,offensif,g2,,-52.84735,279.0183,g7,46.997864,-156.62341,g4,FAN-ZHENDONG,TRULS-MOREGARD,43
TRULS-MOREGARD,36999,37010,garcon,revers,3,att/att,TRULS-MOREGARD,,intermediaire,g2,,-38.154358,348.36115,g8,74.510254,-156.57968,g4,FAN-ZHENDONG,TRULS-MOREGARD,43
FAN-ZHENDONG,37011,37021,garcon,revers,3,att/att,FAN-ZHENDONG,,offensif,g2,,-94.94324,391.8474,h8,74.72925,-176.36777,g4,FAN-ZHENDONG,TRULS-MOREGARD,43
TRULS-MOREGARD,37022,37031,garcon,revers,3,att/att,TRULS-MOREGARD,,intermediaire,m3,,-113.6582,395.55212,h8,85.930176,-176.33194,h4,FAN-ZHENDONG,TRULS-MOREGARD,43
FAN-ZHENDONG,37032,37042,garcon,revers,3,att/att,FAN-ZHENDONG,,offensif,m2,,-136.82584,373.05005,i8,78.41754,-196.35086,h5,FAN-ZHENDONG,TRULS-MOREGARD,43
TRULS-MOREGARD,37043,37054,garcon,revers,3,att/att,TRULS-MOREGARD,,intermediaire,d3,,-97.37372,350.67365,h8,78.32135,-188.3276,h5,FAN-ZHENDONG,TRULS-MOREGARD,43
FAN-ZHENDONG,37055,37079,garcon,coup_droit,3,att/att,serveur_point_pour,,intermediaire,,filet,-18.715942,382.82324,m8,40.16559,-192.50662,g5,FAN-ZHENDONG,TRULS-MOREGARD,43
TRULS-MOREGARD,37757,37780,garcon,coup_droit,3,att/att,TRULS-MOREGARD,lat_droit,,d2,,44.412292,-156.62753,g4,-8.604736,239.98303,m6,FAN-ZHENDONG,TRULS-MOREGARD,44
FAN-ZHENDONG,37781,37793,garcon,coup_droit,3,att/att,FAN-ZHENDONG,,defensif,g1,,34.93927,-196.56042,g5,-55.60675,291.4887,g7,FAN-ZHENDONG,TRULS-MOREGARD,44
TRULS-MOREGARD,37794,37808,garcon,revers,3,att/att,TRULS-MOREGARD,,defensif,d2,,34.93927,-196.56042,g5,-107.26776,262.01727,h6,FAN-ZHENDONG,TRULS-MOREGARD,44
FAN-ZHENDONG,37809,37826,garcon,coup_droit,3,att/att,FAN-ZHENDONG,,intermediaire,d2,,34.93927,-196.56042,g5,-93.033875,264.71075,h6,FAN-ZHENDONG,TRULS-MOREGARD,44
TRULS-MOREGARD,37827,37837,garcon,coup_droit,3,att/att,TRULS-MOREGARD,,intermediaire,d3,,71.69824,-53.23221,g4,-41.74048,291.0114,g7,FAN-ZHENDONG,TRULS-MOREGARD,44
FAN-ZHENDONG,37838,37849,garcon,coup_droit,3,att/att,FAN-ZHENDONG,,intermediaire,m2,,-42.641846,-168.72656,d4,90.94171,316.6283,e7,FAN-ZHENDONG,TRULS-MOREGARD,44
TRULS-MOREGARD,37850,37864,garcon,revers,3,att/att,TRULS-MOREGARD,,intermediaire,d3,,-67.013916,-192.98828,d5,90.94171,316.6283,e7,FAN-ZHENDONG,TRULS-MOREGARD,44
FAN-ZHENDONG,37865,37878,garcon,coup_droit,3,att/att,FAN-ZHENDONG,,offensif,g3,,-10.699951,-204.89691,m5,90.94171,316.6283,e7,FAN-ZHENDONG,TRULS-MOREGARD,44
TRULS-MOREGARD,37879,37895,garcon,revers,3,att/att,TRULS-MOREGARD,,offensif,m3,,-55.122375,-176.7828,d4,90.94171,316.6283,e7,FAN-ZHENDONG,TRULS-MOREGARD,44
FAN-ZHENDONG,37896,37908,garcon,coup_droit,3,att/att,FAN-ZHENDONG,,offensif,d2,,32.325256,-180.50006,g4,90.94171,316.6283,e7,FAN-ZHENDONG,TRULS-MOREGARD,44
TRULS-MOREGARD,37909,37926,garcon,coup_droit,3,att/att,TRULS-MOREGARD,,intermediaire,g2,,60.051025,-176.41467,g4,90.94171,316.6283,e7,FAN-ZHENDONG,TRULS-MOREGARD,44
FAN-ZHENDONG,37927,37943,garcon,coup_droit,3,att/att,FAN-ZHENDONG,,offensif,d2,,5.2888794,-184.60931,m5,90.94171,316.6283,e7,FAN-ZHENDONG,TRULS-MOREGARD,44
TRULS-MOREGARD,37944,37963,garcon,coup_droit,3,att/att,TRULS-MOREGARD,,intermediaire,g3,,6.4799194,-140.9209,m4,90.94171,316.6283,e7,FAN-ZHENDONG,TRULS-MOREGARD,44
FAN-ZHENDONG,37964,37978,garcon,coup_droit,3,att/att,FAN-ZHENDONG,,offensif,d2,,-12.844482,-164.66473,m4,90.94171,316.6283,e7,FAN-ZHENDONG,TRULS-MOREGARD,44
TRULS-MOREGARD,37979,37995,garcon,coup_droit,3,att/att,TRULS-MOREGARD,,intermediaire,d2,,-14.131836,-129.16998,m4,90.94171,316.6283,e7,FAN-ZHENDONG,TRULS-MOREGARD,44
FAN-ZHENDONG,37996,38009,garcon,coup_droit,3,att/att,FAN-ZHENDONG,,offensif,g3,,-50.450256,-164.7486,d4,90.94171,316.6283,e7,FAN-ZHENDONG,TRULS-MOREGARD,44
TRULS-MOREGARD,38010,38038,garcon,revers,3,att/att,serveur_point_pour,,intermediaire,,out,-123.47522,-97.835205,e3,90.94171,316.6283,e7,FAN-ZHENDONG,TRULS-MOREGARD,44
TRULS-MOREGARD,38846,38863,garcon,coup_droit,3,att/att,TRULS-MOREGARD,lat_droit,,g3,,-87.842285,213.47485,h5,66.60864,-137.0,g4,FAN-ZHENDONG,TRULS-MOREGARD,45
FAN-ZHENDONG,38864,38874,garcon,revers,3,att/att,FAN-ZHENDONG,,intermediaire,g2,,-74.04199,295.208,g7,62.062805,-102.237915,g4,FAN-ZHENDONG,TRULS-MOREGARD,45
TRULS-MOREGARD,38875,38893,garcon,revers,3,att/att,serveur_point_pour,,intermediaire,,out,-88.512024,301.8689,h7,78.55878,-137.0,h4,FAN-ZHENDONG,TRULS-MOREGARD,45
FAN-ZHENDONG,39449,39479,garcon,coup_droit,3,att/att,FAN-ZHENDONG,lat_gauche,,d1,,-77.447205,286.05225,h7,6.394165,-152.73364,m4,FAN-ZHENDONG,TRULS-MOREGARD,46
TRULS-MOREGARD,39480,39500,garcon,revers,3,att/att,serveur_point_pour,,intermediaire,,out,14.07135,270.59198,m6,-23.04602,-204.96451,m5,FAN-ZHENDONG,TRULS-MOREGARD,46
FAN-ZHENDONG,39958,39990,garcon,coup_droit,3,att/att,FAN-ZHENDONG,lat_gauche,,m1,,-77.76227,276.73657,h7,3.6680298,-168.6084,m4,FAN-ZHENDONG,TRULS-MOREGARD,47
TRULS-MOREGARD,39991,40009,garcon,coup_droit,3,att/att,TRULS-MOREGARD,,defensif,g3,,-74.32294,238.79584,g6,-18.02948,-225.39407,m5,FAN-ZHENDONG,TRULS-MOREGARD,47
FAN-ZHENDONG,40010,40021,garcon,revers,3,att/att,FAN-ZHENDONG,,intermediaire,g2,,-59.56775,260.49445,g6,13.257751,-164.6065,m4,FAN-ZHENDONG,TRULS-MOREGARD,47
TRULS-MOREGARD,40022,40045,garcon,revers,3,att/att,serveur_point_pour,,intermediaire,,out,-78.9245,310.72052,h7,54.657776,-140.90564,g4,FAN-ZHENDONG,TRULS-MOREGARD,47
TRULS-MOREGARD,40516,40540,garcon,coup_droit,3,att/att,TRULS-MOREGARD,lat_droit,,g2,,-86.81622,219.91449,h5,74.16461,-125.35086,g4,FAN-ZHENDONG,TRULS-MOREGARD,48
FAN-ZHENDONG,40541,40555,garcon,revers,3,att/att,FAN-ZHENDONG,,defensif,g2,,-76.36078,295.2884,h7,74.16461,-125.35086,g4,FAN-ZHENDONG,TRULS-MOREGARD,48
TRULS-MOREGARD,40556,40565,garcon,coup_droit,3,att/att,serveur_point_contre,,offensif,d3,pt_gagne,-139.73938,243.96973,i6,74.16461,-125.35086,g4,FAN-ZHENDONG,TRULS-MOREGARD,48
TRULS-MOREGARD,41058,41087,garcon,coup_droit,3,att/att,TRULS-MOREGARD,lat_droit,,d2,,-82.51239,206.83405,h5,72.93988,-90.836395,g4,FAN-ZHENDONG,TRULS-MOREGARD,49
FAN-ZHENDONG,41088,41101,garcon,coup_droit,3,att/att,FAN-ZHENDONG,,defensif,m1,,-48.74701,288.16846,g7,57.85205,-106.057434,g4,FAN-ZHENDONG,TRULS-MOREGARD,49
TRULS-MOREGARD,41102,41113,garcon,coup_droit,3,att/att,TRULS-MOREGARD,,defensif,d2,,-56.538086,257.2531,g6,57.85205,-106.057434,g4,FAN-ZHENDONG,TRULS-MOREGARD,49
FAN-ZHENDONG,41114,41130,garcon,coup_droit,3,att/att,FAN-ZHENDONG,,defensif,g3,,-22.341309,256.16998,m6,2.5842896,-90.57272,m4,FAN-ZHENDONG,TRULS-MOREGARD,49
TRULS-MOREGARD,41131,41137,garcon,revers,3,att/att,TRULS-MOREGARD,,offensif,g3,,-32.84613,312.10645,g7,-36.13324,-148.82822,d4,FAN-ZHENDONG,TRULS-MOREGARD,49
FAN-ZHENDONG,41138,41153,garcon,revers,3,att/att,serveur_point_pour,,intermediaire,,out,-63.78131,276.2727,g7,59.853394,-148.73685,g4,FAN-ZHENDONG,TRULS-MOREGARD,49
FAN-ZHENDONG,42053,42087,garcon,coup_droit,3,att/att,FAN-ZHENDONG,lat_gauche,,m1,,-81.76062,273.7478,h6,4.7523193,-140.92145,m4,FAN-ZHENDONG,TRULS-MOREGARD,50
TRULS-MOREGARD,42088,42102,garcon,coup_droit,3,att/att,TRULS-MOREGARD,,defensif,d2,,-62.308838,219.2135,g5,-14.327942,-213.07071,m5,FAN-ZHENDONG,TRULS-MOREGARD,50
FAN-ZHENDONG,42103,42118,garcon,coup_droit,3,att/att,FAN-ZHENDONG,,defensif,g1,,-11.330383,268.3188,m6,-12.211487,-113.61224,m4,FAN-ZHENDONG,TRULS-MOREGARD,50
TRULS-MOREGARD,42119,42132,garcon,revers,3,att/att,TRULS-MOREGARD,,defensif,m3,,-73.53693,238.7721,g6,-35.76483,-129.15634,d4,FAN-ZHENDONG,TRULS-MOREGARD,50
FAN-ZHENDONG,42133,42146,garcon,coup_droit,3,att/att,FAN-ZHENDONG,,offensif,g2,,-63.83374,248.00891,g6,16.622742,-188.58478,m5,FAN-ZHENDONG,TRULS-MOREGARD,50
TRULS-MOREGARD,42147,42157,garcon,revers,3,att/att,TRULS-MOREGARD,,intermediaire,m3,,-44.307617,312.52075,g7,81.66382,-113.789246,h3,FAN-ZHENDONG,TRULS-MOREGARD,50
FAN-ZHENDONG,42158,42183,garcon,coup_droit,3,att/att,FAN-ZHENDONG,,defensif,g3,,-70.62384,376.2279,g8,59.076904,-160.55008,g4,FAN-ZHENDONG,TRULS-MOREGARD,50
TRULS-MOREGARD,42184,42194,garcon,coup_droit,3,att/att,TRULS-MOREGARD,,offensif,g3,,-98.99158,233.13837,h6,46.218018,-180.45117,g4,FAN-ZHENDONG,TRULS-MOREGARD,50
FAN-ZHENDONG,42195,42206,garcon,revers,3,att/att,serveur_point_pour,,intermediaire,,filet,-114.74524,217.47498,h5,61.06305,-196.43451,g5,FAN-ZHENDONG,TRULS-MOREGARD,50
FAN-ZHENDONG,44625,44669,garcon,coup_droit,3,att/att,FAN-ZHENDONG,lat_droit,,g2,,-84.54089,283.1883,h7,88.908325,-34.86502,h3,FAN-ZHENDONG,TRULS-MOREGARD,51
TRULS-MOREGARD,44670,44681,garcon,coup_droit,3,att/att,TRULS-MOREGARD,,defensif,m3,,-109.41589,230.23492,h6,70.41083,-90.826904,g4,FAN-ZHENDONG,TRULS-MOREGARD,51
FAN-ZHENDONG,44682,44693,garcon,revers,3,att/att,FAN-ZHENDONG,,offensif,g3,,-81.090454,270.5985,h6,58.058655,-137.0,g4,FAN-ZHENDONG,TRULS-MOREGARD,51
TRULS-MOREGARD,44694,44702,garcon,coup_droit,3,att/att,TRULS-MOREGARD,,offensif,g3,,-120.342285,318.3252,h7,43.485657,-133.09906,g4,FAN-ZHENDONG,TRULS-MOREGARD,51
FAN-ZHENDONG,44703,44716,garcon,revers,3,att/att,serveur_point_pour,,intermediaire,,out,-130.5596,315.63855,i7,54.041016,-184.42194,g5,FAN-ZHENDONG,TRULS-MOREGARD,51
TRULS-MOREGARD,45226,45243,garcon,coup_droit,3,att/att,TRULS-MOREGARD,lat_gauche,,d2,,-87.959595,210.23425,h5,61.87085,-188.39618,g5,FAN-ZHENDONG,TRULS-MOREGARD,52
FAN-ZHENDONG,45244,45263,garcon,coup_droit,3,att/att,serveur_point_pour,,defensif,,filet,-37.525208,272.29108,g6,63.693237,-94.60736,g4,FAN-ZHENDONG,TRULS-MOREGARD,52
TRULS-MOREGARD,45711,45738,garcon,coup_droit,3,att/att,TRULS-MOREGARD,lat_droit,,d2,,-86.602905,203.69086,h5,66.09924,-176.39532,g4,FAN-ZHENDONG,TRULS-MOREGARD,53
FAN-ZHENDONG,45739,45752,garcon,coup_droit,3,att/att,FAN-ZHENDONG,,defensif,m2,,-49.440125,291.27643,g7,62.695312,-75.65338,g4,FAN-ZHENDONG,TRULS-MOREGARD,53
TRULS-MOREGARD,45753,45764,garcon,coup_droit,3,att/att,TRULS-MOREGARD,,defensif,g3,,-48.12622,250.68378,g6,62.695312,-75.65338,g4,FAN-ZHENDONG,TRULS-MOREGARD,53
FAN-ZHENDONG,45765,45775,garcon,revers,3,att/att,FAN-ZHENDONG,,intermediaire,g2,,-32.80237,237.54413,g6,1.8256836,-180.60742,m4,FAN-ZHENDONG,TRULS-MOREGARD,53
TRULS-MOREGARD,45776,45788,garcon,revers,3,att/att,TRULS-MOREGARD,,intermediaire,d3,,-97.35657,274.26135,h7,81.016174,-129.23004,h3,FAN-ZHENDONG,TRULS-MOREGARD,53
FAN-ZHENDONG,45789,45818,garcon,coup_droit,3,att/att,FAN-ZHENDONG,,defensif,g3,,-125.014465,333.69617,h8,66.927,-172.41559,g4,FAN-ZHENDONG,TRULS-MOREGARD,53
TRULS-MOREGARD,45819,45829,garcon,coup_droit,3,att/att,TRULS-MOREGARD,,offensif,g3,,-117.06647,201.25244,h5,32.314087,-220.94305,g5,FAN-ZHENDONG,TRULS-MOREGARD,53
FAN-ZHENDONG,45830,45841,garcon,revers,3,att/att,FAN-ZHENDONG,,intermediaire,d3,,-129.56226,191.73218,i5,65.37195,-192.39334,g5,FAN-ZHENDONG,TRULS-MOREGARD,53
TRULS-MOREGARD,45842,45859,garcon,coup_droit,3,att/att,TRULS-MOREGARD,,intermediaire,g3,,-93.03436,223.31891,h5,67.43457,-228.87494,g6,FAN-ZHENDONG,TRULS-MOREGARD,53
FAN-ZHENDONG,45860,45875,garcon,revers,3,att/att,FAN-ZHENDONG,,offensif,g3,,61.7193,323.69006,d8,32.324158,-184.5054,g5,FAN-ZHENDONG,TRULS-MOREGARD,53
TRULS-MOREGARD,45876,45922,garcon,revers,3,att/att,TRULS-MOREGARD,,intermediaire,d3,,17.322937,400,m8,41.02826,-188.48306,g5,FAN-ZHENDONG,TRULS-MOREGARD,53
FAN-ZHENDONG,45923,45934,garcon,coup_droit,3,att/att,FAN-ZHENDONG,,offensif,m3,,-46.747253,400,g8,50.37146,-140.90701,g4,FAN-ZHENDONG,TRULS-MOREGARD,53
TRULS-MOREGARD,45935,45990,garcon,revers,3,att/att,TRULS-MOREGARD,,intermediaire,d2,,-48.300476,400,g8,37.54767,-188.49756,g5,FAN-ZHENDONG,TRULS-MOREGARD,53
FAN-ZHENDONG,45991,46009,garcon,coup_droit,3,att/att,FAN-ZHENDONG,,offensif,g2,,11.761658,400,m8,44.36554,-140.9089,g4,FAN-ZHENDONG,TRULS-MOREGARD,53
TRULS-MOREGARD,46010,46038,garcon,coup_droit,3,att/att,TRULS-MOREGARD,,offensif,g2,,36.05835,400,d8,44.36554,-140.9089,g4,FAN-ZHENDONG,TRULS-MOREGARD,53
FAN-ZHENDONG,46039,46051,garcon,coup_droit,3,att/att,FAN-ZHENDONG,,offensif,g2,,-76.298584,400,h8,58.67395,-102.22836,g4,FAN-ZHENDONG,TRULS-MOREGARD,53
TRULS-MOREGARD,46052,46074,garcon,revers,3,att/att,serveur_point_pour,,intermediaire,,out,-105.64148,353.98193,h8,98.17346,-90.93097,h3,FAN-ZHENDONG,TRULS-MOREGARD,53
FAN-ZHENDONG,47034,47077,garcon,coup_droit,3,att/att,FAN-ZHENDONG,lat_droit,,g2,,-92.31549,283.45013,h7,90.56354,-34.878784,h3,FAN-ZHENDONG,TRULS-MOREGARD,54
TRULS-MOREGARD,47078,47086,garcon,coup_droit,3,att/att,serveur_point_pour,,defensif,,filet,-119.37775,220.84583,h5,55.398376,-121.46051,g4,FAN-ZHENDONG,TRULS-MOREGARD,54
FAN-ZHENDONG,47766,47796,garcon,coup_droit,3,att/att,FAN-ZHENDONG,lat_droit,,g2,,96.4176,-38.60675,h3,-88.31177,286.4209,h7,FAN-ZHENDONG,TRULS-MOREGARD,55
TRULS-MOREGARD,47797,47808,garcon,revers,3,att/att,TRULS-MOREGARD,,defensif,d2,,63.66162,-90.801636,g4,-60.435974,257.37653,g6,FAN-ZHENDONG,TRULS-MOREGARD,55
FAN-ZHENDONG,47809,47823,garcon,coup_droit,3,att/att,FAN-ZHENDONG,,defensif,g2,,61.244873,-106.06595,g4,-63.188354,270.0135,g6,FAN-ZHENDONG,TRULS-MOREGARD,55
TRULS-MOREGARD,47824,47838,garcon,revers,3,att/att,TRULS-MOREGARD,,intermediaire,g3,,13.279175,-160.63754,m4,-63.051025,300.97357,g7,FAN-ZHENDONG,TRULS-MOREGARD,55
FAN-ZHENDONG,47839,47852,garcon,coup_droit,3,att/att,FAN-ZHENDONG,,offensif,m2,,131.73944,-125.405304,i3,-79.30127,343.99304,h8,FAN-ZHENDONG,TRULS-MOREGARD,55
TRULS-MOREGARD,47853,47875,garcon,coup_droit,3,att/att,serveur_point_pour,,intermediaire,,filet,151.80682,4.412567,f3,-69.39844,390.7655,g8,FAN-ZHENDONG,TRULS-MOREGARD,55
TRULS-MOREGARD,48646,48670,garcon,coup_droit,3,att/att,TRULS-MOREGARD,lat_droit,,g2,,-80.3728,222.95349,h5,75.14685,-137.0,g4,FAN-ZHENDONG,TRULS-MOREGARD,56
FAN-ZHENDONG,48671,48684,garcon,revers,3,att/att,FAN-ZHENDONG,,offensif,g3,,-76.0,282.90063,h7,63.94818,-125.34119,g4,FAN-ZHENDONG,TRULS-MOREGARD,56
TRULS-MOREGARD,48685,48693,garcon,revers,3,att/att,TRULS-MOREGARD,,intermediaire,d3,,-127.15643,321.62518,i8,92.54071,-106.14444,h3,FAN-ZHENDONG,TRULS-MOREGARD,56
FAN-ZHENDONG,48694,48709,garcon,coup_droit,3,att/att,FAN-ZHENDONG,,intermediaire,g3,,-102.06079,311.5512,h7,83.7301,-79.52594,h3,FAN-ZHENDONG,TRULS-MOREGARD,56
TRULS-MOREGARD,48710,48724,garcon,revers,3,att/att,TRULS-MOREGARD,,intermediaire,m3,,-28.798218,324.06097,g8,6.10437,-192.6597,m5,FAN-ZHENDONG,TRULS-MOREGARD,56
FAN-ZHENDONG,48725,48746,garcon,coup_droit,3,att/att,serveur_point_pour,,defensif,,filet,-71.88098,337.7135,g8,98.315,-196.25494,h5,FAN-ZHENDONG,TRULS-MOREGARD,56
TRULS-MOREGARD,49348,49369,garcon,coup_droit,3,att/att,TRULS-MOREGARD,lat_gauche,,d2,,-84.32678,223.06763,h5,72.2995,-109.92859,g4,FAN-ZHENDONG,TRULS-MOREGARD,57
FAN-ZHENDONG,49370,49385,garcon,coup_droit,3,att/att,FAN-ZHENDONG,,defensif,g1,,-45.040527,281.8579,g7,62.062805,-102.237915,g4,FAN-ZHENDONG,TRULS-MOREGARD,57
TRULS-MOREGARD,49386,49404,garcon,coup_droit,3,att/att,TRULS-MOREGARD,,defensif,m2,,-124.68024,243.5119,h6,21.196594,-125.30075,m4,FAN-ZHENDONG,TRULS-MOREGARD,57
FAN-ZHENDONG,49405,49420,garcon,revers,3,att/att,FAN-ZHENDONG,,offensif,g2,,-113.27057,268.50903,h6,21.196594,-125.30075,m4,FAN-ZHENDONG,TRULS-MOREGARD,57
TRULS-MOREGARD,49421,49430,garcon,revers,3,att/att,TRULS-MOREGARD,,offensif,m3,,-99.29309,359.68408,h8,64.53815,-94.61026,g4,FAN-ZHENDONG,TRULS-MOREGARD,57
FAN-ZHENDONG,49431,49441,garcon,revers,3,att/att,FAN-ZHENDONG,,intermediaire,g2,,-101.82684,353.8321,h8,72.13733,-94.63641,g4,FAN-ZHENDONG,TRULS-MOREGARD,57
TRULS-MOREGARD,49442,49452,garcon,coup_droit,3,att/att,TRULS-MOREGARD,,offensif,d3,,-161.28183,374.04572,i8,67.57117,-148.72952,g4,FAN-ZHENDONG,TRULS-MOREGARD,57
FAN-ZHENDONG,49453,49462,garcon,coup_droit,3,att/att,serveur_point_contre,,offensif,d2,pt_gagne,-181.98157,305.15588,i7,71.97705,-160.52545,g4,FAN-ZHENDONG,TRULS-MOREGARD,57
TRULS-MOREGARD,51795,51830,garcon,coup_droit,4,att/att,TRULS-MOREGARD,lat_droit,,d1,,-48.28546,306.5708,g7,-400,-400,f8,FAN-ZHENDONG,TRULS-MOREGARD,58
FAN-ZHENDONG,51831,51842,garcon,coup_droit,4,att/att,FAN-ZHENDONG,,defensif,g3,,-10.435547,277.60046,m7,-400,-400,f8,FAN-ZHENDONG,TRULS-MOREGARD,58
TRULS-MOREGARD,51843,51859,garcon,revers,4,att/att,TRULS-MOREGARD,,defensif,m1,,-12.9158325,265.25464,m6,-400,-400,f8,FAN-ZHENDONG,TRULS-MOREGARD,58
FAN-ZHENDONG,51860,51871,garcon,revers,4,att/att,FAN-ZHENDONG,,offensif,g3,,-28.731201,287.48438,g7,-400,-400,f8,FAN-ZHENDONG,TRULS-MOREGARD,58
TRULS-MOREGARD,51872,51883,garcon,revers,4,att/att,TRULS-MOREGARD,,offensif,g2,,-47.103516,228.40436,g6,-400,-400,f8,FAN-ZHENDONG,TRULS-MOREGARD,58
FAN-ZHENDONG,51884,51900,garcon,revers,4,att/att,serveur_point_pour,,intermediaire,,out,-104.89911,299.36444,h7,-400,-400,f8,FAN-ZHENDONG,TRULS-MOREGARD,58
TRULS-MOREGARD,52267,52290,garcon,coup_droit,4,att/att,TRULS-MOREGARD,lat_droit,,g3,,-400,-400,f8,-400,-400,f8,FAN-ZHENDONG,TRULS-MOREGARD,59
FAN-ZHENDONG,52291,52298,garcon,revers,4,att/att,FAN-ZHENDONG,,intermediaire,d3,,-59.12799,276.1183,g7,88.49335,-117.6481,h3,FAN-ZHENDONG,TRULS-MOREGARD,59
TRULS-MOREGARD,52299,52311,garcon,coup_droit,4,att/att,TRULS-MOREGARD,,offensif,g3,,-67.96686,316.4192,g7,92.11182,-79.565094,h3,FAN-ZHENDONG,TRULS-MOREGARD,59
FAN-ZHENDONG,52312,52331,garcon,revers,4,att/att,serveur_point_pour,,intermediaire,,out,-5.2491455,388.04852,m8,31.470093,-152.70181,g4,FAN-ZHENDONG,TRULS-MOREGARD,59
FAN-ZHENDONG,52778,52784,garcon,coup_droit,4,att/att,FAN-ZHENDONG,lat_droit,,m2,,-400,-400,f8,-400,-400,f8,FAN-ZHENDONG,TRULS-MOREGARD,60
TRULS-MOREGARD,52785,52798,garcon,revers,4,att/att,TRULS-MOREGARD,,defensif,m3,,-63.096863,273.13318,g6,-400,-400,f8,FAN-ZHENDONG,TRULS-MOREGARD,60
FAN-ZHENDONG,52799,52812,garcon,coup_droit,4,att/att,FAN-ZHENDONG,,offensif,m3,,-80.28735,248.51752,h6,-400,-400,f8,FAN-ZHENDONG,TRULS-MOREGARD,60
TRULS-MOREGARD,52813,52830,garcon,coup_droit,4,att/att,serveur_point_pour,,intermediaire,,out,-96.12604,305.20953,h7,-400,-400,f8,FAN-ZHENDONG,TRULS-MOREGARD,60
FAN-ZHENDONG,53330,53372,garcon,coup_droit,4,att/att,FAN-ZHENDONG,lat_droit,,g2,,88.841675,-140.89484,h4,-76.421326,222.83948,h5,FAN-ZHENDONG,TRULS-MOREGARD,61
TRULS-MOREGARD,53373,53387,garcon,revers,4,att/att,TRULS-MOREGARD,,defensif,g3,,78.742615,-83.27994,h3,-64.650024,273.18433,g6,FAN-ZHENDONG,TRULS-MOREGARD,61
FAN-ZHENDONG,53388,53398,garcon,revers,4,att/att,FAN-ZHENDONG,,intermediaire,m3,,91.03351,-117.6521,h3,-57.241394,343.1422,g8,FAN-ZHENDONG,TRULS-MOREGARD,61
TRULS-MOREGARD,53399,53407,garcon,revers,4,att/att,TRULS-MOREGARD,,offensif,d3,,101.0423,-109.99176,h3,-74.67145,322.7359,g8,FAN-ZHENDONG,TRULS-MOREGARD,61
FAN-ZHENDONG,53408,53420,garcon,coup_droit,4,att/att,FAN-ZHENDONG,,intermediaire,g3,,93.86566,-188.26279,h5,-73.47339,358.6574,g8,FAN-ZHENDONG,TRULS-MOREGARD,61
TRULS-MOREGARD,53421,53429,garcon,revers,4,att/att,TRULS-MOREGARD,,intermediaire,g1,,34.06433,-184.49872,g5,-10.089966,400,m8,FAN-ZHENDONG,TRULS-MOREGARD,61
FAN-ZHENDONG,53430,53445,garcon,revers,4,att/att,FAN-ZHENDONG,,intermediaire,d3,,61.06305,-196.43451,g5,-47.032043,400,g8,FAN-ZHENDONG,TRULS-MOREGARD,61
TRULS-MOREGARD,53446,53460,garcon,coup_droit,4,att/att,serveur_point_pour,,intermediaire,,filet,76.76166,-129.22736,h3,-65.08136,384.76538,g8,FAN-ZHENDONG,TRULS-MOREGARD,61
TRULS-MOREGARD,54203,54238,garcon,coup_droit,4,att/att,TRULS-MOREGARD,lat_droit,,m3,,-70.95166,295.1009,g7,91.81885,-113.80838,h3,FAN-ZHENDONG,TRULS-MOREGARD,62
FAN-ZHENDONG,54239,54249,garcon,revers,4,att/att,serveur_point_contre,,offensif,d3,pt_gagne,-29.970703,302.86682,g7,85.1048,-117.64279,h3,FAN-ZHENDONG,TRULS-MOREGARD,62
TRULS-MOREGARD,54820,54844,garcon,coup_droit,4,att/att,TRULS-MOREGARD,lat_droit,,g1,,94.058716,-45.970825,h3,-69.02069,282.6656,g7,FAN-ZHENDONG,TRULS-MOREGARD,63
FAN-ZHENDONG,54845,54857,garcon,revers,4,att/att,FAN-ZHENDONG,,defensif,m2,,84.09802,-106.12326,h3,-54.811768,263.4809,g6,FAN-ZHENDONG,TRULS-MOREGARD,63
TRULS-MOREGARD,54858,54872,garcon,revers,4,att/att,TRULS-MOREGARD,,intermediaire,g3,,77.15271,-90.85217,h3,-61.68988,294.77972,g7,FAN-ZHENDONG,TRULS-MOREGARD,63
FAN-ZHENDONG,54873,54899,garcon,coup_droit,4,att/att,serveur_point_pour,,intermediaire,,out,61.21576,-102.235535,g4,-70.346985,361.49384,g8,FAN-ZHENDONG,TRULS-MOREGARD,63
FAN-ZHENDONG,55618,55642,garcon,coup_droit,4,att/att,FAN-ZHENDONG,lat_droit,,m2,,-89.54889,210.2785,h5,79.36304,-133.11038,h3,FAN-ZHENDONG,TRULS-MOREGARD,64
TRULS-MOREGARD,55643,55654,garcon,revers,4,att/att,TRULS-MOREGARD,,intermediaire,m3,,-59.56775,260.49445,g6,70.565674,-106.089325,g4,FAN-ZHENDONG,TRULS-MOREGARD,64
FAN-ZHENDONG,55655,55663,garcon,coup_droit,4,att/att,FAN-ZHENDONG,,offensif,d2,,-62.55902,343.3473,g8,28.85205,-176.5144,g4,FAN-ZHENDONG,TRULS-MOREGARD,64
TRULS-MOREGARD,55664,55678,garcon,coup_droit,4,att/att,serveur_point_pour,,intermediaire,,filet,-47.766724,386.94733,g8,37.520935,-164.5524,g4,FAN-ZHENDONG,TRULS-MOREGARD,64
FAN-ZHENDONG,56226,56266,garcon,coup_droit,4,att/att,FAN-ZHENDONG,lat_droit,,m2,,83.35748,-113.79242,h3,-74.051636,222.77106,g5,FAN-ZHENDONG,TRULS-MOREGARD,65
TRULS-MOREGARD,56267,56278,garcon,revers,4,att/att,TRULS-MOREGARD,,offensif,g2,,61.01361,-75.64499,g4,-57.32019,285.3694,g7,FAN-ZHENDONG,TRULS-MOREGARD,65
FAN-ZHENDONG,56279,56286,garcon,revers,4,att/att,FAN-ZHENDONG,,intermediaire,m3,,58.72693,-109.89877,g4,-64.65753,349.39612,g8,FAN-ZHENDONG,TRULS-MOREGARD,65
TRULS-MOREGARD,56287,56307,garcon,coup_droit,4,att/att,serveur_point_pour,,intermediaire,,filet,94.18347,-53.3851,h3,-63.4505,364.17163,g8,FAN-ZHENDONG,TRULS-MOREGARD,65
TRULS-MOREGARD,56878,56897,garcon,coup_droit,4,att/att,TRULS-MOREGARD,lat_droit,,g2,,-68.239136,257.62366,g6,101.88562,-109.99362,h3,FAN-ZHENDONG,TRULS-MOREGARD,66
FAN-ZHENDONG,56898,56905,garcon,revers,4,att/att,FAN-ZHENDONG,,intermediaire,m2,,-58.69232,291.59497,g7,83.51483,-125.35971,h3,FAN-ZHENDONG,TRULS-MOREGARD,66
TRULS-MOREGARD,56906,56915,garcon,revers,4,att/att,TRULS-MOREGARD,,offensif,d3,,-84.75311,320.07172,h8,91.03351,-117.6521,h3,FAN-ZHENDONG,TRULS-MOREGARD,66
FAN-ZHENDONG,56916,56929,garcon,coup_droit,4,att/att,FAN-ZHENDONG,,intermediaire,m3,,-80.007996,388.30536,h8,93.22742,-148.70508,h4,FAN-ZHENDONG,TRULS-MOREGARD,66
TRULS-MOREGARD,56930,56943,garcon,coup_droit,4,att/att,serveur_point_pour,,intermediaire,,filet,70.34601,400,d8,58.9682,-144.81683,g4,FAN-ZHENDONG,TRULS-MOREGARD,66
TRULS-MOREGARD,57443,57486,garcon,coup_droit,4,att/att,TRULS-MOREGARD,lat_droit,,g1,,-70.95166,295.1009,g7,92.479065,-102.32367,h3,FAN-ZHENDONG,TRULS-MOREGARD,67
FAN-ZHENDONG,57487,57501,garcon,revers,4,att/att,FAN-ZHENDONG,,intermediaire,g3,,-72.42175,273.44025,g6,83.14923,-98.48184,h3,FAN-ZHENDONG,TRULS-MOREGARD,67
TRULS-MOREGARD,57502,57508,garcon,revers,4,att/att,TRULS-MOREGARD,,offensif,g2,,-90.45117,270.90442,h6,122.4624,-125.396545,h3,FAN-ZHENDONG,TRULS-MOREGARD,67
FAN-ZHENDONG,57509,57518,garcon,revers,4,att/att,FAN-ZHENDONG,,intermediaire,d3,,-94.96649,353.56256,h8,151.88068,-72.35788,i3,FAN-ZHENDONG,TRULS-MOREGARD,67
TRULS-MOREGARD,57519,57541,garcon,coup_droit,4,att/att,TRULS-MOREGARD,,intermediaire,m2,,-89.37305,379.93298,h8,124.43585,-137.0,h4,FAN-ZHENDONG,TRULS-MOREGARD,67
FAN-ZHENDONG,57542,57556,garcon,coup_droit,4,att/att,FAN-ZHENDONG,,offensif,m3,,-51.013245,348.86328,g8,-72.68524,-336.31512,d8,FAN-ZHENDONG,TRULS-MOREGARD,67
TRULS-MOREGARD,57557,57582,garcon,revers,4,att/att,TRULS-MOREGARD,,intermediaire,g2,,-34.691772,333.30103,g8,-12.897583,-392.78247,m8,FAN-ZHENDONG,TRULS-MOREGARD,67
FAN-ZHENDONG,57583,57595,garcon,coup_droit,4,att/att,FAN-ZHENDONG,,offensif,g3,,-71.763794,245.0816,g6,22.29419,-343.4975,m8,FAN-ZHENDONG,TRULS-MOREGARD,67
TRULS-MOREGARD,57596,57612,garcon,revers,4,att/att,TRULS-MOREGARD,,intermediaire,m2,,-94.30286,252.12286,h6,58.89337,-262.00018,g6,FAN-ZHENDONG,TRULS-MOREGARD,67
FAN-ZHENDONG,57613,57621,garcon,coup_droit,4,att/att,FAN-ZHENDONG,,offensif,d3,,-95.997925,249.00311,h6,116.69275,-208.22906,h5,FAN-ZHENDONG,TRULS-MOREGARD,67
TRULS-MOREGARD,57622,57639,garcon,coup_droit,4,att/att,TRULS-MOREGARD,,intermediaire,d2,,-107.91791,265.1897,h6,99.97101,-192.23785,h5,FAN-ZHENDONG,TRULS-MOREGARD,67
FAN-ZHENDONG,57640,57652,garcon,coup_droit,4,att/att,FAN-ZHENDONG,,intermediaire,d2,,-38.57068,259.82416,g6,71.23834,-172.4032,g4,FAN-ZHENDONG,TRULS-MOREGARD,67
TRULS-MOREGARD,57653,57670,garcon,coup_droit,4,att/att,TRULS-MOREGARD,,intermediaire,d2,,71.68744,302.29285,d7,7.008423,-188.62485,m5,FAN-ZHENDONG,TRULS-MOREGARD,67
FAN-ZHENDONG,57671,57688,garcon,coup_droit,4,att/att,FAN-ZHENDONG,,intermediaire,m3,,99.828064,319.28613,e7,-141.75473,-78.47299,f3,FAN-ZHENDONG,TRULS-MOREGARD,67
TRULS-MOREGARD,57689,57710,garcon,revers,4,att/att,serveur_point_pour,,intermediaire,,out,189.61609,261.75195,f6,-150.76074,-137.0,f4,FAN-ZHENDONG,TRULS-MOREGARD,67
FAN-ZHENDONG,58460,58507,garcon,coup_droit,4,att/att,FAN-ZHENDONG,lat_droit,,g3,,81.56299,-106.11691,h3,-76.52716,219.62018,h5,FAN-ZHENDONG,TRULS-MOREGARD,68
TRULS-MOREGARD,58508,58517,garcon,coup_droit,4,att/att,TRULS-MOREGARD,,offensif,m3,,144.22864,-38.98938,i3,-76.31128,273.56836,h6,FAN-ZHENDONG,TRULS-MOREGARD,68
FAN-ZHENDONG,58518,58528,garcon,coup_droit,4,att/att,serveur_point_pour,,intermediaire,,filet,153.70654,-28.101013,i3,-77.91919,361.7967,h8,FAN-ZHENDONG,TRULS-MOREGARD,68
FAN-ZHENDONG,59206,59238,garcon,coup_droit,4,att/att,FAN-ZHENDONG,lat_droit,,g3,,83.67316,-137.0,h4,-75.841675,216.37231,g5,FAN-ZHENDONG,TRULS-MOREGARD,69
TRULS-MOREGARD,59239,59251,garcon,revers,4,att/att,TRULS-MOREGARD,,intermediaire,g2,,76.489746,-106.10419,h3,-73.977234,273.49146,g6,FAN-ZHENDONG,TRULS-MOREGARD,69
FAN-ZHENDONG,59252,59261,garcon,revers,4,att/att,FAN-ZHENDONG,,offensif,m3,,121.89612,-137.0,h4,-84.63782,344.19885,h8,FAN-ZHENDONG,TRULS-MOREGARD,69
TRULS-MOREGARD,59262,59273,garcon,revers,4,att/att,TRULS-MOREGARD,,intermediaire,g2,,113.58539,-184.19305,h5,-94.03369,338.5573,h8,FAN-ZHENDONG,TRULS-MOREGARD,69
FAN-ZHENDONG,59274,59284,garcon,revers,4,att/att,FAN-ZHENDONG,,offensif,g3,,71.304565,-266.04358,g6,-68.55145,370.27045,g8,FAN-ZHENDONG,TRULS-MOREGARD,69
TRULS-MOREGARD,59285,59295,garcon,revers,4,att/att,serveur_point_pour,,intermediaire,,filet,79.78058,-236.98056,h6,-67.8902,367.29962,g8,FAN-ZHENDONG,TRULS-MOREGARD,69
TRULS-MOREGARD,60323,60351,garcon,coup_droit,4,att/att,TRULS-MOREGARD,lat_droit,,d2,,-400,-400,f8,-400,-400,f8,FAN-ZHENDONG,TRULS-MOREGARD,70
FAN-ZHENDONG,60352,60361,garcon,coup_droit,4,att/att,FAN-ZHENDONG,,offensif,d3,,54.79358,-164.51389,g4,-29.85669,268.92426,g6,FAN-ZHENDONG,TRULS-MOREGARD,70
TRULS-MOREGARD,60362,60371,garcon,coup_droit,4,att/att,TRULS-MOREGARD,,intermediaire,g3,,28.045593,-133.09418,g4,-1.8223267,292.70398,m7,FAN-ZHENDONG,TRULS-MOREGARD,70
FAN-ZHENDONG,60372,60383,garcon,revers,4,att/att,FAN-ZHENDONG,,intermediaire,m3,,-52.98987,-160.76407,d4,4.0438843,349.67267,m8,FAN-ZHENDONG,TRULS-MOREGARD,70
TRULS-MOREGARD,60384,60397,garcon,revers,4,att/att,TRULS-MOREGARD,,intermediaire,m3,,-60.58258,-148.85147,d4,-55.6568,372.6812,g8,FAN-ZHENDONG,TRULS-MOREGARD,70
FAN-ZHENDONG,60398,60411,garcon,coup_droit,4,att/att,FAN-ZHENDONG,,offensif,d2,,77.20026,-241.11456,h6,-95.814575,388.97113,h8,FAN-ZHENDONG,TRULS-MOREGARD,70
TRULS-MOREGARD,60412,60456,garcon,coup_droit,4,att/att,serveur_point_pour,,intermediaire,,filet,77.92395,-303.89084,h7,-83.11261,344.14008,h8,FAN-ZHENDONG,TRULS-MOREGARD,70
TRULS-MOREGARD,61076,61104,garcon,coup_droit,4,att/att,TRULS-MOREGARD,lat_droit,,g1,,-400,-400,f8,-400,-400,f8,FAN-ZHENDONG,TRULS-MOREGARD,71
FAN-ZHENDONG,61105,61118,garcon,revers,4,att/att,FAN-ZHENDONG,,defensif,m2,,78.97925,-102.285614,h3,-400,-400,f8,FAN-ZHENDONG,TRULS-MOREGARD,71
TRULS-MOREGARD,61119,61137,garcon,revers,4,att/att,TRULS-MOREGARD,,intermediaire,m3,,79.31476,-129.22897,h3,-400,-400,f8,FAN-ZHENDONG,TRULS-MOREGARD,71
FAN-ZHENDONG,61138,61152,garcon,revers,4,att/att,FAN-ZHENDONG,,intermediaire,g3,,56.178772,-109.89319,g4,-400,-400,f8,FAN-ZHENDONG,TRULS-MOREGARD,71
TRULS-MOREGARD,61153,61167,garcon,coup_droit,4,att/att,TRULS-MOREGARD,,offensif,g3,,92.187744,-137.0,h4,-400,-400,f8,FAN-ZHENDONG,TRULS-MOREGARD,71
FAN-ZHENDONG,61168,61176,garcon,revers,4,att/att,FAN-ZHENDONG,,intermediaire,g2,,116.31421,-152.59402,h4,-400,-400,f8,FAN-ZHENDONG,TRULS-MOREGARD,71
TRULS-MOREGARD,61177,61186,garcon,revers,4,att/att,TRULS-MOREGARD,,intermediaire,m2,,93.16431,-144.79517,h4,-400,-400,f8,FAN-ZHENDONG,TRULS-MOREGARD,71
FAN-ZHENDONG,61187,61196,garcon,revers,4,att/att,FAN-ZHENDONG,,intermediaire,m3,,116.63861,-129.25253,h3,-400,-400,f8,FAN-ZHENDONG,TRULS-MOREGARD,71
TRULS-MOREGARD,61197,61216,garcon,coup_droit,4,att/att,serveur_point_contre,,intermediaire,m3,pt_gagne,78.606445,-140.89807,h4,-400,-400,f8,FAN-ZHENDONG,TRULS-MOREGARD,71
FAN-ZHENDONG,61946,61988,garcon,coup_droit,4,att/att,FAN-ZHENDONG,lat_droit,,m2,,77.52002,-121.48837,h3,-75.63135,222.81665,g5,FAN-ZHENDONG,TRULS-MOREGARD,72
TRULS-MOREGARD,61989,62008,garcon,revers,4,att/att,TRULS-MOREGARD,,defensif,d2,,62.817444,-90.79846,g4,-62.049194,282.4308,g7,FAN-ZHENDONG,TRULS-MOREGARD,72
FAN-ZHENDONG,62009,62022,garcon,coup_droit,4,att/att,FAN-ZHENDONG,,defensif,g3,,0.0067749023,-188.65405,m5,-46.06012,303.43658,g7,FAN-ZHENDONG,TRULS-MOREGARD,72
TRULS-MOREGARD,62023,62032,garcon,revers,4,att/att,TRULS-MOREGARD,,intermediaire,d3,,16.729736,-164.59879,m4,-38.028442,284.71484,g7,FAN-ZHENDONG,TRULS-MOREGARD,72
FAN-ZHENDONG,62033,62052,garcon,coup_droit,4,att/att,serveur_point_pour,,intermediaire,,out,67.46301,-137.0,g4,-64.04193,319.31293,g7,FAN-ZHENDONG,TRULS-MOREGARD,72
FAN-ZHENDONG,62712,62754,garcon,coup_droit,4,att/att,FAN-ZHENDONG,lat_droit,,m2,,-400,-400,f8,-400,-400,f8,FAN-ZHENDONG,TRULS-MOREGARD,73
TRULS-MOREGARD,62755,62772,garcon,coup_droit,4,att/att,TRULS-MOREGARD,,defensif,g2,,103.71716,-31.318329,h3,-55.336792,272.87762,g6,FAN-ZHENDONG,TRULS-MOREGARD,73
FAN-ZHENDONG,62773,62787,garcon,revers,4,att/att,FAN-ZHENDONG,,intermediaire,g3,,84.15106,-109.95465,h3,-36.64331,348.3022,g8,FAN-ZHENDONG,TRULS-MOREGARD,73
TRULS-MOREGARD,62788,62795,garcon,revers,4,att/att,serveur_point_contre,,intermediaire,d2,pt_gagne,90.48578,-137.0,h4,-54.448975,334.04877,g8,FAN-ZHENDONG,TRULS-MOREGARD,73
TRULS-MOREGARD,63452,63477,garcon,coup_droit,4,att/att,TRULS-MOREGARD,lat_droit,,d1,,-400,-400,f8,-400,-400,f8,FAN-ZHENDONG,TRULS-MOREGARD,74
FAN-ZHENDONG,63478,63490,garcon,coup_droit,4,att/att,FAN-ZHENDONG,,defensif,d3,,-24.999146,281.18292,m7,47.737427,-125.32587,g4,FAN-ZHENDONG,TRULS-MOREGARD,74
TRULS-MOREGARD,63491,63504,garcon,coup_droit,4,att/att,TRULS-MOREGARD,,intermediaire,g3,,11.045044,276.88232,m7,47.737427,-125.32587,g4,FAN-ZHENDONG,TRULS-MOREGARD,74
FAN-ZHENDONG,63505,63522,garcon,revers,4,att/att,serveur_point_pour,,intermediaire,,out,21.39746,384.03412,m8,-21.735962,-117.47473,m4,FAN-ZHENDONG,TRULS-MOREGARD,74
TRULS-MOREGARD,64022,64038,garcon,coup_droit,4,att/att,TRULS-MOREGARD,lat_droit,,d2,,-400,-400,f8,-400,-400,f8,FAN-ZHENDONG,TRULS-MOREGARD,75
FAN-ZHENDONG,64039,64053,garcon,coup_droit,4,att/att,FAN-ZHENDONG,,offensif,d3,,-400,-400,f8,-33.533386,278.37262,g7,FAN-ZHENDONG,TRULS-MOREGARD,75
TRULS-MOREGARD,64054,64072,garcon,coup_droit,4,att/att,serveur_point_pour,,intermediaire,,out,-400,-400,f8,-14.189636,283.906,m7,FAN-ZHENDONG,TRULS-MOREGARD,75
FAN-ZHENDONG,64869,64900,garcon,coup_droit,4,att/att,FAN-ZHENDONG,lat_droit,,g2,,-83.08154,213.34113,h5,101.32587,-125.37656,h3,FAN-ZHENDONG,TRULS-MOREGARD,76
TRULS-MOREGARD,64901,64912,garcon,revers,4,att/att,TRULS-MOREGARD,,defensif,m1,,-64.095825,291.78094,g7,90.55481,-87.11301,h3,FAN-ZHENDONG,TRULS-MOREGARD,76
FAN-ZHENDONG,64913,64928,garcon,coup_droit,4,att/att,FAN-ZHENDONG,,defensif,g3,,-56.37799,291.51526,g7,80.91632,-121.492645,h3,FAN-ZHENDONG,TRULS-MOREGARD,76
TRULS-MOREGARD,64929,64941,garcon,revers,4,att/att,TRULS-MOREGARD,,defensif,m1,,-40.901184,294.05896,g7,92.923645,-27.56015,h3,FAN-ZHENDONG,TRULS-MOREGARD,76
FAN-ZHENDONG,64942,64961,garcon,coup_droit,4,att/att,FAN-ZHENDONG,,defensif,m2,,-62.101685,307.06348,g7,87.4765,-106.131744,h3,FAN-ZHENDONG,TRULS-MOREGARD,76
TRULS-MOREGARD,64962,64971,garcon,coup_droit,4,att/att,TRULS-MOREGARD,,offensif,d2,,-47.976013,288.1421,g7,114.51782,-72.16055,h3,FAN-ZHENDONG,TRULS-MOREGARD,76
FAN-ZHENDONG,64972,64981,garcon,coup_droit,4,att/att,FAN-ZHENDONG,,intermediaire,g2,,-20.095215,344.6855,m8,80.57739,-31.119293,h3,FAN-ZHENDONG,TRULS-MOREGARD,76
TRULS-MOREGARD,64982,65006,garcon,coup_droit,4,att/att,serveur_point_pour,,intermediaire,,out,45.168335,342.15265,d8,81.65216,-49.5856,h3,FAN-ZHENDONG,TRULS-MOREGARD,76
FAN-ZHENDONG,67130,67183,garcon,coup_droit,5,att/att,FAN-ZHENDONG,lat_droit,,m2,,-74.448364,282.8484,g7,89.678406,-31.19757,h3,FAN-ZHENDONG,TRULS-MOREGARD,77
TRULS-MOREGARD,67184,67198,garcon,revers,5,att/att,TRULS-MOREGARD,,intermediaire,d3,,-63.741028,251.17041,g6,67.70209,-71.9133,g4,FAN-ZHENDONG,TRULS-MOREGARD,77
FAN-ZHENDONG,67199,67211,garcon,coup_droit,5,att/att,FAN-ZHENDONG,,offensif,m2,,-69.31189,273.33783,g6,75.68799,-109.936035,g4,FAN-ZHENDONG,TRULS-MOREGARD,77
TRULS-MOREGARD,67212,67222,garcon,revers,5,att/att,TRULS-MOREGARD,,intermediaire,g3,,-42.68976,348.53827,g8,87.080444,-137.0,h4,FAN-ZHENDONG,TRULS-MOREGARD,77
FAN-ZHENDONG,67223,67231,garcon,revers,5,att/att,FAN-ZHENDONG,,intermediaire,g2,,-58.157593,400,g8,64.338806,-172.42303,g4,FAN-ZHENDONG,TRULS-MOREGARD,77
TRULS-MOREGARD,67232,67245,garcon,revers,5,att/att,TRULS-MOREGARD,,intermediaire,m3,,-100.02985,400,h8,96.04523,-113.816345,h3,FAN-ZHENDONG,TRULS-MOREGARD,77
FAN-ZHENDONG,67246,67256,garcon,revers,5,att/att,FAN-ZHENDONG,,offensif,g3,,-135.21362,400,i8,72.66943,-144.80817,g4,FAN-ZHENDONG,TRULS-MOREGARD,77
TRULS-MOREGARD,67257,67278,garcon,revers,5,att/att,serveur_point_pour,,intermediaire,,out,-98.932495,400,h8,67.78955,-172.41312,g4,FAN-ZHENDONG,TRULS-MOREGARD,77
FAN-ZHENDONG,67598,67640,garcon,coup_droit,5,att/att,FAN-ZHENDONG,lat_droit,,m2,,90.56354,-34.878784,h3,-89.98212,283.37152,h7,FAN-ZHENDONG,TRULS-MOREGARD,78
TRULS-MOREGARD,67641,67661,garcon,coup_droit,5,att/att,serveur_point_pour,,defensif,,out,69.56763,-90.82376,g4,-106.78607,217.24939,h5,FAN-ZHENDONG,TRULS-MOREGARD,78
TRULS-MOREGARD,68031,68070,garcon,coup_droit,5,att/att,TRULS-MOREGARD,lat_droit,,m2,,-400,-400,f8,-400,-400,f8,FAN-ZHENDONG,TRULS-MOREGARD,79
FAN-ZHENDONG,68071,68085,garcon,revers,5,att/att,FAN-ZHENDONG,,offensif,g2,,-74.21979,241.97784,g6,53.714783,-125.33151,g4,FAN-ZHENDONG,TRULS-MOREGARD,79
TRULS-MOREGARD,68086,68097,garcon,coup_droit,5,att/att,TRULS-MOREGARD,,offensif,g2,,-120.435974,299.90698,h7,59.82544,-144.81631,g4,FAN-ZHENDONG,TRULS-MOREGARD,79
FAN-ZHENDONG,68098,68105,garcon,revers,5,att/att,FAN-ZHENDONG,,intermediaire,m2,,-145.81705,306.96918,i7,74.68524,-172.39331,g4,FAN-ZHENDONG,TRULS-MOREGARD,79
TRULS-MOREGARD,68106,68123,garcon,coup_droit,5,att/att,serveur_point_pour,,intermediaire,,out,-125.609436,321.56848,h8,125.28223,-137.0,h4,FAN-ZHENDONG,TRULS-MOREGARD,79
TRULS-MOREGARD,70102,70125,garcon,coup_droit,5,att/att,TRULS-MOREGARD,lat_gauche,,d2,,-400,-400,f8,-400,-400,f8,FAN-ZHENDONG,TRULS-MOREGARD,80
FAN-ZHENDONG,70126,70141,garcon,coup_droit,5,att/att,FAN-ZHENDONG,,defensif,g2,,-400,-400,f8,-57.75006,269.83575,g6,FAN-ZHENDONG,TRULS-MOREGARD,80
TRULS-MOREGARD,70142,70154,garcon,coup_droit,5,att/att,TRULS-MOREGARD,,offensif,g3,,-400,-400,f8,-127.69269,246.7962,i6,FAN-ZHENDONG,TRULS-MOREGARD,80
FAN-ZHENDONG,70155,70170,garcon,revers,5,att/att,serveur_point_pour,,intermediaire,,filet,-400,-400,f8,-158.86807,257.31757,i6,FAN-ZHENDONG,TRULS-MOREGARD,80
FAN-ZHENDONG,70620,70664,garcon,coup_droit,5,att/att,FAN-ZHENDONG,lat_droit,,d1,,-76.88025,279.82172,h7,90.505066,-31.204681,h3,FAN-ZHENDONG,TRULS-MOREGARD,81
TRULS-MOREGARD,70665,70678,garcon,coup_droit,5,att/att,TRULS-MOREGARD,,defensif,d2,,-42.03485,244.17023,g6,51.614563,-220.81195,g5,FAN-ZHENDONG,TRULS-MOREGARD,81
FAN-ZHENDONG,70679,70691,garcon,coup_droit,5,att/att,FAN-ZHENDONG,,defensif,g2,,10.7473755,233.06183,m6,9.375427,-94.42056,m4,FAN-ZHENDONG,TRULS-MOREGARD,81
TRULS-MOREGARD,70692,70709,garcon,revers,5,att/att,TRULS-MOREGARD,,intermediaire,m3,,38.44409,345.37012,d8,-52.71338,-148.844,d4,FAN-ZHENDONG,TRULS-MOREGARD,81
FAN-ZHENDONG,70710,70722,garcon,coup_droit,5,att/att,FAN-ZHENDONG,,offensif,d2,,-24.890686,329.9309,m8,80.51221,-156.57013,h4,FAN-ZHENDONG,TRULS-MOREGARD,81
TRULS-MOREGARD,70723,70745,garcon,coup_droit,5,att/att,TRULS-MOREGARD,,intermediaire,m3,,-54.152527,372.61957,g8,120.11133,-133.12326,h3,FAN-ZHENDONG,TRULS-MOREGARD,81
FAN-ZHENDONG,70746,70760,garcon,coup_droit,5,att/att,FAN-ZHENDONG,,offensif,d2,,79.73578,400,e8,14.187256,-152.72375,m4,FAN-ZHENDONG,TRULS-MOREGARD,81
TRULS-MOREGARD,70761,70785,garcon,coup_droit,5,att/att,serveur_point_pour,,intermediaire,,out,27.518066,400,d8,16.729736,-164.59879,m4,FAN-ZHENDONG,TRULS-MOREGARD,81
FAN-ZHENDONG,71185,71229,garcon,coup_droit,5,att/att,FAN-ZHENDONG,lat_droit,,d2,,-86.87225,283.26678,h7,90.56354,-34.878784,h3,FAN-ZHENDONG,TRULS-MOREGARD,82
TRULS-MOREGARD,71230,71240,garcon,coup_droit,5,att/att,TRULS-MOREGARD,,defensif,g3,,-30.569336,272.062,g6,52.00757,-125.329895,g4,FAN-ZHENDONG,TRULS-MOREGARD,82
FAN-ZHENDONG,71241,71253,garcon,revers,5,att/att,FAN-ZHENDONG,,intermediaire,m2,,-18.714233,240.29034,m6,34.912598,-133.09634,g4,FAN-ZHENDONG,TRULS-MOREGARD,82
TRULS-MOREGARD,71254,71270,garcon,revers,5,att/att,TRULS-MOREGARD,,intermediaire,g3,,-64.68329,297.96014,g7,75.19086,-140.89914,g4,FAN-ZHENDONG,TRULS-MOREGARD,82
FAN-ZHENDONG,71271,71285,garcon,revers,5,att/att,FAN-ZHENDONG,,offensif,m2,,-64.960815,288.7226,g7,37.55664,-196.54782,g5,FAN-ZHENDONG,TRULS-MOREGARD,82
TRULS-MOREGARD,71286,71305,garcon,revers,5,att/att,serveur_point_pour,,intermediaire,,out,-71.28107,379.18365,g8,41.907288,-192.49881,g5,FAN-ZHENDONG,TRULS-MOREGARD,82
TRULS-MOREGARD,71843,71848,garcon,coup_droit,5,att/att,TRULS-MOREGARD,lat_droit,,d2,,-400,-400,f8,-400,-400,f8,FAN-ZHENDONG,TRULS-MOREGARD,83
FAN-ZHENDONG,71849,71860,garcon,coup_droit,5,att/att,FAN-ZHENDONG,,defensif,g1,,-400,-400,f8,-30.556396,312.02368,g7,FAN-ZHENDONG,TRULS-MOREGARD,83
TRULS-MOREGARD,71861,71875,garcon,coup_droit,5,att/att,TRULS-MOREGARD,,defensif,d2,,-400,-400,f8,-47.594666,303.49097,g7,FAN-ZHENDONG,TRULS-MOREGARD,83
FAN-ZHENDONG,71876,71892,garcon,coup_droit,5,att/att,FAN-ZHENDONG,,defensif,g2,,-400,-400,f8,-35.91327,275.34802,g7,FAN-ZHENDONG,TRULS-MOREGARD,83
TRULS-MOREGARD,71893,71902,garcon,revers,5,att/att,TRULS-MOREGARD,,intermediaire,m2,,-400,-400,f8,-55.18976,306.81702,g7,FAN-ZHENDONG,TRULS-MOREGARD,83
FAN-ZHENDONG,71903,71922,garcon,coup_droit,5,att/att,FAN-ZHENDONG,,intermediaire,m2,,-400,-400,f8,-67.862915,294.99377,g7,FAN-ZHENDONG,TRULS-MOREGARD,83
TRULS-MOREGARD,71923,71941,garcon,revers,5,att/att,serveur_point_pour,,intermediaire,,out,-400,-400,f8,-90.09363,341.411,h8,FAN-ZHENDONG,TRULS-MOREGARD,83
TRULS-MOREGARD,72332,72355,garcon,coup_droit,5,att/att,TRULS-MOREGARD,lat_droit,,g3,,-400,-400,f8,-400,-400,f8,FAN-ZHENDONG,TRULS-MOREGARD,84
FAN-ZHENDONG,72356,72366,garcon,revers,5,att/att,FAN-ZHENDONG,,intermediaire,g2,,-75.636536,270.4203,g6,54.5459,-121.45944,g4,FAN-ZHENDONG,TRULS-MOREGARD,84
TRULS-MOREGARD,72367,72375,garcon,revers,5,att/att,TRULS-MOREGARD,,intermediaire,m2,,-90.59833,308.0796,h7,76.0,-137.0,h4,FAN-ZHENDONG,TRULS-MOREGARD,84
FAN-ZHENDONG,72376,72397,garcon,coup_droit,5,att/att,FAN-ZHENDONG,,defensif,d1,,-99.39905,242.74329,h6,72.01807,-164.47546,g4,FAN-ZHENDONG,TRULS-MOREGARD,84
TRULS-MOREGARD,72398,72417,garcon,coup_droit,5,att/att,TRULS-MOREGARD,,offensif,d3,,-86.54913,270.77692,h6,37.574768,-212.75244,g5,FAN-ZHENDONG,TRULS-MOREGARD,84
FAN-ZHENDONG,72418,72431,garcon,coup_droit,5,att/att,serveur_point_contre,,offensif,d3,pt_gagne,30.894714,235.6239,d6,-56.08441,-217.43066,d5,FAN-ZHENDONG,TRULS-MOREGARD,84
FAN-ZHENDONG,73018,73048,garcon,coup_droit,5,att/att,FAN-ZHENDONG,lat_droit,,g1,,-88.54242,280.2116,h7,95.59003,-38.60013,h3,FAN-ZHENDONG,TRULS-MOREGARD,85
TRULS-MOREGARD,73049,73061,garcon,revers,5,att/att,TRULS-MOREGARD,,defensif,m3,,-68.92261,260.7931,g6,63.66162,-90.801636,g4,FAN-ZHENDONG,TRULS-MOREGARD,85
FAN-ZHENDONG,73062,73078,garcon,coup_droit,5,att/att,FAN-ZHENDONG,,intermediaire,g2,,-78.7525,270.52216,h6,69.02106,-121.47766,g4,FAN-ZHENDONG,TRULS-MOREGARD,85
TRULS-MOREGARD,73079,73084,garcon,revers,5,att/att,serveur_point_contre,,offensif,d3,pt_gagne,-84.86383,317.03412,h7,95.078064,-57.1091,h3,FAN-ZHENDONG,TRULS-MOREGARD,85
FAN-ZHENDONG,73619,73667,garcon,coup_droit,5,att/att,FAN-ZHENDONG,lat_droit,,m2,,-73.77405,279.7179,g7,89.73596,-34.871887,h3,FAN-ZHENDONG,TRULS-MOREGARD,86
TRULS-MOREGARD,73668,73679,garcon,coup_droit,5,att/att,TRULS-MOREGARD,,defensif,g2,,-92.791016,229.74652,h6,52.881775,-129.21228,g4,FAN-ZHENDONG,TRULS-MOREGARD,86
FAN-ZHENDONG,73680,73696,garcon,revers,5,att/att,FAN-ZHENDONG,,defensif,m3,,-51.978027,222.13397,g5,51.40045,-176.44232,g4,FAN-ZHENDONG,TRULS-MOREGARD,86
TRULS-MOREGARD,73697,73709,garcon,revers,5,att/att,TRULS-MOREGARD,,intermediaire,g3,,-63.769592,328.37885,g8,97.86969,-121.51401,h3,FAN-ZHENDONG,TRULS-MOREGARD,86
FAN-ZHENDONG,73710,73719,garcon,revers,5,att/att,FAN-ZHENDONG,,offensif,m2,,-48.209045,309.6178,g7,71.77344,-140.90024,g4,FAN-ZHENDONG,TRULS-MOREGARD,86
TRULS-MOREGARD,73720,73735,garcon,revers,5,att/att,serveur_point_pour,,intermediaire,,out,-79.74817,352.96466,h8,72.18286,-180.35977,g4,FAN-ZHENDONG,TRULS-MOREGARD,86
TRULS-MOREGARD,74143,74168,garcon,coup_droit,5,att/att,TRULS-MOREGARD,lat_droit,,d2,,-76.421326,222.83948,h5,61.599182,-152.66351,g4,FAN-ZHENDONG,TRULS-MOREGARD,87
FAN-ZHENDONG,74169,74184,garcon,coup_droit,5,att/att,FAN-ZHENDONG,,defensif,g2,,-56.547363,285.34314,g7,58.006653,-129.21552,g4,FAN-ZHENDONG,TRULS-MOREGARD,87
TRULS-MOREGARD,74185,74192,garcon,revers,5,att/att,TRULS-MOREGARD,,offensif,g3,,-45.96234,275.68146,g7,58.006653,-129.21552,g4,FAN-ZHENDONG,TRULS-MOREGARD,87
FAN-ZHENDONG,74193,74201,garcon,revers,5,att/att,serveur_point_contre,,offensif,d3,pt_gagne,-74.21979,241.97784,g6,75.95514,-133.10931,g4,FAN-ZHENDONG,TRULS-MOREGARD,87
TRULS-MOREGARD,74585,74611,garcon,coup_droit,5,att/att,TRULS-MOREGARD,lat_gauche,,g3,,-72.49829,196.78247,g5,61.599182,-152.66351,g4,FAN-ZHENDONG,TRULS-MOREGARD,88
FAN-ZHENDONG,74612,74623,garcon,revers,5,att/att,FAN-ZHENDONG,,intermediaire,g3,,-71.98718,213.02954,g5,40.100525,-156.63437,g4,FAN-ZHENDONG,TRULS-MOREGARD,88
TRULS-MOREGARD,74624,74633,garcon,revers,5,att/att,TRULS-MOREGARD,,intermediaire,m2,,-98.04407,296.04022,h7,77.70599,-137.0,h4,FAN-ZHENDONG,TRULS-MOREGARD,88
FAN-ZHENDONG,74634,74659,garcon,revers,5,att/att,FAN-ZHENDONG,,defensif,m2,,-96.0838,286.68457,h7,59.104187,-164.50427,g4,FAN-ZHENDONG,TRULS-MOREGARD,88
TRULS-MOREGARD,74660,74677,garcon,coup_droit,5,att/att,TRULS-MOREGARD,,defensif,d2,,-95.36383,203.93005,h5,39.31372,-204.62311,g5,FAN-ZHENDONG,TRULS-MOREGARD,88
FAN-ZHENDONG,74678,74703,garcon,coup_droit,5,att/att,FAN-ZHENDONG,,defensif,g2,,-64.929504,263.80646,g6,42.84912,-220.87149,g5,FAN-ZHENDONG,TRULS-MOREGARD,88
TRULS-MOREGARD,74704,74780,garcon,coup_droit,5,att/att,serveur_point_contre,,defensif,d1,pt_gagne,-10.91217,299.14008,m7,-12.021118,-168.64844,m4,FAN-ZHENDONG,TRULS-MOREGARD,88
FAN-ZHENDONG,75871,75877,garcon,coup_droit,5,att/att,FAN-ZHENDONG,lat_droit,,m2,,-62.5932,263.73126,g6,77.94855,-87.06186,h3,FAN-ZHENDONG,TRULS-MOREGARD,89
TRULS-MOREGARD,75878,75889,garcon,revers,5,att/att,TRULS-MOREGARD,,intermediaire,m3,,-52.31653,269.6582,g6,53.629517,-109.88757,g4,FAN-ZHENDONG,TRULS-MOREGARD,89
FAN-ZHENDONG,75890,75900,garcon,coup_droit,5,att/att,FAN-ZHENDONG,,intermediaire,g3,,-51.220093,282.06604,g7,52.145874,-152.67554,g4,FAN-ZHENDONG,TRULS-MOREGARD,89
TRULS-MOREGARD,75901,75917,garcon,revers,5,att/att,serveur_point_pour,,intermediaire,,out,-56.22119,325.07898,g8,66.16913,-184.37534,g5,FAN-ZHENDONG,TRULS-MOREGARD,89
FAN-ZHENDONG,76275,76281,garcon,coup_droit,5,att/att,FAN-ZHENDONG,lat_droit,,m2,,-60.435974,257.37653,g6,78.55878,-137.0,h4,FAN-ZHENDONG,TRULS-MOREGARD,90
TRULS-MOREGARD,76282,76293,garcon,coup_droit,5,att/att,TRULS-MOREGARD,,defensif,d3,,-55.14801,250.90259,g6,52.922974,-137.0,g4,FAN-ZHENDONG,TRULS-MOREGARD,90
FAN-ZHENDONG,76294,76304,garcon,coup_droit,5,att/att,FAN-ZHENDONG,,intermediaire,d2,,-18.32013,265.42993,m6,17.478943,-192.60858,m5,FAN-ZHENDONG,TRULS-MOREGARD,90
TRULS-MOREGARD,76305,76313,garcon,coup_droit,5,att/att,serveur_point_contre,,offensif,g3,pt_gagne,-7.401184,335.25757,m8,-25.985535,-113.58624,d4,FAN-ZHENDONG,TRULS-MOREGARD,90
TRULS-MOREGARD,76645,76658,garcon,coup_droit,5,att/att,TRULS-MOREGARD,lat_droit,,g2,,-96.579834,213.72021,h5,-400,-400,f8,FAN-ZHENDONG,TRULS-MOREGARD,91
FAN-ZHENDONG,76659,76676,garcon,revers,5,att/att,FAN-ZHENDONG,,defensif,g2,,-71.0647,267.14032,g6,-400,-400,f8,FAN-ZHENDONG,TRULS-MOREGARD,91
TRULS-MOREGARD,76677,76686,garcon,revers,5,att/att,TRULS-MOREGARD,,intermediaire,m3,,-73.3006,270.344,g6,-400,-400,f8,FAN-ZHENDONG,TRULS-MOREGARD,91
FAN-ZHENDONG,76687,76710,garcon,revers,5,att/att,serveur_point_pour,,intermediaire,,filet,-81.43378,283.08362,h7,-400,-400,f8,FAN-ZHENDONG,TRULS-MOREGARD,91
TRULS-MOREGARD,77050,77074,garcon,coup_droit,5,att/att,TRULS-MOREGARD,lat_droit,,d3,,-80.702515,213.27429,h5,66.43439,-117.6134,g4,FAN-ZHENDONG,TRULS-MOREGARD,92
FAN-ZHENDONG,77075,77084,garcon,coup_droit,5,att/att,FAN-ZHENDONG,,intermediaire,g3,,-65.89722,257.5495,g6,40.843933,-98.34943,g4,FAN-ZHENDONG,TRULS-MOREGARD,92
TRULS-MOREGARD,77085,77095,garcon,revers,5,att/att,TRULS-MOREGARD,,intermediaire,m3,,-50.429016,312.74207,g7,21.170898,-133.09201,m4,FAN-ZHENDONG,TRULS-MOREGARD,92
FAN-ZHENDONG,77096,77124,garcon,revers,5,att/att,serveur_point_pour,,intermediaire,,filet,-66.71393,307.2279,g7,45.286926,-160.57642,g4,FAN-ZHENDONG,TRULS-MOREGARD,92
FAN-ZHENDONG,77664,77700,garcon,coup_droit,5,att/att,FAN-ZHENDONG,lat_droit,,m2,,-73.67267,282.82227,g7,90.56354,-34.878784,h3,FAN-ZHENDONG,TRULS-MOREGARD,93
TRULS-MOREGARD,77701,77711,garcon,coup_droit,5,att/att,TRULS-MOREGARD,,defensif,m2,,-41.041504,253.6156,g6,58.83362,-125.336365,g4,FAN-ZHENDONG,TRULS-MOREGARD,93
FAN-ZHENDONG,77712,77727,garcon,coup_droit,5,att/att,FAN-ZHENDONG,,defensif,g3,,-22.183167,265.55518,m6,39.18219,-121.440094,g4,FAN-ZHENDONG,TRULS-MOREGARD,93
TRULS-MOREGARD,77728,77738,garcon,revers,5,att/att,TRULS-MOREGARD,,intermediaire,g3,,-64.68329,297.96014,g7,39.18219,-121.440094,g4,FAN-ZHENDONG,TRULS-MOREGARD,93
FAN-ZHENDONG,77739,77750,garcon,revers,5,att/att,serveur_point_pour,,offensif,,filet,-89.44391,338.38245,h8,72.58661,-137.0,g4,FAN-ZHENDONG,TRULS-MOREGARD,93
FAN-ZHENDONG,78638,78664,garcon,coup_droit,5,att/att,FAN-ZHENDONG,lat_droit,,d2,,92.58154,-57.092865,h3,-77.08942,273.594,h6,FAN-ZHENDONG,TRULS-MOREGARD,94
TRULS-MOREGARD,78665,78675,garcon,coup_droit,5,att/att,TRULS-MOREGARD,,defensif,g3,,46.9834,-152.6821,g4,-18.36908,262.3083,m6,FAN-ZHENDONG,TRULS-MOREGARD,94
FAN-ZHENDONG,78676,78686,garcon,revers,5,att/att,FAN-ZHENDONG,,intermediaire,m2,,24.69159,-98.29889,m4,-2.9605103,258.68732,m6,FAN-ZHENDONG,TRULS-MOREGARD,94
TRULS-MOREGARD,78687,78699,garcon,revers,5,att/att,TRULS-MOREGARD,,intermediaire,m3,,75.82117,-121.48624,g4,-67.09094,294.96698,g7,FAN-ZHENDONG,TRULS-MOREGARD,94
FAN-ZHENDONG,78700,78721,garcon,coup_droit,5,att/att,FAN-ZHENDONG,,defensif,m3,,63.253113,-144.81412,g4,-99.889465,326.7,h8,FAN-ZHENDONG,TRULS-MOREGARD,94
TRULS-MOREGARD,78722,78731,garcon,coup_droit,5,att/att,serveur_point_contre,,offensif,d3,pt_gagne,49.548035,-148.74667,g4,-98.99158,233.13837,h6,FAN-ZHENDONG,TRULS-MOREGARD,94
TRULS-MOREGARD,79441,79460,garcon,coup_droit,5,att/att,TRULS-MOREGARD,lat_gauche,,g3,,-89.86658,223.22754,h5,63.572266,-184.38531,g5,FAN-ZHENDONG,TRULS-MOREGARD,95
FAN-ZHENDONG,79461,79469,garcon,revers,5,att/att,serveur_point_contre,,offensif,d2,pt_gagne,-81.2912,242.19281,h6,65.052795,-56.914,g4,FAN-ZHENDONG,TRULS-MOREGARD,95
