nom,debut,fin,genre,lateralite,set,systeme,coup,type_service,type_coup,zone_jeu,faute,effet_coup,coor_balle_x,coor_balle_y,coor_balle_z,joueur_frappe,joueur_sur
ALEXIS-LEBRUN,63,112,garcon,coup_droit,1,att/att,serveur_point_contre,lat_droit,,g2,pt_gagne,,,,,ALEXIS-LEBRUN,FAN-ZHENDONG
ALEXIS-LEBRUN,395,430,garcon,coup_droit,1,att/att,ALEXIS-LEBRUN,lat_droit,,d2,,,29.510773849487304,58.7541810353597,2,ALEXIS-LEBRUN,FAN-ZHENDONG
FAN-ZHENDONG,431,442,garcon,coup_droit,1,att/att,FAN-ZHENDONG,,defensif,g3,,poussette,43.98161087036133,-111.61393259366353,2,FAN-ZHENDONG,ALEXIS-LEBRUN
ALEXIS-LEBRUN,443,454,garcon,coup_droit,1,att/att,ALEXIS-LEBRUN,,offensif,d3,,topspin,52.393914794921876,108.46078961690267,2,ALEXIS-LEBRUN,FAN-ZHENDONG
FAN-ZHENDONG,455,472,garcon,coup_droit,1,att/att,serveur_point_pour,,intermediaire,,filet,bloc,,,,FAN-ZHENDONG,ALEXIS-LEBRUN
FAN-ZHENDONG,796,832,garcon,coup_droit,1,att/att,FAN-ZHENDONG,lat_droit,,g3,,,69.92502136230469,-114.39086351394653,2,FAN-ZHENDONG,ALEXIS-LEBRUN
ALEXIS-LEBRUN,833,841,garcon,revers,1,att/att,ALEXIS-LEBRUN,,offensif,g3,,topspin,-26.652779388427735,102.81534411112467,2,ALEXIS-LEBRUN,FAN-ZHENDONG
FAN-ZHENDONG,842,850,garcon,revers,1,att/att,FAN-ZHENDONG,,offensif,g3,,bloc,30.450967407226564,-102.5556901137034,2,FAN-ZHENDONG,ALEXIS-LEBRUN
ALEXIS-LEBRUN,851,867,garcon,revers,1,att/att,serveur_point_pour,,offensif,,out,topspin,,,,ALEXIS-LEBRUN,FAN-ZHENDONG
FAN-ZHENDONG,1089,1111,garcon,coup_droit,1,att/att,FAN-ZHENDONG,lat_droit,,g2,,,44.45914764404297,-53.16686757405599,2,FAN-ZHENDONG,ALEXIS-LEBRUN
ALEXIS-LEBRUN,1112,1123,garcon,revers,1,att/att,ALEXIS-LEBRUN,,defensif,m2,,poussette,3.27977294921875,51.63512217203776,2,ALEXIS-LEBRUN,FAN-ZHENDONG
FAN-ZHENDONG,1124,1140,garcon,coup_droit,1,att/att,FAN-ZHENDONG,,defensif,m2,,poussette,-10.106818008422852,-51.64416338602702,2,FAN-ZHENDONG,ALEXIS-LEBRUN
ALEXIS-LEBRUN,1141,1159,garcon,coup_droit,1,att/att,serveur_point_pour,,defensif,,filet,poussette,,,,ALEXIS-LEBRUN,FAN-ZHENDONG
ALEXIS-LEBRUN,1398,1416,garcon,coup_droit,1,att/att,ALEXIS-LEBRUN,lat_droit,,d2,,,45.344604873657225,55.20575714111328,2,ALEXIS-LEBRUN,FAN-ZHENDONG
FAN-ZHENDONG,1417,1426,garcon,coup_droit,1,att/att,FAN-ZHENDONG,,intermediaire,d3,,flip,-36.49056892395019,-92.19078534444174,2,FAN-ZHENDONG,ALEXIS-LEBRUN
ALEXIS-LEBRUN,1427,1438,garcon,coup_droit,1,att/att,ALEXIS-LEBRUN,,offensif,m3,,topspin,-24.113005065917967,95.25554784138997,2,ALEXIS-LEBRUN,FAN-ZHENDONG
FAN-ZHENDONG,1439,1452,garcon,revers,1,att/att,FAN-ZHENDONG,,intermediaire,g2,,bloc,70.22741928100587,-74.84259017308553,2,FAN-ZHENDONG,ALEXIS-LEBRUN
ALEXIS-LEBRUN,1453,1473,garcon,revers,1,att/att,serveur_point_contre,,defensif,g1,pt_gagne,coupe,-76,32.03643557230632,2,ALEXIS-LEBRUN,FAN-ZHENDONG
ALEXIS-LEBRUN,1746,1783,garcon,coup_droit,1,att/att,ALEXIS-LEBRUN,lat_droit,,m2,,,5.825048446655273,62.84734242757161,2,ALEXIS-LEBRUN,FAN-ZHENDONG
FAN-ZHENDONG,1784,1798,garcon,revers,1,att/att,serveur_point_contre,,offensif,d3,pt_gagne,flip,-75.86837891712784,-124.56710806687673,2,FAN-ZHENDONG,ALEXIS-LEBRUN
FAN-ZHENDONG,2373,2391,garcon,coup_droit,1,att/att,FAN-ZHENDONG,lat_droit,,g3,,,52.71953506469727,-123.78399456342062,2,FAN-ZHENDONG,ALEXIS-LEBRUN
ALEXIS-LEBRUN,2392,2411,garcon,revers,1,att/att,serveur_point_pour,,offensif,,filet,topspin,,,,ALEXIS-LEBRUN,FAN-ZHENDONG
FAN-ZHENDONG,2720,2758,garcon,coup_droit,1,att/att,FAN-ZHENDONG,lat_droit,,g2,,,48.84285202026367,-59.574309730529784,2,FAN-ZHENDONG,ALEXIS-LEBRUN
ALEXIS-LEBRUN,2759,2780,garcon,revers,1,att/att,ALEXIS-LEBRUN,,defensif,g3,,poussette,-26.49754695892334,118.92203165690104,2,ALEXIS-LEBRUN,FAN-ZHENDONG
FAN-ZHENDONG,2781,2791,garcon,revers,1,att/att,FAN-ZHENDONG,,offensif,m2,,topspin,-0.34230499267578124,-76.66341489156088,2,FAN-ZHENDONG,ALEXIS-LEBRUN
ALEXIS-LEBRUN,2792,2804,garcon,coup_droit,1,att/att,ALEXIS-LEBRUN,,offensif,m3,,topspin,3.778517150878906,106.91836547851562,2,ALEXIS-LEBRUN,FAN-ZHENDONG
FAN-ZHENDONG,2805,2813,garcon,revers,1,att/att,FAN-ZHENDONG,,offensif,g3,,bloc,72.17979278564454,-93.01998138427734,2,FAN-ZHENDONG,ALEXIS-LEBRUN
ALEXIS-LEBRUN,2814,2839,garcon,revers,1,att/att,serveur_point_pour,,intermediaire,,out,bloc,,,,ALEXIS-LEBRUN,FAN-ZHENDONG
ALEXIS-LEBRUN,3092,3127,garcon,coup_droit,1,att/att,ALEXIS-LEBRUN,lat_droit,,m1,,,22.41202583312988,45.24225222269694,2,ALEXIS-LEBRUN,FAN-ZHENDONG
FAN-ZHENDONG,3128,3160,garcon,coup_droit,1,att/att,serveur_point_pour,,defensif,,out,poussette,,,,FAN-ZHENDONG,ALEXIS-LEBRUN
ALEXIS-LEBRUN,3427,3446,garcon,coup_droit,1,att/att,ALEXIS-LEBRUN,lat_droit,,d2,,,29.417217636108397,47.73684336344401,2,ALEXIS-LEBRUN,FAN-ZHENDONG
FAN-ZHENDONG,3447,3462,garcon,coup_droit,1,att/att,FAN-ZHENDONG,,defensif,m2,,poussette,-20.30394878387451,-49.45304520924886,2,FAN-ZHENDONG,ALEXIS-LEBRUN
ALEXIS-LEBRUN,3463,3488,garcon,coup_droit,1,att/att,serveur_point_pour,,intermediaire,,out,flip,,,,ALEXIS-LEBRUN,FAN-ZHENDONG
FAN-ZHENDONG,3899,3929,garcon,coup_droit,1,att/att,FAN-ZHENDONG,lat_droit,,m2,,,7.1313926696777346,-63.16030082702637,2,FAN-ZHENDONG,ALEXIS-LEBRUN
ALEXIS-LEBRUN,3930,3944,garcon,revers,1,att/att,ALEXIS-LEBRUN,,intermediaire,m3,,flip,,,,ALEXIS-LEBRUN,FAN-ZHENDONG
FAN-ZHENDONG,3945,3955,garcon,revers,1,att/att,FAN-ZHENDONG,,offensif,m2,,topspin,14.157951354980469,-86.4560295422872,2,FAN-ZHENDONG,ALEXIS-LEBRUN
ALEXIS-LEBRUN,3956,3968,garcon,revers,1,att/att,ALEXIS-LEBRUN,,intermediaire,m2,,topspin,-6.380239486694336,79.31712443033854,2,ALEXIS-LEBRUN,FAN-ZHENDONG
FAN-ZHENDONG,3969,3980,garcon,coup_droit,1,att/att,FAN-ZHENDONG,,offensif,m2,,topspin,-5.2909198760986325,-74.28618532816569,2,FAN-ZHENDONG,ALEXIS-LEBRUN
ALEXIS-LEBRUN,3981,4007,garcon,revers,1,att/att,serveur_point_pour,,intermediaire,,out,bloc,,,,ALEXIS-LEBRUN,FAN-ZHENDONG
FAN-ZHENDONG,4451,4490,garcon,coup_droit,1,att/att,FAN-ZHENDONG,lat_droit,,m2,,,21.595177459716798,-49.37596842447917,2,FAN-ZHENDONG,ALEXIS-LEBRUN
ALEXIS-LEBRUN,4491,4502,garcon,coup_droit,1,att/att,ALEXIS-LEBRUN,,defensif,d2,,poussette,34.19338264465332,69.46329867045084,2,ALEXIS-LEBRUN,FAN-ZHENDONG
FAN-ZHENDONG,4503,4516,garcon,coup_droit,1,att/att,FAN-ZHENDONG,,defensif,g3,,poussette,30.24075584411621,-127.44716805617014,2,FAN-ZHENDONG,ALEXIS-LEBRUN
ALEXIS-LEBRUN,4517,4527,garcon,coup_droit,1,att/att,serveur_point_contre,,offensif,g3,pt_gagne,topspin,-64.57958984375,129.42978630065917,2,ALEXIS-LEBRUN,FAN-ZHENDONG
ALEXIS-LEBRUN,4977,5010,garcon,revers,1,att/att,ALEXIS-LEBRUN,lat_gauche,,d2,,,56.403263854980466,65.32693456013997,2,ALEXIS-LEBRUN,FAN-ZHENDONG
FAN-ZHENDONG,5011,5024,garcon,coup_droit,1,att/att,FAN-ZHENDONG,,defensif,g2,,poussette,57.360975646972655,-86.91233647664389,2,FAN-ZHENDONG,ALEXIS-LEBRUN
ALEXIS-LEBRUN,5025,5035,garcon,revers,1,att/att,ALEXIS-LEBRUN,,offensif,d2,,topspin,60.89974594116211,88.92519989013672,2,ALEXIS-LEBRUN,FAN-ZHENDONG
FAN-ZHENDONG,5036,5062,garcon,coup_droit,1,att/att,serveur_point_pour,,intermediaire,,out,bloc,,,,FAN-ZHENDONG,ALEXIS-LEBRUN
ALEXIS-LEBRUN,5362,5394,garcon,coup_droit,1,att/att,ALEXIS-LEBRUN,lat_gauche,,g3,,,-50.8435492515564,103.68258641560872,2,ALEXIS-LEBRUN,FAN-ZHENDONG
FAN-ZHENDONG,5395,5414,garcon,revers,1,att/att,serveur_point_pour,,intermediaire,,filet,topspin,,,,FAN-ZHENDONG,ALEXIS-LEBRUN
FAN-ZHENDONG,5871,5908,garcon,coup_droit,1,att/att,FAN-ZHENDONG,lat_droit,,g3,,,55.03114471435547,-107.30773868560792,2,FAN-ZHENDONG,ALEXIS-LEBRUN
ALEXIS-LEBRUN,5909,5915,garcon,revers,1,att/att,ALEXIS-LEBRUN,,offensif,m2,,topspin,-19.170800971984864,70.08026135762533,2,ALEXIS-LEBRUN,FAN-ZHENDONG
FAN-ZHENDONG,5916,5934,garcon,revers,1,att/att,serveur_point_pour,,intermediaire,,out,bloc,,,,FAN-ZHENDONG,ALEXIS-LEBRUN
FAN-ZHENDONG,6445,6491,garcon,coup_droit,1,att/att,FAN-ZHENDONG,lat_droit,,m2,,,-0.19961509704589844,-60.933549118041995,2,FAN-ZHENDONG,ALEXIS-LEBRUN
ALEXIS-LEBRUN,6492,6505,garcon,coup_droit,1,att/att,ALEXIS-LEBRUN,,defensif,m2,,poussette,3.5612533569335936,82.8357593536377,2,ALEXIS-LEBRUN,FAN-ZHENDONG
FAN-ZHENDONG,6506,6517,garcon,coup_droit,1,att/att,FAN-ZHENDONG,,defensif,d2,,poussette,-33.44369354248047,-53.313852628072105,2,FAN-ZHENDONG,ALEXIS-LEBRUN
ALEXIS-LEBRUN,6518,6533,garcon,coup_droit,1,att/att,ALEXIS-LEBRUN,,defensif,d1,,poussette,31.684607696533202,43.521843338012694,2,ALEXIS-LEBRUN,FAN-ZHENDONG
FAN-ZHENDONG,6534,6556,garcon,coup_droit,1,att/att,serveur_point_pour,,defensif,,out,poussette,,,,FAN-ZHENDONG,ALEXIS-LEBRUN
ALEXIS-LEBRUN,7127,7151,garcon,coup_droit,1,att/att,ALEXIS-LEBRUN,lat_droit,,g3,,,-31.96032600402832,98.91182174682618,2,ALEXIS-LEBRUN,FAN-ZHENDONG
FAN-ZHENDONG,7152,7163,garcon,revers,1,att/att,FAN-ZHENDONG,,offensif,m3,,topspin,18.59186210632324,-123.7444196542104,2,FAN-ZHENDONG,ALEXIS-LEBRUN
ALEXIS-LEBRUN,7164,7171,garcon,revers,1,att/att,ALEXIS-LEBRUN,,offensif,d3,,topspin,30.059572219848633,123.38192838033041,2,ALEXIS-LEBRUN,FAN-ZHENDONG
FAN-ZHENDONG,7172,7182,garcon,coup_droit,1,att/att,FAN-ZHENDONG,,intermediaire,g2,,bloc,72.2197868347168,-87.76119585037232,2,FAN-ZHENDONG,ALEXIS-LEBRUN
ALEXIS-LEBRUN,7183,7194,garcon,revers,1,att/att,ALEXIS-LEBRUN,,intermediaire,d2,,bloc,31.823804092407226,60.004655838012695,2,ALEXIS-LEBRUN,FAN-ZHENDONG
FAN-ZHENDONG,7195,7209,garcon,coup_droit,1,att/att,FAN-ZHENDONG,,offensif,m3,,topspin,14.096170043945312,-93.49509369532267,2,FAN-ZHENDONG,ALEXIS-LEBRUN
ALEXIS-LEBRUN,7210,7226,garcon,revers,1,att/att,ALEXIS-LEBRUN,,intermediaire,g3,,bloc,-53.608706855773924,103.94929351806641,2,ALEXIS-LEBRUN,FAN-ZHENDONG
FAN-ZHENDONG,7227,7255,garcon,revers,1,att/att,serveur_point_pour,,offensif,,out,topspin,,,,FAN-ZHENDONG,ALEXIS-LEBRUN
ALEXIS-LEBRUN,7574,7591,garcon,coup_droit,1,att/att,ALEXIS-LEBRUN,lat_droit,,m2,,,-4.028048706054688,63.404065195719404,2,ALEXIS-LEBRUN,FAN-ZHENDONG
FAN-ZHENDONG,7592,7607,garcon,coup_droit,1,att/att,FAN-ZHENDONG,,defensif,d2,,poussette,-38.92701320648193,-67.11999543507893,2,FAN-ZHENDONG,ALEXIS-LEBRUN
ALEXIS-LEBRUN,7608,7617,garcon,coup_droit,1,att/att,ALEXIS-LEBRUN,,offensif,m2,,topspin,15.709050750732422,90.27028516133626,2,ALEXIS-LEBRUN,FAN-ZHENDONG
FAN-ZHENDONG,7618,7633,garcon,coup_droit,1,att/att,FAN-ZHENDONG,,intermediaire,g2,,bloc,55.31911926269531,-71.07507362365723,2,FAN-ZHENDONG,ALEXIS-LEBRUN
ALEXIS-LEBRUN,7634,7645,garcon,revers,1,att/att,ALEXIS-LEBRUN,,intermediaire,m3,,bloc,-8.770713806152344,92.43596076965332,2,ALEXIS-LEBRUN,FAN-ZHENDONG
FAN-ZHENDONG,7646,7673,garcon,coup_droit,1,att/att,FAN-ZHENDONG,,intermediaire,m2,,bloc,-17.93242778778076,-71.14325726826986,2,FAN-ZHENDONG,ALEXIS-LEBRUN
ALEXIS-LEBRUN,7674,7693,garcon,coup_droit,1,att/att,serveur_point_contre,,intermediaire,m2,pt_gagne,topspin,-8.983969497680665,69.43955459594727,2,ALEXIS-LEBRUN,FAN-ZHENDONG
FAN-ZHENDONG,7858,7899,garcon,coup_droit,2,att/att,FAN-ZHENDONG,lat_gauche,,m2,,,10.745584869384766,71.01303939819336,2,FAN-ZHENDONG,ALEXIS-LEBRUN
ALEXIS-LEBRUN,7900,7912,garcon,coup_droit,2,att/att,ALEXIS-LEBRUN,,defensif,m3,,poussette,18.604031372070313,-122.34236624240876,2,ALEXIS-LEBRUN,FAN-ZHENDONG
FAN-ZHENDONG,7913,7923,garcon,revers,2,att/att,FAN-ZHENDONG,,offensif,m3,,topspin,1.5313850402832032,129.88548787434897,2,FAN-ZHENDONG,ALEXIS-LEBRUN
ALEXIS-LEBRUN,7924,7934,garcon,coup_droit,2,att/att,ALEXIS-LEBRUN,,offensif,d2,,topspin,-41.68626194000244,-73.3377114613851,2,ALEXIS-LEBRUN,FAN-ZHENDONG
FAN-ZHENDONG,7935,7959,garcon,coup_droit,2,att/att,serveur_point_pour,,intermediaire,,out,bloc,,,,FAN-ZHENDONG,ALEXIS-LEBRUN
FAN-ZHENDONG,8313,8337,garcon,coup_droit,2,att/att,FAN-ZHENDONG,lat_gauche,,g2,,,-43.06039600372314,61.12897173563639,2,FAN-ZHENDONG,ALEXIS-LEBRUN
ALEXIS-LEBRUN,8338,8345,garcon,revers,2,att/att,ALEXIS-LEBRUN,,intermediaire,d3,,flip,-58.48941049575806,-100.77284197807312,2,ALEXIS-LEBRUN,FAN-ZHENDONG
FAN-ZHENDONG,8346,8370,garcon,coup_droit,2,att/att,serveur_point_pour,,intermediaire,,filet,bloc,,,,FAN-ZHENDONG,ALEXIS-LEBRUN
ALEXIS-LEBRUN,8694,8712,garcon,coup_droit,2,att/att,ALEXIS-LEBRUN,lat_droit,,d1,,,-36.00955314636231,-43.09958031972249,2,ALEXIS-LEBRUN,FAN-ZHENDONG
FAN-ZHENDONG,8713,8725,garcon,coup_droit,2,att/att,FAN-ZHENDONG,,defensif,m2,,poussette,8.178985977172852,54.24456634521484,2,FAN-ZHENDONG,ALEXIS-LEBRUN
ALEXIS-LEBRUN,8726,8737,garcon,coup_droit,2,att/att,ALEXIS-LEBRUN,,defensif,d2,,poussette,-46.99880237579346,-60.2967009862264,2,ALEXIS-LEBRUN,FAN-ZHENDONG
FAN-ZHENDONG,8738,8750,garcon,coup_droit,2,att/att,FAN-ZHENDONG,,offensif,d3,,topspin,50.24610824584961,114.07686424255371,2,FAN-ZHENDONG,ALEXIS-LEBRUN
ALEXIS-LEBRUN,8751,8759,garcon,coup_droit,2,att/att,ALEXIS-LEBRUN,,offensif,m2,,topspin,-23.077947044372557,-68.6879405339559,2,ALEXIS-LEBRUN,FAN-ZHENDONG
FAN-ZHENDONG,8760,8767,garcon,coup_droit,2,att/att,FAN-ZHENDONG,,offensif,d3,,topspin,58.84693069458008,101.07882130940756,2,FAN-ZHENDONG,ALEXIS-LEBRUN
ALEXIS-LEBRUN,8768,8782,garcon,coup_droit,2,att/att,ALEXIS-LEBRUN,,intermediaire,g3,,bloc,41.67369766235352,-120.13115248680114,2,ALEXIS-LEBRUN,FAN-ZHENDONG
FAN-ZHENDONG,8783,8794,garcon,revers,2,att/att,FAN-ZHENDONG,,offensif,m2,,topspin,-16.739285278320313,55.413426335652666,2,FAN-ZHENDONG,ALEXIS-LEBRUN
ALEXIS-LEBRUN,8795,8807,garcon,revers,2,att/att,ALEXIS-LEBRUN,,offensif,d2,,topspin,-36.21350250244141,-63.91425793965657,2,ALEXIS-LEBRUN,FAN-ZHENDONG
FAN-ZHENDONG,8808,8840,garcon,coup_droit,2,att/att,serveur_point_pour,,offensif,,filet,topspin,,,,FAN-ZHENDONG,ALEXIS-LEBRUN
ALEXIS-LEBRUN,9147,9200,garcon,coup_droit,2,att/att,ALEXIS-LEBRUN,lat_droit,,g2,,,26.23998107910156,-53.20124683380127,2,ALEXIS-LEBRUN,FAN-ZHENDONG
FAN-ZHENDONG,9201,9213,garcon,revers,2,att/att,FAN-ZHENDONG,,offensif,g3,,flip,-29.22055606842041,108.94762153625489,2,FAN-ZHENDONG,ALEXIS-LEBRUN
ALEXIS-LEBRUN,9214,9220,garcon,revers,2,att/att,ALEXIS-LEBRUN,,offensif,m3,,topspin,-13.345147323608398,-127.2924657424291,2,ALEXIS-LEBRUN,FAN-ZHENDONG
FAN-ZHENDONG,9221,9251,garcon,coup_droit,2,att/att,serveur_point_pour,,intermediaire,,out,bloc,,,,FAN-ZHENDONG,ALEXIS-LEBRUN
FAN-ZHENDONG,9685,9724,garcon,coup_droit,2,att/att,FAN-ZHENDONG,lat_droit,,m2,,,0.9773754119873047,68.8130106608073,2,FAN-ZHENDONG,ALEXIS-LEBRUN
ALEXIS-LEBRUN,9725,9736,garcon,coup_droit,2,att/att,ALEXIS-LEBRUN,,defensif,m2,,poussette,7.207285690307617,-54.654486974080406,2,ALEXIS-LEBRUN,FAN-ZHENDONG
FAN-ZHENDONG,9737,9751,garcon,revers,2,att/att,FAN-ZHENDONG,,defensif,m3,,poussette,-21.420256042480467,105.2176939646403,2,FAN-ZHENDONG,ALEXIS-LEBRUN
ALEXIS-LEBRUN,9752,9762,garcon,revers,2,att/att,ALEXIS-LEBRUN,,offensif,g3,,topspin,34.88990097045898,-119.81908797423044,2,ALEXIS-LEBRUN,FAN-ZHENDONG
FAN-ZHENDONG,9763,9770,garcon,revers,2,att/att,serveur_point_contre,,offensif,g2,pt_gagne,topspin,-26.94941520690918,72.03699607849121,2,FAN-ZHENDONG,ALEXIS-LEBRUN
FAN-ZHENDONG,10242,10266,garcon,coup_droit,2,att/att,FAN-ZHENDONG,lat_droit,,d2,,,43.09284858703613,52.60681749979655,2,FAN-ZHENDONG,ALEXIS-LEBRUN
ALEXIS-LEBRUN,10267,10278,garcon,coup_droit,2,att/att,ALEXIS-LEBRUN,,intermediaire,g3,,flip,41.797006607055664,-105.12181180318197,2,ALEXIS-LEBRUN,FAN-ZHENDONG
FAN-ZHENDONG,10279,10301,garcon,revers,2,att/att,serveur_point_pour,,offensif,,out,topspin,,,,FAN-ZHENDONG,ALEXIS-LEBRUN
ALEXIS-LEBRUN,10737,10754,garcon,coup_droit,2,att/att,ALEXIS-LEBRUN,lat_droit,,m3,,,16.423007583618165,-100.22739241917928,2,ALEXIS-LEBRUN,FAN-ZHENDONG
FAN-ZHENDONG,10755,10763,garcon,revers,2,att/att,FAN-ZHENDONG,,offensif,m3,,topspin,6.1421161651611325,98.18592898050944,2,FAN-ZHENDONG,ALEXIS-LEBRUN
ALEXIS-LEBRUN,10764,10775,garcon,coup_droit,2,att/att,ALEXIS-LEBRUN,,offensif,g2,,topspin,55.18050994873047,-88.51381158828735,2,ALEXIS-LEBRUN,FAN-ZHENDONG
FAN-ZHENDONG,10776,10784,garcon,revers,2,att/att,FAN-ZHENDONG,,intermediaire,d2,,bloc,36.36698455810547,57.02217013041179,2,FAN-ZHENDONG,ALEXIS-LEBRUN
ALEXIS-LEBRUN,10785,10795,garcon,coup_droit,2,att/att,ALEXIS-LEBRUN,,offensif,d2,,topspin,-47.25513610839844,-85.88666388193766,2,ALEXIS-LEBRUN,FAN-ZHENDONG
FAN-ZHENDONG,10801,10822,garcon,coup_droit,2,att/att,serveur_point_pour,,intermediaire,,filet,bloc,,,,FAN-ZHENDONG,ALEXIS-LEBRUN
ALEXIS-LEBRUN,11136,11193,garcon,coup_droit,2,att/att,ALEXIS-LEBRUN,lat_droit,,d3,,,-31.163938522338867,-91.58766756057739,2,ALEXIS-LEBRUN,FAN-ZHENDONG
FAN-ZHENDONG,11194,11206,garcon,coup_droit,2,att/att,FAN-ZHENDONG,,offensif,d3,,topspin,65.53002471923828,135.95987714131672,2,FAN-ZHENDONG,ALEXIS-LEBRUN
ALEXIS-LEBRUN,11207,11228,garcon,coup_droit,2,att/att,ALEXIS-LEBRUN,,intermediaire,m3,,bloc,-21.05317039489746,-128.48672148386638,2,ALEXIS-LEBRUN,FAN-ZHENDONG
FAN-ZHENDONG,11229,11239,garcon,coup_droit,2,att/att,FAN-ZHENDONG,,offensif,g3,,topspin,-70.57903060913085,102.5134651184082,2,FAN-ZHENDONG,ALEXIS-LEBRUN
ALEXIS-LEBRUN,11240,11282,garcon,revers,2,att/att,serveur_point_pour,,intermediaire,,out,bloc,,,,ALEXIS-LEBRUN,FAN-ZHENDONG
FAN-ZHENDONG,12271,12300,garcon,coup_droit,2,att/att,FAN-ZHENDONG,lat_droit,,m2,,,-19.060541915893555,81.71112988789876,2,FAN-ZHENDONG,ALEXIS-LEBRUN
ALEXIS-LEBRUN,12301,12323,garcon,revers,2,att/att,serveur_point_pour,,offensif,,out,topspin,,,,ALEXIS-LEBRUN,FAN-ZHENDONG
FAN-ZHENDONG,12711,12761,garcon,coup_droit,2,att/att,FAN-ZHENDONG,lat_droit,,g2,,,-34.86189498901367,74.02738711039225,2,FAN-ZHENDONG,ALEXIS-LEBRUN
ALEXIS-LEBRUN,12762,12774,garcon,revers,2,att/att,ALEXIS-LEBRUN,,defensif,m3,,poussette,23.547362518310546,-95.13197587331136,2,ALEXIS-LEBRUN,FAN-ZHENDONG
FAN-ZHENDONG,12775,12785,garcon,revers,2,att/att,FAN-ZHENDONG,,offensif,m3,,topspin,-16.288308525085448,103.2485907236735,2,FAN-ZHENDONG,ALEXIS-LEBRUN
ALEXIS-LEBRUN,12786,12798,garcon,coup_droit,2,att/att,ALEXIS-LEBRUN,,intermediaire,d3,,topspin,-28.865215682983397,-126.74456207752227,2,ALEXIS-LEBRUN,FAN-ZHENDONG
FAN-ZHENDONG,12799,12807,garcon,coup_droit,2,att/att,FAN-ZHENDONG,,offensif,g2,,topspin,-34.934370613098146,66.63073336283365,2,FAN-ZHENDONG,ALEXIS-LEBRUN
ALEXIS-LEBRUN,12808,12832,garcon,revers,2,att/att,serveur_point_pour,,intermediaire,,filet,bloc,,,,ALEXIS-LEBRUN,FAN-ZHENDONG
ALEXIS-LEBRUN,13135,13171,garcon,coup_droit,2,att/att,ALEXIS-LEBRUN,lat_droit,,m2,,,-17.877437782287597,-65.31033722559611,2,ALEXIS-LEBRUN,FAN-ZHENDONG
FAN-ZHENDONG,13172,13185,garcon,revers,2,att/att,FAN-ZHENDONG,,intermediaire,g3,,flip,-37.11113986968994,117.18444620768229,2,FAN-ZHENDONG,ALEXIS-LEBRUN
ALEXIS-LEBRUN,13186,13203,garcon,revers,2,att/att,serveur_point_pour,,offensif,,out,topspin,,,,ALEXIS-LEBRUN,FAN-ZHENDONG
ALEXIS-LEBRUN,13508,13523,garcon,coup_droit,2,att/att,ALEXIS-LEBRUN,lat_droit,,g3,,,39.533639144897464,-106.80233874320984,2,ALEXIS-LEBRUN,FAN-ZHENDONG
FAN-ZHENDONG,13524,13532,garcon,revers,2,att/att,FAN-ZHENDONG,,offensif,m2,,topspin,-8.824007797241212,86.68886693318684,2,FAN-ZHENDONG,ALEXIS-LEBRUN
ALEXIS-LEBRUN,13533,13554,garcon,revers,2,att/att,serveur_point_pour,,offensif,,out,topspin,,,,ALEXIS-LEBRUN,FAN-ZHENDONG
FAN-ZHENDONG,13996,14016,garcon,coup_droit,2,att/att,FAN-ZHENDONG,lat_droit,,m2,,,-9.130696487426757,53.61706428527832,2,FAN-ZHENDONG,ALEXIS-LEBRUN
ALEXIS-LEBRUN,14017,14030,garcon,coup_droit,2,att/att,ALEXIS-LEBRUN,,defensif,m2,,poussette,-10.455479431152344,-89.24292278289795,2,ALEXIS-LEBRUN,FAN-ZHENDONG
FAN-ZHENDONG,14031,14043,garcon,coup_droit,2,att/att,FAN-ZHENDONG,,offensif,g3,,topspin,-56.219860553741455,120.84578946431478,2,FAN-ZHENDONG,ALEXIS-LEBRUN
ALEXIS-LEBRUN,14044,14057,garcon,revers,2,att/att,ALEXIS-LEBRUN,,intermediaire,m1,,bloc,-15.108661651611328,-43.290395228068036,2,ALEXIS-LEBRUN,FAN-ZHENDONG
FAN-ZHENDONG,14058,14067,garcon,coup_droit,2,att/att,serveur_point_contre,,offensif,d2,pt_gagne,topspin,56.53042144775391,81.32483139038087,2,FAN-ZHENDONG,ALEXIS-LEBRUN
FAN-ZHENDONG,14537,14562,garcon,coup_droit,2,att/att,FAN-ZHENDONG,lat_droit,,m2,,,-6.565380477905274,59.24198849995931,2,FAN-ZHENDONG,ALEXIS-LEBRUN
ALEXIS-LEBRUN,14563,14578,garcon,revers,2,att/att,ALEXIS-LEBRUN,,defensif,g2,,poussette,46.3978515625,-88.22398319244385,2,ALEXIS-LEBRUN,FAN-ZHENDONG
FAN-ZHENDONG,14579,14593,garcon,revers,2,att/att,FAN-ZHENDONG,,intermediaire,m3,,topspin,8.568982315063476,97.95185038248698,2,FAN-ZHENDONG,ALEXIS-LEBRUN
ALEXIS-LEBRUN,14594,14620,garcon,coup_droit,2,att/att,serveur_point_pour,,offensif,,filet,topspin,,,,ALEXIS-LEBRUN,FAN-ZHENDONG
ALEXIS-LEBRUN,14945,14962,garcon,revers,2,att/att,ALEXIS-LEBRUN,lat_gauche,,m2,,,-15.27216033935547,-60.72844072977702,2,ALEXIS-LEBRUN,FAN-ZHENDONG
FAN-ZHENDONG,14963,14974,garcon,revers,2,att/att,FAN-ZHENDONG,,intermediaire,m3,,flip,-18.867714500427248,102.05199737548828,2,FAN-ZHENDONG,ALEXIS-LEBRUN
ALEXIS-LEBRUN,14975,14984,garcon,revers,2,att/att,ALEXIS-LEBRUN,,offensif,g3,,topspin,43.81476364135742,-132.0349341551463,2,ALEXIS-LEBRUN,FAN-ZHENDONG
FAN-ZHENDONG,14985,14992,garcon,revers,2,att/att,FAN-ZHENDONG,,offensif,g2,,topspin,-26.87875156402588,79.36865412394205,2,FAN-ZHENDONG,ALEXIS-LEBRUN
ALEXIS-LEBRUN,14993,15000,garcon,revers,2,att/att,ALEXIS-LEBRUN,,offensif,g2,,topspin,25.931871795654295,-89.28508898417155,2,ALEXIS-LEBRUN,FAN-ZHENDONG
FAN-ZHENDONG,15001,15012,garcon,revers,2,att/att,FAN-ZHENDONG,,intermediaire,m3,,topspin,-8.757392120361327,93.87252082824708,2,FAN-ZHENDONG,ALEXIS-LEBRUN
ALEXIS-LEBRUN,15013,15022,garcon,coup_droit,2,att/att,ALEXIS-LEBRUN,,offensif,g2,,topspin,33.02890205383301,-69.18625253041586,2,ALEXIS-LEBRUN,FAN-ZHENDONG
FAN-ZHENDONG,15023,15044,garcon,revers,2,att/att,serveur_point_pour,,intermediaire,,filet,bloc,,,,FAN-ZHENDONG,ALEXIS-LEBRUN
ALEXIS-LEBRUN,15314,15362,garcon,coup_droit,2,att/att,ALEXIS-LEBRUN,lat_droit,,d2,,,-28.239114570617676,-61.78087984720866,2,ALEXIS-LEBRUN,FAN-ZHENDONG
FAN-ZHENDONG,15363,15380,garcon,revers,2,att/att,FAN-ZHENDONG,,defensif,d2,,poussette,69.16741027832032,60.582387669881186,2,FAN-ZHENDONG,ALEXIS-LEBRUN
ALEXIS-LEBRUN,15381,15418,garcon,coup_droit,2,att/att,serveur_point_pour,,offensif,,filet,flip,,,,ALEXIS-LEBRUN,FAN-ZHENDONG
FAN-ZHENDONG,15904,15926,garcon,coup_droit,2,att/att,FAN-ZHENDONG,lat_droit,,m2,,,-8.983969497680665,69.43955459594727,2,FAN-ZHENDONG,ALEXIS-LEBRUN
ALEXIS-LEBRUN,15927,15940,garcon,revers,2,att/att,ALEXIS-LEBRUN,,offensif,m3,,flip,23.511485290527343,-99.31110283533732,2,ALEXIS-LEBRUN,FAN-ZHENDONG
FAN-ZHENDONG,15941,15953,garcon,revers,2,att/att,serveur_point_pour,,intermediaire,,out,topspin,,,,FAN-ZHENDONG,ALEXIS-LEBRUN
FAN-ZHENDONG,16478,16515,garcon,coup_droit,2,att/att,FAN-ZHENDONG,lat_droit,,m2,,,15.451300048828125,60.90355110168457,2,FAN-ZHENDONG,ALEXIS-LEBRUN
ALEXIS-LEBRUN,16516,16528,garcon,coup_droit,2,att/att,ALEXIS-LEBRUN,,defensif,m2,,poussette,4.5905311584472654,-74.74695625305176,2,ALEXIS-LEBRUN,FAN-ZHENDONG
FAN-ZHENDONG,16529,16542,garcon,revers,2,att/att,FAN-ZHENDONG,,defensif,g3,,poussette,-29.234787368774413,107.4790252685547,2,FAN-ZHENDONG,ALEXIS-LEBRUN
ALEXIS-LEBRUN,16543,16566,garcon,revers,2,att/att,serveur_point_pour,,offensif,,out,topspin,,,,ALEXIS-LEBRUN,FAN-ZHENDONG
ALEXIS-LEBRUN,16994,17023,garcon,coup_droit,2,att/att,ALEXIS-LEBRUN,lat_droit,,d2,,,-66.58692345619201,-63.35849329630534,2,ALEXIS-LEBRUN,FAN-ZHENDONG
FAN-ZHENDONG,17024,17037,garcon,coup_droit,2,att/att,FAN-ZHENDONG,,defensif,g3,,poussette,-53.43985557556152,120.52878952026367,2,FAN-ZHENDONG,ALEXIS-LEBRUN
ALEXIS-LEBRUN,17038,17052,garcon,revers,2,att/att,ALEXIS-LEBRUN,,defensif,d2,,poussette,-36.3155424118042,-74.3281686147054,2,ALEXIS-LEBRUN,FAN-ZHENDONG
FAN-ZHENDONG,17053,17065,garcon,coup_droit,2,att/att,FAN-ZHENDONG,,offensif,d3,,topspin,45.95110397338867,129.43703320821126,2,FAN-ZHENDONG,ALEXIS-LEBRUN
ALEXIS-LEBRUN,17066,17090,garcon,coup_droit,2,att/att,serveur_point_pour,,intermediaire,,filet,topspin,,,,ALEXIS-LEBRUN,FAN-ZHENDONG
ALEXIS-LEBRUN,17193,17237,garcon,coup_droit,3,att/att,ALEXIS-LEBRUN,lat_droit,,d2,,,40.80648345947266,47.275445302327476,2,ALEXIS-LEBRUN,FAN-ZHENDONG
FAN-ZHENDONG,17238,17263,garcon,coup_droit,3,att/att,serveur_point_pour,,defensif,,out,poussette,,,,FAN-ZHENDONG,ALEXIS-LEBRUN
ALEXIS-LEBRUN,17486,17509,garcon,coup_droit,3,att/att,ALEXIS-LEBRUN,lat_gauche,,m1,,,20.011194229125977,39.75921758015951,2,ALEXIS-LEBRUN,FAN-ZHENDONG
FAN-ZHENDONG,17510,17536,garcon,revers,3,att/att,serveur_point_pour,,intermediaire,,filet,flip,,,,FAN-ZHENDONG,ALEXIS-LEBRUN
FAN-ZHENDONG,17849,17874,garcon,coup_droit,3,att/att,FAN-ZHENDONG,lat_droit,,g3,,,37.30367736816406,-103.00652049382528,2,FAN-ZHENDONG,ALEXIS-LEBRUN
ALEXIS-LEBRUN,17875,17883,garcon,revers,3,att/att,ALEXIS-LEBRUN,,offensif,g3,,topspin,-26.398815727233888,129.16626714070637,2,ALEXIS-LEBRUN,FAN-ZHENDONG
FAN-ZHENDONG,17884,17904,garcon,revers,3,att/att,serveur_point_pour,,intermediaire,,out,topspin,,,,FAN-ZHENDONG,ALEXIS-LEBRUN
FAN-ZHENDONG,18256,18280,garcon,coup_droit,3,att/att,FAN-ZHENDONG,lat_droit,,d2,,,-58.239697742462155,-76.38873357772827,2,FAN-ZHENDONG,ALEXIS-LEBRUN
ALEXIS-LEBRUN,18281,18293,garcon,coup_droit,3,att/att,ALEXIS-LEBRUN,,defensif,m2,,poussette,-6.446340560913086,72.14930572509766,2,ALEXIS-LEBRUN,FAN-ZHENDONG
FAN-ZHENDONG,18294,18307,garcon,coup_droit,3,att/att,FAN-ZHENDONG,,defensif,d2,,poussette,-36.169786643981936,-59.452497227986655,2,FAN-ZHENDONG,ALEXIS-LEBRUN
ALEXIS-LEBRUN,18308,18333,garcon,coup_droit,3,att/att,serveur_point_pour,,intermediaire,,filet,flip,,,,ALEXIS-LEBRUN,FAN-ZHENDONG
ALEXIS-LEBRUN,18587,18655,garcon,coup_droit,3,att/att,serveur_point_pour,lat_gauche,,,out,,,,,ALEXIS-LEBRUN,FAN-ZHENDONG
ALEXIS-LEBRUN,18915,18933,garcon,coup_droit,3,att/att,ALEXIS-LEBRUN,lat_droit,,g1,,,-57.02586240768433,42.14083709716797,2,ALEXIS-LEBRUN,FAN-ZHENDONG
FAN-ZHENDONG,18934,18951,garcon,revers,3,att/att,FAN-ZHENDONG,,intermediaire,g2,,topspin,44.15943145751953,-89.85006904602051,2,FAN-ZHENDONG,ALEXIS-LEBRUN
ALEXIS-LEBRUN,18952,18960,garcon,revers,3,att/att,ALEXIS-LEBRUN,,offensif,d3,,topspin,27.491465759277343,93.36727549235026,2,ALEXIS-LEBRUN,FAN-ZHENDONG
FAN-ZHENDONG,18961,18983,garcon,coup_droit,3,att/att,serveur_point_pour,,intermediaire,,out,bloc,,,,FAN-ZHENDONG,ALEXIS-LEBRUN
FAN-ZHENDONG,19788,19812,garcon,coup_droit,3,att/att,FAN-ZHENDONG,lat_droit,,m2,,,-5.21177978515625,-65.65804942448933,2,FAN-ZHENDONG,ALEXIS-LEBRUN
ALEXIS-LEBRUN,19813,19832,garcon,revers,3,att/att,ALEXIS-LEBRUN,,defensif,g3,,poussette,-28.964523124694825,135.36744244893393,2,ALEXIS-LEBRUN,FAN-ZHENDONG
FAN-ZHENDONG,19833,19857,garcon,revers,3,att/att,serveur_point_pour,,intermediaire,,out,topspin,,,,FAN-ZHENDONG,ALEXIS-LEBRUN
FAN-ZHENDONG,20287,20316,garcon,coup_droit,3,att/att,FAN-ZHENDONG,lat_droit,,m2,,,-10.281079864501953,-70.43640505472818,2,FAN-ZHENDONG,ALEXIS-LEBRUN
ALEXIS-LEBRUN,20317,20329,garcon,revers,3,att/att,ALEXIS-LEBRUN,,intermediaire,m2,,flip,-13.899635314941406,85.65928344726562,2,ALEXIS-LEBRUN,FAN-ZHENDONG
FAN-ZHENDONG,20330,20342,garcon,revers,3,att/att,FAN-ZHENDONG,,intermediaire,g2,,topspin,50.90421981811524,-76.90654341379802,2,FAN-ZHENDONG,ALEXIS-LEBRUN
ALEXIS-LEBRUN,20343,20362,garcon,revers,3,att/att,serveur_point_pour,,offensif,,filet,topspin,,,,ALEXIS-LEBRUN,FAN-ZHENDONG
ALEXIS-LEBRUN,20645,20696,garcon,coup_droit,3,att/att,ALEXIS-LEBRUN,lat_gauche,,d1,,,42.948035049438474,34.98031756083171,2,ALEXIS-LEBRUN,FAN-ZHENDONG
FAN-ZHENDONG,20697,20716,garcon,coup_droit,3,att/att,serveur_point_pour,,defensif,,filet,poussette,,,,FAN-ZHENDONG,ALEXIS-LEBRUN
ALEXIS-LEBRUN,20988,21026,garcon,coup_droit,3,att/att,ALEXIS-LEBRUN,lat_droit,,g3,,,-34.514313507080075,109.50052922566732,2,ALEXIS-LEBRUN,FAN-ZHENDONG
FAN-ZHENDONG,21027,21044,garcon,revers,3,att/att,serveur_point_pour,,offensif,,out,topspin,,,,FAN-ZHENDONG,ALEXIS-LEBRUN
FAN-ZHENDONG,21508,21533,garcon,coup_droit,3,att/att,FAN-ZHENDONG,lat_droit,,m2,,,-12.803654861450195,-69.22055775324503,2,FAN-ZHENDONG,ALEXIS-LEBRUN
ALEXIS-LEBRUN,21534,21546,garcon,coup_droit,3,att/att,ALEXIS-LEBRUN,,defensif,m2,,poussette,1.0934436798095704,81.60814018249512,2,ALEXIS-LEBRUN,FAN-ZHENDONG
FAN-ZHENDONG,21547,21567,garcon,coup_droit,3,att/att,FAN-ZHENDONG,,intermediaire,g3,,topspin,61.53160552978515,-103.71173518498739,2,FAN-ZHENDONG,ALEXIS-LEBRUN
ALEXIS-LEBRUN,21568,21576,garcon,revers,3,att/att,serveur_point_contre,,offensif,d3,pt_gagne,topspin,39.264770126342775,133.0791965484619,2,ALEXIS-LEBRUN,FAN-ZHENDONG
FAN-ZHENDONG,22091,22133,garcon,coup_droit,3,att/att,FAN-ZHENDONG,lat_droit,,m2,,,-12.817179489135743,-70.67069705327351,2,FAN-ZHENDONG,ALEXIS-LEBRUN
ALEXIS-LEBRUN,22134,22146,garcon,coup_droit,3,att/att,ALEXIS-LEBRUN,,defensif,g3,,poussette,-47.92850818634033,119.90034675598145,2,ALEXIS-LEBRUN,FAN-ZHENDONG
FAN-ZHENDONG,22147,22156,garcon,revers,3,att/att,FAN-ZHENDONG,,offensif,m3,,topspin,-18.372826194763185,-117.85617661476135,2,FAN-ZHENDONG,ALEXIS-LEBRUN
ALEXIS-LEBRUN,22158,22167,garcon,coup_droit,3,att/att,serveur_point_contre,,offensif,d2,pt_gagne,topspin,54.30681610107422,74.82111511230468,2,ALEXIS-LEBRUN,FAN-ZHENDONG
ALEXIS-LEBRUN,22709,22737,garcon,coup_droit,3,att/att,ALEXIS-LEBRUN,lat_droit,,d2,,,36.43542671203613,65.21664568583171,2,ALEXIS-LEBRUN,FAN-ZHENDONG
FAN-ZHENDONG,22738,22751,garcon,coup_droit,3,att/att,FAN-ZHENDONG,,defensif,d2,,poussette,-60.896046781539916,-61.38009624481201,2,FAN-ZHENDONG,ALEXIS-LEBRUN
ALEXIS-LEBRUN,22752,22766,garcon,coup_droit,3,att/att,ALEXIS-LEBRUN,,intermediaire,m3,,flip,18.47292366027832,134.62146390279133,2,ALEXIS-LEBRUN,FAN-ZHENDONG
FAN-ZHENDONG,22767,22777,garcon,coup_droit,3,att/att,FAN-ZHENDONG,,offensif,d2,,topspin,-44.312739562988284,-64.58459688822428,2,FAN-ZHENDONG,ALEXIS-LEBRUN
ALEXIS-LEBRUN,22778,22793,garcon,coup_droit,3,att/att,ALEXIS-LEBRUN,,intermediaire,m2,,bloc,-6.446340560913086,72.14930572509766,2,ALEXIS-LEBRUN,FAN-ZHENDONG
FAN-ZHENDONG,22794,22806,garcon,coup_droit,3,att/att,FAN-ZHENDONG,,offensif,g3,,topspin,46.320719146728514,-97.71770645777384,2,FAN-ZHENDONG,ALEXIS-LEBRUN
ALEXIS-LEBRUN,22807,22833,garcon,revers,3,att/att,ALEXIS-LEBRUN,,intermediaire,m3,,bloc,-10.891565322875977,135.84026832580565,2,ALEXIS-LEBRUN,FAN-ZHENDONG
FAN-ZHENDONG,22834,22846,garcon,coup_droit,3,att/att,FAN-ZHENDONG,,intermediaire,m1,,bloc,4.8838764190673825,-42.052184422810875,2,FAN-ZHENDONG,ALEXIS-LEBRUN
ALEXIS-LEBRUN,22847,22869,garcon,revers,3,att/att,ALEXIS-LEBRUN,,defensif,m3,,poussette,-13.764178848266601,100.10602849324545,2,ALEXIS-LEBRUN,FAN-ZHENDONG
FAN-ZHENDONG,22870,22891,garcon,coup_droit,3,att/att,serveur_point_pour,,offensif,,out,topspin,,,,FAN-ZHENDONG,ALEXIS-LEBRUN
ALEXIS-LEBRUN,23176,23177,garcon,coup_droit,3,att/att,ALEXIS-LEBRUN,lat_droit,,g2,,,-54.02364149093628,63.206883112589516,2,ALEXIS-LEBRUN,FAN-ZHENDONG
FAN-ZHENDONG,23178,23195,garcon,revers,3,att/att,FAN-ZHENDONG,,defensif,m2,,poussette,-15.353953170776368,-69.45207554499308,2,FAN-ZHENDONG,ALEXIS-LEBRUN
ALEXIS-LEBRUN,23196,23211,garcon,coup_droit,3,att/att,ALEXIS-LEBRUN,,defensif,m2,,poussette,17.937925338745117,73.32893155415853,2,ALEXIS-LEBRUN,FAN-ZHENDONG
FAN-ZHENDONG,23212,23226,garcon,coup_droit,3,att/att,FAN-ZHENDONG,,intermediaire,m3,,flip,-0.8749549865722657,-135.38109899361928,2,FAN-ZHENDONG,ALEXIS-LEBRUN
ALEXIS-LEBRUN,23227,23251,garcon,coup_droit,3,att/att,serveur_point_pour,,offensif,,filet,topspin,,,,ALEXIS-LEBRUN,FAN-ZHENDONG
FAN-ZHENDONG,23603,23629,garcon,coup_droit,3,att/att,FAN-ZHENDONG,lat_droit,,g3,,,50.53548889160156,-122.79085466066996,2,FAN-ZHENDONG,ALEXIS-LEBRUN
ALEXIS-LEBRUN,23630,23637,garcon,revers,3,att/att,ALEXIS-LEBRUN,,offensif,m2,,topspin,-24.25307846069336,80.64125289916993,2,ALEXIS-LEBRUN,FAN-ZHENDONG
FAN-ZHENDONG,23638,23648,garcon,revers,3,att/att,FAN-ZHENDONG,,intermediaire,m3,,bloc,18.762188339233397,-104.12289484341939,2,FAN-ZHENDONG,ALEXIS-LEBRUN
ALEXIS-LEBRUN,23649,23663,garcon,revers,3,att/att,serveur_point_pour,,offensif,,out,topspin,,,,ALEXIS-LEBRUN,FAN-ZHENDONG
FAN-ZHENDONG,24032,24061,garcon,coup_droit,3,att/att,FAN-ZHENDONG,lat_droit,,m2,,,-2.6528491973876953,-58.271887143452965,2,FAN-ZHENDONG,ALEXIS-LEBRUN
ALEXIS-LEBRUN,24062,24074,garcon,coup_droit,3,att/att,ALEXIS-LEBRUN,,defensif,m2,,poussette,-3.805146026611328,87.70693550109863,2,ALEXIS-LEBRUN,FAN-ZHENDONG
FAN-ZHENDONG,24075,24085,garcon,coup_droit,3,att/att,FAN-ZHENDONG,,defensif,d1,,poussette,-44.088637351989746,-42.088819630940755,2,FAN-ZHENDONG,ALEXIS-LEBRUN
ALEXIS-LEBRUN,24086,24104,garcon,coup_droit,3,att/att,ALEXIS-LEBRUN,,defensif,g3,,poussette,-26.582206344604494,110.13787384033203,2,ALEXIS-LEBRUN,FAN-ZHENDONG
FAN-ZHENDONG,24105,24129,garcon,revers,3,att/att,serveur_point_pour,,offensif,,out,topspin,,,,FAN-ZHENDONG,ALEXIS-LEBRUN
FAN-ZHENDONG,24239,24290,garcon,coup_droit,4,att/att,FAN-ZHENDONG,lat_droit,,m2,,,15.54952392578125,72.09498875935873,2,FAN-ZHENDONG,ALEXIS-LEBRUN
ALEXIS-LEBRUN,24291,24303,garcon,coup_droit,4,att/att,ALEXIS-LEBRUN,,offensif,m3,,topspin,-5.832412338256836,-133.3257043659687,2,ALEXIS-LEBRUN,FAN-ZHENDONG
FAN-ZHENDONG,24304,24314,garcon,coup_droit,4,att/att,serveur_point_contre,,offensif,d3,pt_gagne,topspin,52.37240295410156,105.78420702616374,2,FAN-ZHENDONG,ALEXIS-LEBRUN
FAN-ZHENDONG,24670,24695,garcon,coup_droit,4,att/att,FAN-ZHENDONG,lat_droit,,m2,,,-1.5312545776367188,64.69000803629557,2,FAN-ZHENDONG,ALEXIS-LEBRUN
ALEXIS-LEBRUN,24696,24709,garcon,coup_droit,4,att/att,ALEXIS-LEBRUN,,intermediaire,g3,,flip,30.450967407226564,-102.5556901137034,2,ALEXIS-LEBRUN,FAN-ZHENDONG
FAN-ZHENDONG,24710,24723,garcon,revers,4,att/att,FAN-ZHENDONG,,offensif,g3,,topspin,-73.10323050022126,136.6280559539795,2,FAN-ZHENDONG,ALEXIS-LEBRUN
ALEXIS-LEBRUN,24724,24737,garcon,revers,4,att/att,ALEXIS-LEBRUN,,intermediaire,m3,,bloc,-13.345147323608398,-127.2924657424291,2,ALEXIS-LEBRUN,FAN-ZHENDONG
FAN-ZHENDONG,24738,24748,garcon,coup_droit,4,att/att,FAN-ZHENDONG,,offensif,m2,,topspin,-16.41121883392334,90.21183954874674,2,FAN-ZHENDONG,ALEXIS-LEBRUN
ALEXIS-LEBRUN,24749,24766,garcon,revers,4,att/att,ALEXIS-LEBRUN,,intermediaire,d2,,bloc,-38.824143409729004,-56.67903079986572,2,ALEXIS-LEBRUN,FAN-ZHENDONG
FAN-ZHENDONG,24767,24778,garcon,coup_droit,4,att/att,serveur_point_contre,,offensif,d2,pt_gagne,topspin,45.30042152404785,49.79839693705241,2,FAN-ZHENDONG,ALEXIS-LEBRUN
ALEXIS-LEBRUN,25075,25131,garcon,coup_droit,4,att/att,ALEXIS-LEBRUN,lat_droit,,d2,,,-33.55929069519043,-65.17653074264527,2,ALEXIS-LEBRUN,FAN-ZHENDONG
FAN-ZHENDONG,25132,25143,garcon,coup_droit,4,att/att,FAN-ZHENDONG,,defensif,m2,,poussette,-1.5833019256591796,58.98439229329427,2,FAN-ZHENDONG,ALEXIS-LEBRUN
ALEXIS-LEBRUN,25144,25156,garcon,coup_droit,4,att/att,ALEXIS-LEBRUN,,defensif,d2,,poussette,-30.934487342834473,-67.9106922785441,2,ALEXIS-LEBRUN,FAN-ZHENDONG
FAN-ZHENDONG,25157,25167,garcon,revers,4,att/att,FAN-ZHENDONG,,offensif,g3,,flip,-45.406433296203616,98.66960779825847,2,FAN-ZHENDONG,ALEXIS-LEBRUN
ALEXIS-LEBRUN,25168,25178,garcon,revers,4,att/att,ALEXIS-LEBRUN,,intermediaire,m2,,bloc,-7.918821716308594,-87.51410853068033,2,ALEXIS-LEBRUN,FAN-ZHENDONG
FAN-ZHENDONG,25179,25187,garcon,revers,4,att/att,FAN-ZHENDONG,,offensif,g2,,topspin,-45.526255989074706,86.707785542806,2,FAN-ZHENDONG,ALEXIS-LEBRUN
ALEXIS-LEBRUN,25188,25200,garcon,revers,4,att/att,ALEXIS-LEBRUN,,offensif,g3,,topspin,32.83225860595703,-92.59991769790649,2,ALEXIS-LEBRUN,FAN-ZHENDONG
FAN-ZHENDONG,25201,25225,garcon,revers,4,att/att,serveur_point_pour,,intermediaire,,filet,topspin,,,,FAN-ZHENDONG,ALEXIS-LEBRUN
ALEXIS-LEBRUN,25505,25527,garcon,coup_droit,4,att/att,ALEXIS-LEBRUN,lat_gauche,,g3,,,55.10584182739258,-97.90899171829224,2,ALEXIS-LEBRUN,FAN-ZHENDONG
FAN-ZHENDONG,25528,25537,garcon,revers,4,att/att,FAN-ZHENDONG,,offensif,m2,,topspin,-16.493192863464355,81.51683959960937,2,FAN-ZHENDONG,ALEXIS-LEBRUN
ALEXIS-LEBRUN,25538,25557,garcon,revers,4,att/att,serveur_point_pour,,offensif,,filet,topspin,,,,ALEXIS-LEBRUN,FAN-ZHENDONG
FAN-ZHENDONG,25992,26017,garcon,coup_droit,4,att/att,FAN-ZHENDONG,lat_droit,,g2,,,-62.38075156211853,68.22538401285807,2,FAN-ZHENDONG,ALEXIS-LEBRUN
ALEXIS-LEBRUN,26018,26032,garcon,revers,4,att/att,ALEXIS-LEBRUN,,offensif,g3,,topspin,48.307244873046876,-125.85569881598154,2,ALEXIS-LEBRUN,FAN-ZHENDONG
FAN-ZHENDONG,26033,26040,garcon,coup_droit,4,att/att,FAN-ZHENDONG,,offensif,m3,,topspin,18.47292366027832,134.62146390279133,2,FAN-ZHENDONG,ALEXIS-LEBRUN
ALEXIS-LEBRUN,26041,26067,garcon,coup_droit,4,att/att,serveur_point_pour,,intermediaire,,filet,bloc,,,,ALEXIS-LEBRUN,FAN-ZHENDONG
FAN-ZHENDONG,26495,26517,garcon,coup_droit,4,att/att,FAN-ZHENDONG,lat_droit,,g3,,,-61.7977837562561,124.5253719329834,2,FAN-ZHENDONG,ALEXIS-LEBRUN
ALEXIS-LEBRUN,26518,26525,garcon,revers,4,att/att,ALEXIS-LEBRUN,,offensif,d2,,topspin,-49.95856494903565,-81.64483200709024,2,ALEXIS-LEBRUN,FAN-ZHENDONG
FAN-ZHENDONG,26526,26539,garcon,coup_droit,4,att/att,serveur_point_contre,,intermediaire,g3,pt_gagne,topspin,-53.50124187469483,114.50117416381836,2,FAN-ZHENDONG,ALEXIS-LEBRUN
ALEXIS-LEBRUN,26943,26962,garcon,coup_droit,4,att/att,ALEXIS-LEBRUN,lat_droit,,d1,,,-35.96586990356445,-38.641565004984535,2,ALEXIS-LEBRUN,FAN-ZHENDONG
FAN-ZHENDONG,26963,26977,garcon,coup_droit,4,att/att,FAN-ZHENDONG,,defensif,m2,,poussette,5.888496780395508,69.9191047668457,2,FAN-ZHENDONG,ALEXIS-LEBRUN
ALEXIS-LEBRUN,26978,26992,garcon,coup_droit,4,att/att,ALEXIS-LEBRUN,,intermediaire,d2,,flip,-38.92701320648193,-67.11999543507893,2,ALEXIS-LEBRUN,FAN-ZHENDONG
FAN-ZHENDONG,26993,27003,garcon,coup_droit,4,att/att,serveur_point_contre,,offensif,g2,pt_gagne,topspin,-32.060847473144534,88.5960578918457,2,FAN-ZHENDONG,ALEXIS-LEBRUN
ALEXIS-LEBRUN,27258,27292,garcon,coup_droit,4,att/att,ALEXIS-LEBRUN,lat_droit,,d2,,,-25.587939643859862,-58.627560488382976,2,ALEXIS-LEBRUN,FAN-ZHENDONG
FAN-ZHENDONG,27293,27307,garcon,revers,4,att/att,FAN-ZHENDONG,,intermediaire,g3,,flip,-31.90290069580078,104.80462023417155,2,FAN-ZHENDONG,ALEXIS-LEBRUN
ALEXIS-LEBRUN,27308,27332,garcon,revers,4,att/att,serveur_point_pour,,offensif,,out,topspin,,,,ALEXIS-LEBRUN,FAN-ZHENDONG
FAN-ZHENDONG,27645,27688,garcon,coup_droit,4,att/att,FAN-ZHENDONG,lat_droit,,g3,,,-53.43985557556152,120.52878952026367,2,FAN-ZHENDONG,ALEXIS-LEBRUN
ALEXIS-LEBRUN,27689,27703,garcon,revers,4,att/att,serveur_point_pour,,offensif,,out,topspin,,,,ALEXIS-LEBRUN,FAN-ZHENDONG
FAN-ZHENDONG,28120,28149,garcon,coup_droit,4,att/att,FAN-ZHENDONG,lat_droit,,d2,,,34.239363479614255,74.93838958740234,2,FAN-ZHENDONG,ALEXIS-LEBRUN
ALEXIS-LEBRUN,28150,28161,garcon,coup_droit,4,att/att,ALEXIS-LEBRUN,,defensif,m2,,poussette,4.781890869140625,-53.41937700907389,2,ALEXIS-LEBRUN,FAN-ZHENDONG
FAN-ZHENDONG,28162,28175,garcon,coup_droit,4,att/att,FAN-ZHENDONG,,defensif,m3,,poussette,13.568383407592773,118.49345372517904,2,FAN-ZHENDONG,ALEXIS-LEBRUN
ALEXIS-LEBRUN,28176,28185,garcon,coup_droit,4,att/att,serveur_point_contre,,offensif,g3,pt_gagne,topspin,41.80821189880371,-103.75777525901795,2,ALEXIS-LEBRUN,FAN-ZHENDONG
ALEXIS-LEBRUN,28482,28512,garcon,coup_droit,4,att/att,ALEXIS-LEBRUN,lat_droit,,m2,,,-2.6659244537353515,-59.7052853902181,2,ALEXIS-LEBRUN,FAN-ZHENDONG
FAN-ZHENDONG,28513,28525,garcon,revers,4,att/att,FAN-ZHENDONG,,offensif,d3,,flip,52.544410705566406,127.18864529927572,2,FAN-ZHENDONG,ALEXIS-LEBRUN
ALEXIS-LEBRUN,28526,28535,garcon,coup_droit,4,att/att,ALEXIS-LEBRUN,,offensif,g3,,topspin,48.580694580078124,-92.01649808883667,2,ALEXIS-LEBRUN,FAN-ZHENDONG
FAN-ZHENDONG,28536,28554,garcon,revers,4,att/att,serveur_point_pour,,intermediaire,,filet,bloc,,,,FAN-ZHENDONG,ALEXIS-LEBRUN
ALEXIS-LEBRUN,29020,29055,garcon,coup_droit,4,att/att,ALEXIS-LEBRUN,lat_gauche,,g2,,,48.61348419189453,-87.95890054702758,2,ALEXIS-LEBRUN,FAN-ZHENDONG
FAN-ZHENDONG,29056,29064,garcon,revers,4,att/att,FAN-ZHENDONG,,intermediaire,m3,,topspin,-3.4908397674560545,121.97616767883301,2,FAN-ZHENDONG,ALEXIS-LEBRUN
ALEXIS-LEBRUN,29065,29076,garcon,coup_droit,4,att/att,ALEXIS-LEBRUN,,offensif,g3,,topspin,39.63531303405762,-94.49543259938558,2,ALEXIS-LEBRUN,FAN-ZHENDONG
FAN-ZHENDONG,29077,29087,garcon,revers,4,att/att,FAN-ZHENDONG,,intermediaire,g3,,topspin,,,,FAN-ZHENDONG,ALEXIS-LEBRUN
ALEXIS-LEBRUN,29088,29108,garcon,revers,4,att/att,serveur_point_pour,,offensif,,filet,topspin,,,,ALEXIS-LEBRUN,FAN-ZHENDONG
FAN-ZHENDONG,29529,29555,garcon,coup_droit,4,att/att,FAN-ZHENDONG,lat_droit,,m2,,,-3.9755809783935545,69.12454058329264,2,FAN-ZHENDONG,ALEXIS-LEBRUN
ALEXIS-LEBRUN,29556,29566,garcon,revers,4,att/att,ALEXIS-LEBRUN,,offensif,g2,,flip,39.703059387207034,-86.29422403971354,2,ALEXIS-LEBRUN,FAN-ZHENDONG
FAN-ZHENDONG,29567,29588,garcon,revers,4,att/att,serveur_point_pour,,intermediaire,,out,topspin,,,,FAN-ZHENDONG,ALEXIS-LEBRUN
FAN-ZHENDONG,29911,29940,garcon,coup_droit,4,att/att,FAN-ZHENDONG,lat_droit,,d2,,,31.893369674682617,68.2419334411621,2,FAN-ZHENDONG,ALEXIS-LEBRUN
ALEXIS-LEBRUN,29941,29952,garcon,revers,4,att/att,ALEXIS-LEBRUN,,defensif,d1,,poussette,-57.88116645812988,-41.37861398061116,2,ALEXIS-LEBRUN,FAN-ZHENDONG
FAN-ZHENDONG,29953,29980,garcon,coup_droit,4,att/att,serveur_point_pour,,intermediaire,,filet,flip,,,,FAN-ZHENDONG,ALEXIS-LEBRUN
ALEXIS-LEBRUN,30379,30411,garcon,coup_droit,4,att/att,ALEXIS-LEBRUN,lat_gauche,,g3,,,67.76869125366211,-121.33156309127807,2,ALEXIS-LEBRUN,FAN-ZHENDONG
FAN-ZHENDONG,30412,30422,garcon,revers,4,att/att,FAN-ZHENDONG,,intermediaire,m3,,topspin,-16.192759132385255,113.38353029886882,2,FAN-ZHENDONG,ALEXIS-LEBRUN
ALEXIS-LEBRUN,30423,30444,garcon,coup_droit,4,att/att,serveur_point_pour,,offensif,,out,topspin,,,,ALEXIS-LEBRUN,FAN-ZHENDONG
ALEXIS-LEBRUN,30700,30740,garcon,coup_droit,4,att/att,ALEXIS-LEBRUN,lat_gauche,,d1,,,-49.57856531143189,-43.918219566345215,2,ALEXIS-LEBRUN,FAN-ZHENDONG
FAN-ZHENDONG,30741,30755,garcon,coup_droit,4,att/att,FAN-ZHENDONG,,defensif,m2,,poussette,5.7107994079589846,50.1130625406901,2,FAN-ZHENDONG,ALEXIS-LEBRUN
ALEXIS-LEBRUN,30756,30786,garcon,coup_droit,4,att/att,serveur_point_pour,,intermediaire,,filet,flip,,,,ALEXIS-LEBRUN,FAN-ZHENDONG
ALEXIS-LEBRUN,30928,30966,garcon,coup_droit,5,att/att,ALEXIS-LEBRUN,lat_droit,,d2,,,56.31844863891602,54.655898030598955,2,ALEXIS-LEBRUN,FAN-ZHENDONG
FAN-ZHENDONG,30967,30983,garcon,revers,5,att/att,FAN-ZHENDONG,,defensif,d2,,poussette,-38.7506929397583,-49.22390530904134,2,FAN-ZHENDONG,ALEXIS-LEBRUN
ALEXIS-LEBRUN,30984,30992,garcon,coup_droit,5,att/att,ALEXIS-LEBRUN,,offensif,d3,,flip,45.77486343383789,107.8655153910319,2,ALEXIS-LEBRUN,FAN-ZHENDONG
FAN-ZHENDONG,30993,31016,garcon,coup_droit,5,att/att,serveur_point_pour,,intermediaire,,out,topspin,,,,FAN-ZHENDONG,ALEXIS-LEBRUN
ALEXIS-LEBRUN,31456,31497,garcon,coup_droit,5,att/att,ALEXIS-LEBRUN,lat_droit,,d2,,,34.10138473510742,58.50947596232096,2,ALEXIS-LEBRUN,FAN-ZHENDONG
FAN-ZHENDONG,31498,31514,garcon,revers,5,att/att,FAN-ZHENDONG,,defensif,d2,,poussette,-25.55975971221924,-55.687493578592935,2,FAN-ZHENDONG,ALEXIS-LEBRUN
ALEXIS-LEBRUN,31515,31528,garcon,coup_droit,5,att/att,ALEXIS-LEBRUN,,defensif,d3,,poussette,50.094293212890626,95.28997065226237,2,ALEXIS-LEBRUN,FAN-ZHENDONG
FAN-ZHENDONG,31529,31538,garcon,coup_droit,5,att/att,serveur_point_contre,,offensif,d2,pt_gagne,topspin,-39.16230983734131,-91.00159568786621,2,FAN-ZHENDONG,ALEXIS-LEBRUN
FAN-ZHENDONG,31967,31995,garcon,coup_droit,5,att/att,FAN-ZHENDONG,lat_droit,,m2,,,-0.3293312072753906,-75.2330129623413,2,FAN-ZHENDONG,ALEXIS-LEBRUN
ALEXIS-LEBRUN,31996,32008,garcon,coup_droit,5,att/att,ALEXIS-LEBRUN,,defensif,g3,,poussette,-29.29172706604004,101.60376917521158,2,ALEXIS-LEBRUN,FAN-ZHENDONG
FAN-ZHENDONG,32009,32019,garcon,revers,5,att/att,FAN-ZHENDONG,,offensif,g3,,topspin,63.57604217529297,-115.37455282211303,2,FAN-ZHENDONG,ALEXIS-LEBRUN
ALEXIS-LEBRUN,32020,32050,garcon,revers,5,att/att,serveur_point_pour,,intermediaire,,out,bloc,,,,ALEXIS-LEBRUN,FAN-ZHENDONG
FAN-ZHENDONG,32555,32582,garcon,coup_droit,5,att/att,FAN-ZHENDONG,lat_droit,,m2,,,4.552240371704102,-79.01467491785685,2,FAN-ZHENDONG,ALEXIS-LEBRUN
ALEXIS-LEBRUN,32583,32594,garcon,coup_droit,5,att/att,serveur_point_contre,,offensif,g3,pt_gagne,topspin,-53.28645143508911,135.5913823445638,2,ALEXIS-LEBRUN,FAN-ZHENDONG
ALEXIS-LEBRUN,32978,33036,garcon,coup_droit,5,att/att,ALEXIS-LEBRUN,lat_droit,,d2,,,36.41261749267578,62.485449981689456,2,ALEXIS-LEBRUN,FAN-ZHENDONG
FAN-ZHENDONG,33037,33049,garcon,coup_droit,5,att/att,FAN-ZHENDONG,,defensif,g3,,poussette,46.29867095947266,-100.43086764017741,2,FAN-ZHENDONG,ALEXIS-LEBRUN
ALEXIS-LEBRUN,33050,33062,garcon,coup_droit,5,att/att,ALEXIS-LEBRUN,,offensif,g3,,topspin,-42.49594573974609,117.78987655639648,2,ALEXIS-LEBRUN,FAN-ZHENDONG
FAN-ZHENDONG,33063,33082,garcon,revers,5,att/att,serveur_point_pour,,intermediaire,,out,bloc,,,,FAN-ZHENDONG,ALEXIS-LEBRUN
ALEXIS-LEBRUN,33416,33478,garcon,coup_droit,5,att/att,serveur_point_pour,lat_gauche,,,out,,,,,ALEXIS-LEBRUN,FAN-ZHENDONG
FAN-ZHENDONG,34026,34056,garcon,coup_droit,5,att/att,FAN-ZHENDONG,lat_droit,,m2,,,-0.1477489471435547,-55.216078758239746,2,FAN-ZHENDONG,ALEXIS-LEBRUN
ALEXIS-LEBRUN,34057,34069,garcon,coup_droit,5,att/att,ALEXIS-LEBRUN,,defensif,m2,,poussette,1.1578994750976563,88.71368077596028,2,ALEXIS-LEBRUN,FAN-ZHENDONG
FAN-ZHENDONG,34070,34086,garcon,coup_droit,5,att/att,FAN-ZHENDONG,,offensif,g3,,topspin,35.09664077758789,-95.06756375630697,2,FAN-ZHENDONG,ALEXIS-LEBRUN
ALEXIS-LEBRUN,34087,34107,garcon,revers,5,att/att,serveur_point_pour,,offensif,,out,topspin,,,,ALEXIS-LEBRUN,FAN-ZHENDONG
FAN-ZHENDONG,34617,34678,garcon,coup_droit,5,att/att,FAN-ZHENDONG,lat_droit,,d2,,,-52.508721923828126,-60.726237042744955,2,FAN-ZHENDONG,ALEXIS-LEBRUN
ALEXIS-LEBRUN,34679,34692,garcon,coup_droit,5,att/att,ALEXIS-LEBRUN,,defensif,g3,,poussette,-45.271701622009275,112.1197462717692,2,ALEXIS-LEBRUN,FAN-ZHENDONG
FAN-ZHENDONG,34693,34702,garcon,revers,5,att/att,FAN-ZHENDONG,,offensif,g3,,topspin,41.70733528137207,-116.03679343859355,2,FAN-ZHENDONG,ALEXIS-LEBRUN
ALEXIS-LEBRUN,34703,34722,garcon,revers,5,att/att,serveur_point_pour,,offensif,,filet,topspin,,,,ALEXIS-LEBRUN,FAN-ZHENDONG
ALEXIS-LEBRUN,35227,35251,garcon,coup_droit,5,att/att,ALEXIS-LEBRUN,lat_droit,,g2,,,37.508597946166994,-78.33735907872519,2,ALEXIS-LEBRUN,FAN-ZHENDONG
FAN-ZHENDONG,35252,35263,garcon,revers,5,att/att,FAN-ZHENDONG,,intermediaire,m3,,flip,1.1965671539306642,92.97601216634115,2,FAN-ZHENDONG,ALEXIS-LEBRUN
ALEXIS-LEBRUN,35264,35278,garcon,coup_droit,5,att/att,ALEXIS-LEBRUN,,offensif,g3,,topspin,61.45867691040039,-113.03998158772787,2,ALEXIS-LEBRUN,FAN-ZHENDONG
FAN-ZHENDONG,35279,35288,garcon,revers,5,att/att,FAN-ZHENDONG,,intermediaire,m1,,topspin,12.91265640258789,44.192251968383786,2,FAN-ZHENDONG,ALEXIS-LEBRUN
ALEXIS-LEBRUN,35289,35315,garcon,coup_droit,5,att/att,ALEXIS-LEBRUN,,intermediaire,g2,,topspin,61.71899337768555,-79.74093786875407,2,ALEXIS-LEBRUN,FAN-ZHENDONG
FAN-ZHENDONG,35316,35329,garcon,coup_droit,5,att/att,FAN-ZHENDONG,,offensif,g3,,topspin,-53.4858943939209,116.00821736653646,2,FAN-ZHENDONG,ALEXIS-LEBRUN
ALEXIS-LEBRUN,35330,35351,garcon,revers,5,att/att,serveur_point_pour,,offensif,,out,topspin,,,,ALEXIS-LEBRUN,FAN-ZHENDONG
ALEXIS-LEBRUN,35786,35794,garcon,coup_droit,5,att/att,ALEXIS-LEBRUN,lat_gauche,,g2,,,61.698177337646484,-82.40321391423544,2,ALEXIS-LEBRUN,FAN-ZHENDONG
FAN-ZHENDONG,35795,35805,garcon,revers,5,att/att,FAN-ZHENDONG,,intermediaire,m3,,topspin,-11.079380798339844,115.69851659138997,2,FAN-ZHENDONG,ALEXIS-LEBRUN
ALEXIS-LEBRUN,35806,35824,garcon,revers,5,att/att,serveur_point_pour,,offensif,,filet,topspin,,,,ALEXIS-LEBRUN,FAN-ZHENDONG
FAN-ZHENDONG,36370,36398,garcon,coup_droit,5,att/att,FAN-ZHENDONG,lat_droit,,d2,,,40.941193389892575,63.58140538533529,2,FAN-ZHENDONG,ALEXIS-LEBRUN
ALEXIS-LEBRUN,36399,36410,garcon,coup_droit,5,att/att,ALEXIS-LEBRUN,,defensif,d1,,poussette,-55.11804552078247,-44.2524222056071,2,ALEXIS-LEBRUN,FAN-ZHENDONG
FAN-ZHENDONG,36411,36435,garcon,coup_droit,5,att/att,serveur_point_pour,,defensif,,filet,poussette,,,,FAN-ZHENDONG,ALEXIS-LEBRUN
FAN-ZHENDONG,36838,36869,garcon,coup_droit,5,att/att,FAN-ZHENDONG,lat_droit,,m2,,,-6.605070114135742,54.938057072957356,2,FAN-ZHENDONG,ALEXIS-LEBRUN
ALEXIS-LEBRUN,36870,36883,garcon,coup_droit,5,att/att,ALEXIS-LEBRUN,,defensif,m3,,poussette,-8.118538284301758,-109.16949710845947,2,ALEXIS-LEBRUN,FAN-ZHENDONG
FAN-ZHENDONG,36884,36895,garcon,coup_droit,5,att/att,FAN-ZHENDONG,,offensif,m3,,topspin,-13.466463088989258,131.85910301208497,2,FAN-ZHENDONG,ALEXIS-LEBRUN
ALEXIS-LEBRUN,36896,36908,garcon,revers,5,att/att,ALEXIS-LEBRUN,,intermediaire,m3,,bloc,20.992555999755858,-119.17978791395824,2,ALEXIS-LEBRUN,FAN-ZHENDONG
FAN-ZHENDONG,36909,36925,garcon,revers,5,att/att,serveur_point_pour,,offensif,,filet,topspin,,,,FAN-ZHENDONG,ALEXIS-LEBRUN
ALEXIS-LEBRUN,37411,37436,garcon,coup_droit,5,att/att,ALEXIS-LEBRUN,lat_droit,,m3,,,1.725238037109375,-120.67604785760244,2,ALEXIS-LEBRUN,FAN-ZHENDONG
FAN-ZHENDONG,37437,37457,garcon,revers,5,att/att,serveur_point_pour,,intermediaire,,filet,topspin,,,,FAN-ZHENDONG,ALEXIS-LEBRUN
ALEXIS-LEBRUN,37714,37741,garcon,coup_droit,5,att/att,ALEXIS-LEBRUN,lat_droit,,d2,,,-30.762541198730467,-50.16781501770019,2,ALEXIS-LEBRUN,FAN-ZHENDONG
FAN-ZHENDONG,37742,37755,garcon,revers,5,att/att,FAN-ZHENDONG,,intermediaire,g3,,flip,-56.436607933044435,99.68067334493001,2,FAN-ZHENDONG,ALEXIS-LEBRUN
ALEXIS-LEBRUN,37756,37762,garcon,revers,5,att/att,ALEXIS-LEBRUN,,offensif,g3,,topspin,59.40407867431641,-101.34210529327393,2,ALEXIS-LEBRUN,FAN-ZHENDONG
FAN-ZHENDONG,37763,37782,garcon,revers,5,att/att,serveur_point_pour,,intermediaire,,out,bloc,,,,FAN-ZHENDONG,ALEXIS-LEBRUN
FAN-ZHENDONG,38260,38288,garcon,coup_droit,5,att/att,FAN-ZHENDONG,lat_droit,,m2,,,17.877042770385742,66.35421854654948,2,FAN-ZHENDONG,ALEXIS-LEBRUN
ALEXIS-LEBRUN,38289,38301,garcon,coup_droit,5,att/att,ALEXIS-LEBRUN,,defensif,g3,,poussette,39.48844108581543,-112.27403702735901,2,ALEXIS-LEBRUN,FAN-ZHENDONG
FAN-ZHENDONG,38302,38311,garcon,revers,5,att/att,FAN-ZHENDONG,,offensif,g2,,topspin,-32.04648571014404,90.07000223795573,2,FAN-ZHENDONG,ALEXIS-LEBRUN
ALEXIS-LEBRUN,38312,38336,garcon,revers,5,att/att,serveur_point_pour,,intermediaire,,out,bloc,,,,ALEXIS-LEBRUN,FAN-ZHENDONG
FAN-ZHENDONG,38815,38846,garcon,coup_droit,5,att/att,FAN-ZHENDONG,lat_droit,,m2,,,3.3181724548339844,55.8920706431071,2,FAN-ZHENDONG,ALEXIS-LEBRUN
ALEXIS-LEBRUN,38847,38859,garcon,coup_droit,5,att/att,ALEXIS-LEBRUN,,defensif,d3,,poussette,-28.623116874694823,-101.62475210825602,2,ALEXIS-LEBRUN,FAN-ZHENDONG
FAN-ZHENDONG,38860,38886,garcon,coup_droit,5,att/att,serveur_point_pour,,offensif,,out,topspin,,,,FAN-ZHENDONG,ALEXIS-LEBRUN
ALEXIS-LEBRUN,39423,39481,garcon,coup_droit,5,att/att,ALEXIS-LEBRUN,lat_droit,,g1,,,37.81559104919434,-41.37965049743652,2,ALEXIS-LEBRUN,FAN-ZHENDONG
FAN-ZHENDONG,39482,39496,garcon,revers,5,att/att,FAN-ZHENDONG,,intermediaire,m3,,flip,-13.845442581176759,91.43900578816732,2,FAN-ZHENDONG,ALEXIS-LEBRUN
ALEXIS-LEBRUN,39497,39510,garcon,coup_droit,5,att/att,ALEXIS-LEBRUN,,offensif,m3,,topspin,11.670043182373046,-96.61014467875162,2,ALEXIS-LEBRUN,FAN-ZHENDONG
FAN-ZHENDONG,39511,39532,garcon,revers,5,att/att,serveur_point_pour,,offensif,,out,topspin,,,,FAN-ZHENDONG,ALEXIS-LEBRUN
ALEXIS-LEBRUN,40079,40101,garcon,coup_droit,5,att/att,ALEXIS-LEBRUN,lat_droit,,m3,,,16.12856788635254,-133.95999713540078,2,ALEXIS-LEBRUN,FAN-ZHENDONG
FAN-ZHENDONG,40102,40124,garcon,revers,5,att/att,serveur_point_pour,,intermediaire,,out,topspin,,,,FAN-ZHENDONG,ALEXIS-LEBRUN
FAN-ZHENDONG,40668,40733,garcon,coup_droit,5,att/att,FAN-ZHENDONG,lat_droit,,m2,,,8.292278289794922,66.94174067179362,2,FAN-ZHENDONG,ALEXIS-LEBRUN
ALEXIS-LEBRUN,40734,40747,garcon,coup_droit,5,att/att,ALEXIS-LEBRUN,,defensif,g3,,poussette,46.26559143066406,-104.50116686820984,2,ALEXIS-LEBRUN,FAN-ZHENDONG
FAN-ZHENDONG,40748,40758,garcon,revers,5,att/att,FAN-ZHENDONG,,offensif,g3,,topspin,-50.7065507888794,117.20881741841634,2,FAN-ZHENDONG,ALEXIS-LEBRUN
ALEXIS-LEBRUN,40759,40788,garcon,revers,5,att/att,serveur_point_pour,,intermediaire,,out,bloc,,,,ALEXIS-LEBRUN,FAN-ZHENDONG
FAN-ZHENDONG,41234,41270,garcon,coup_droit,5,att/att,FAN-ZHENDONG,lat_droit,,d2,,,47.61715545654297,61.834465154012044,2,FAN-ZHENDONG,ALEXIS-LEBRUN
ALEXIS-LEBRUN,41271,41284,garcon,coup_droit,5,att/att,ALEXIS-LEBRUN,,intermediaire,m3,,flip,-13.060702514648437,-96.78773746490478,2,ALEXIS-LEBRUN,FAN-ZHENDONG
FAN-ZHENDONG,41285,41297,garcon,coup_droit,5,att/att,FAN-ZHENDONG,,offensif,g3,,topspin,-64.73833026885987,114.18401743570963,2,FAN-ZHENDONG,ALEXIS-LEBRUN
ALEXIS-LEBRUN,41298,41312,garcon,revers,5,att/att,serveur_point_contre,,intermediaire,d2,pt_gagne,bloc,-75.4574881851673,-85.75448185602824,2,ALEXIS-LEBRUN,FAN-ZHENDONG
